15:47:59.658 debug: 9/22/2026, 3:47:59 PM
15:47:59.659 debug: Project: F:\CocosProject\PLY_Roomtopia_Cocos
15:47:59.659 debug: Targets: editor,preview
15:47:59.667 debug: Incremental file seems great.
15:47:59.668 debug: Engine path: C:\ProgramData\cocos\editors\Creator\3.8.8\resources\resources\3d\engine
15:47:59.689 debug: Initializing target [Editor]
15:47:59.689 debug: Loading cache
15:47:59.694 debug: Loading cache costs 5.175600000000486ms.
15:47:59.695 debug: Engine features shipped in editor: base,gfx-webgl,gfx-webgl2,gfx-empty,gfx-webgpu,3d,animation,skeletal-animation,2d,rich-text,mask,graphics,ui-skew,ui,affine-transform,sorting-2d,particle,particle-2d,physics-framework,physics-cannon,physics-physx,physics-ammo,physics-builtin,physics-2d-framework,physics-2d-box2d-jsb,physics-2d-box2d,physics-2d-builtin,physics-2d-box2d-wasm,intersection-2d,primitive,profiler,occlusion-query,geometry-renderer,debug-renderer,audio,video,xr,light-probe,terrain,webview,tween,tiled-map,vendor-google,spine-3.8,spine-4.2,dragon-bones,marionette,procedural-animation,custom-pipeline,custom-pipeline-builtin-scripts,custom-pipeline-post-process,legacy-pipeline,websocket,websocket-server,meshopt
15:47:59.695 debug: Our import map(foo:/bar): {
  "imports": {
    "cc": "cce:/internal/x/cc"
  }
}
15:47:59.695 debug: Initializing target [Preview]
15:47:59.696 debug: Loading cache
15:47:59.700 debug: Loading cache costs 4.819999999999709ms.
15:47:59.701 debug: Our import map(foo:/bar): {
  "imports": {
    "cc": "cce:/internal/x/cc"
  }
}
15:47:59.769 debug: Sync engine features: 2d,3d,animation,audio,base,custom-pipeline,custom-pipeline-post-process,gfx-webgl,gfx-webgl2,graphics,intersection-2d,light-probe,mask,particle,particle-2d,physics-ammo,primitive,profiler,skeletal-animation,spine-4.2,tiled-map,tween,ui,webview
15:47:59.772 debug: Reset databases. Enumerated domains: [
  {
    "root": "db://internal/",
    "physical": "C:\\ProgramData\\cocos\\editors\\Creator\\3.8.8\\resources\\resources\\3d\\engine\\editor\\assets"
  },
  {
    "root": "db://assets/",
    "physical": "F:\\CocosProject\\PLY_Roomtopia_Cocos\\assets"
  }
]
15:47:59.772 debug: Our import map(foo:/bar): {
  "imports": {
    "cc": "cce:/internal/x/cc",
    "db://internal/": "file:///C:/ProgramData/cocos/editors/Creator/3.8.8/resources/resources/3d/engine/editor/assets/",
    "db://assets/": "file:///F:/CocosProject/PLY_Roomtopia_Cocos/assets/"
  }
}
15:47:59.774 debug: Our import map(foo:/bar): {
  "imports": {
    "cc": "cce:/internal/x/cc",
    "db://internal/": "file:///C:/ProgramData/cocos/editors/Creator/3.8.8/resources/resources/3d/engine/editor/assets/",
    "db://assets/": "file:///F:/CocosProject/PLY_Roomtopia_Cocos/assets/"
  }
}
15:47:59.774 debug: Pulling asset-db.
15:47:59.787 debug: Fetch asset-db cost: 12.643799999999828ms.
15:47:59.790 debug: Build iteration starts.
Number of accumulated asset changes: 61
Feature changed: false
15:47:59.791 debug: Target(editor) build started.
15:47:59.800 debug: Detected change: cce:/internal/x/cc. Last mtime: Thu Jan 01 1970 07:00:05 GMT+0700 (Indochina Time), Current mtime: Thu Jan 01 1970 07:00:08 GMT+0700 (Indochina Time)
15:47:59.800 debug: Inspect cce:/internal/x/cc
15:47:59.881 debug: transform url: 'cce:/internal/x/cc' costs: 80.50 ms
15:47:59.882 debug: Resolve cce:/internal/x/cc-fu/base from cce:/internal/x/cc as external dependency cce:/internal/x/cc-fu/base.
15:47:59.883 debug: Resolve cce:/internal/x/cc-fu/gfx-webgl from cce:/internal/x/cc as external dependency cce:/internal/x/cc-fu/gfx-webgl.
15:47:59.883 debug: Resolve cce:/internal/x/cc-fu/gfx-webgl2 from cce:/internal/x/cc as external dependency cce:/internal/x/cc-fu/gfx-webgl2.
15:47:59.883 debug: Resolve cce:/internal/x/cc-fu/gfx-empty from cce:/internal/x/cc as external dependency cce:/internal/x/cc-fu/gfx-empty.
15:47:59.883 debug: Resolve cce:/internal/x/cc-fu/gfx-webgpu from cce:/internal/x/cc as external dependency cce:/internal/x/cc-fu/gfx-webgpu.
15:47:59.883 debug: Resolve cce:/internal/x/cc-fu/3d from cce:/internal/x/cc as external dependency cce:/internal/x/cc-fu/3d.
15:47:59.883 debug: Resolve cce:/internal/x/cc-fu/animation from cce:/internal/x/cc as external dependency cce:/internal/x/cc-fu/animation.
15:47:59.883 debug: Resolve cce:/internal/x/cc-fu/skeletal-animation from cce:/internal/x/cc as external dependency cce:/internal/x/cc-fu/skeletal-animation.
15:47:59.883 debug: Resolve cce:/internal/x/cc-fu/2d from cce:/internal/x/cc as external dependency cce:/internal/x/cc-fu/2d.
15:47:59.883 debug: Resolve cce:/internal/x/cc-fu/sorting from cce:/internal/x/cc as external dependency cce:/internal/x/cc-fu/sorting.
15:47:59.883 debug: Resolve cce:/internal/x/cc-fu/rich-text from cce:/internal/x/cc as external dependency cce:/internal/x/cc-fu/rich-text.
15:47:59.884 debug: Resolve cce:/internal/x/cc-fu/mask from cce:/internal/x/cc as external dependency cce:/internal/x/cc-fu/mask.
15:47:59.884 debug: Resolve cce:/internal/x/cc-fu/graphics from cce:/internal/x/cc as external dependency cce:/internal/x/cc-fu/graphics.
15:47:59.884 debug: Resolve cce:/internal/x/cc-fu/ui-skew from cce:/internal/x/cc as external dependency cce:/internal/x/cc-fu/ui-skew.
15:47:59.884 debug: Resolve cce:/internal/x/cc-fu/ui from cce:/internal/x/cc as external dependency cce:/internal/x/cc-fu/ui.
15:47:59.884 debug: Resolve cce:/internal/x/cc-fu/affine-transform from cce:/internal/x/cc as external dependency cce:/internal/x/cc-fu/affine-transform.
15:47:59.884 debug: Resolve cce:/internal/x/cc-fu/sorting-2d from cce:/internal/x/cc as external dependency cce:/internal/x/cc-fu/sorting-2d.
15:47:59.884 debug: Resolve cce:/internal/x/cc-fu/particle from cce:/internal/x/cc as external dependency cce:/internal/x/cc-fu/particle.
15:47:59.884 debug: Resolve cce:/internal/x/cc-fu/particle-2d from cce:/internal/x/cc as external dependency cce:/internal/x/cc-fu/particle-2d.
15:47:59.884 debug: Resolve cce:/internal/x/cc-fu/physics-framework from cce:/internal/x/cc as external dependency cce:/internal/x/cc-fu/physics-framework.
15:47:59.884 debug: Resolve cce:/internal/x/cc-fu/physics-cannon from cce:/internal/x/cc as external dependency cce:/internal/x/cc-fu/physics-cannon.
15:47:59.884 debug: Resolve cce:/internal/x/cc-fu/physics-physx from cce:/internal/x/cc as external dependency cce:/internal/x/cc-fu/physics-physx.
15:47:59.884 debug: Resolve cce:/internal/x/cc-fu/physics-ammo from cce:/internal/x/cc as external dependency cce:/internal/x/cc-fu/physics-ammo.
15:47:59.884 debug: Resolve cce:/internal/x/cc-fu/physics-builtin from cce:/internal/x/cc as external dependency cce:/internal/x/cc-fu/physics-builtin.
15:47:59.884 debug: Resolve cce:/internal/x/cc-fu/physics-2d-framework from cce:/internal/x/cc as external dependency cce:/internal/x/cc-fu/physics-2d-framework.
15:47:59.884 debug: Resolve cce:/internal/x/cc-fu/physics-2d-box2d-jsb from cce:/internal/x/cc as external dependency cce:/internal/x/cc-fu/physics-2d-box2d-jsb.
15:47:59.884 debug: Resolve cce:/internal/x/cc-fu/physics-2d-box2d from cce:/internal/x/cc as external dependency cce:/internal/x/cc-fu/physics-2d-box2d.
15:47:59.884 debug: Resolve cce:/internal/x/cc-fu/physics-2d-builtin from cce:/internal/x/cc as external dependency cce:/internal/x/cc-fu/physics-2d-builtin.
15:47:59.884 debug: Resolve cce:/internal/x/cc-fu/physics-2d-box2d-wasm from cce:/internal/x/cc as external dependency cce:/internal/x/cc-fu/physics-2d-box2d-wasm.
15:47:59.884 debug: Resolve cce:/internal/x/cc-fu/intersection-2d from cce:/internal/x/cc as external dependency cce:/internal/x/cc-fu/intersection-2d.
15:47:59.884 debug: Resolve cce:/internal/x/cc-fu/primitive from cce:/internal/x/cc as external dependency cce:/internal/x/cc-fu/primitive.
15:47:59.884 debug: Resolve cce:/internal/x/cc-fu/profiler from cce:/internal/x/cc as external dependency cce:/internal/x/cc-fu/profiler.
15:47:59.884 debug: Resolve cce:/internal/x/cc-fu/geometry-renderer from cce:/internal/x/cc as external dependency cce:/internal/x/cc-fu/geometry-renderer.
15:47:59.885 debug: Resolve cce:/internal/x/cc-fu/audio from cce:/internal/x/cc as external dependency cce:/internal/x/cc-fu/audio.
15:47:59.885 debug: Resolve cce:/internal/x/cc-fu/video from cce:/internal/x/cc as external dependency cce:/internal/x/cc-fu/video.
15:47:59.885 debug: Resolve cce:/internal/x/cc-fu/xr from cce:/internal/x/cc as external dependency cce:/internal/x/cc-fu/xr.
15:47:59.885 debug: Resolve cce:/internal/x/cc-fu/light-probe from cce:/internal/x/cc as external dependency cce:/internal/x/cc-fu/light-probe.
15:47:59.885 debug: Resolve cce:/internal/x/cc-fu/terrain from cce:/internal/x/cc as external dependency cce:/internal/x/cc-fu/terrain.
15:47:59.885 debug: Resolve cce:/internal/x/cc-fu/webview from cce:/internal/x/cc as external dependency cce:/internal/x/cc-fu/webview.
15:47:59.885 debug: Resolve cce:/internal/x/cc-fu/tween from cce:/internal/x/cc as external dependency cce:/internal/x/cc-fu/tween.
15:47:59.885 debug: Resolve cce:/internal/x/cc-fu/tiled-map from cce:/internal/x/cc as external dependency cce:/internal/x/cc-fu/tiled-map.
15:47:59.885 debug: Resolve cce:/internal/x/cc-fu/vendor-google from cce:/internal/x/cc as external dependency cce:/internal/x/cc-fu/vendor-google.
15:47:59.885 debug: Resolve cce:/internal/x/cc-fu/spine from cce:/internal/x/cc as external dependency cce:/internal/x/cc-fu/spine.
15:47:59.885 debug: Resolve cce:/internal/x/cc-fu/dragon-bones from cce:/internal/x/cc as external dependency cce:/internal/x/cc-fu/dragon-bones.
15:47:59.885 debug: Resolve cce:/internal/x/cc-fu/custom-pipeline from cce:/internal/x/cc as external dependency cce:/internal/x/cc-fu/custom-pipeline.
15:47:59.885 debug: Resolve cce:/internal/x/cc-fu/custom-pipeline-post-process from cce:/internal/x/cc as external dependency cce:/internal/x/cc-fu/custom-pipeline-post-process.
15:47:59.885 debug: Resolve cce:/internal/x/cc-fu/legacy-pipeline from cce:/internal/x/cc as external dependency cce:/internal/x/cc-fu/legacy-pipeline.
15:47:59.885 debug: Detected change: cce:/internal/x/prerequisite-imports. Last mtime: Thu Jan 01 1970 07:02:17 GMT+0700 (Indochina Time), Current mtime: Thu Jan 01 1970 07:00:09 GMT+0700 (Indochina Time)
15:47:59.885 debug: Inspect cce:/internal/x/prerequisite-imports
15:47:59.932 debug: transform url: 'cce:/internal/x/prerequisite-imports' costs: 46.70 ms
15:47:59.934 debug: Resolve file:///C:/ProgramData/cocos/editors/Creator/3.8.8/resources/resources/3d/engine/editor/assets/default_renderpipeline/builtin-dof-pass.ts from cce:/internal/x/prerequisite-imports as file:///C:/ProgramData/cocos/editors/Creator/3.8.8/resources/resources/3d/engine/editor/assets/default_renderpipeline/builtin-dof-pass.ts.
15:47:59.936 debug: Resolve file:///C:/ProgramData/cocos/editors/Creator/3.8.8/resources/resources/3d/engine/editor/assets/default_renderpipeline/builtin-pipeline-pass.ts from cce:/internal/x/prerequisite-imports as file:///C:/ProgramData/cocos/editors/Creator/3.8.8/resources/resources/3d/engine/editor/assets/default_renderpipeline/builtin-pipeline-pass.ts.
15:47:59.937 debug: Resolve file:///C:/ProgramData/cocos/editors/Creator/3.8.8/resources/resources/3d/engine/editor/assets/default_renderpipeline/builtin-pipeline-settings.ts from cce:/internal/x/prerequisite-imports as file:///C:/ProgramData/cocos/editors/Creator/3.8.8/resources/resources/3d/engine/editor/assets/default_renderpipeline/builtin-pipeline-settings.ts.
15:47:59.939 debug: Resolve file:///C:/ProgramData/cocos/editors/Creator/3.8.8/resources/resources/3d/engine/editor/assets/default_renderpipeline/builtin-pipeline-types.ts from cce:/internal/x/prerequisite-imports as file:///C:/ProgramData/cocos/editors/Creator/3.8.8/resources/resources/3d/engine/editor/assets/default_renderpipeline/builtin-pipeline-types.ts.
15:47:59.940 debug: Resolve file:///C:/ProgramData/cocos/editors/Creator/3.8.8/resources/resources/3d/engine/editor/assets/default_renderpipeline/builtin-pipeline.ts from cce:/internal/x/prerequisite-imports as file:///C:/ProgramData/cocos/editors/Creator/3.8.8/resources/resources/3d/engine/editor/assets/default_renderpipeline/builtin-pipeline.ts.
15:47:59.941 debug: Resolve file:///C:/ProgramData/cocos/editors/Creator/3.8.8/resources/resources/3d/engine/editor/assets/tools/debug-view-runtime-control.ts from cce:/internal/x/prerequisite-imports as file:///C:/ProgramData/cocos/editors/Creator/3.8.8/resources/resources/3d/engine/editor/assets/tools/debug-view-runtime-control.ts.
15:47:59.942 debug: Resolve file:///F:/CocosProject/PLY_Roomtopia_Cocos/assets/7.Scripts/Gameplay/Data.ts from cce:/internal/x/prerequisite-imports as file:///F:/CocosProject/PLY_Roomtopia_Cocos/assets/7.Scripts/Gameplay/Data.ts.
15:47:59.943 debug: Resolve file:///F:/CocosProject/PLY_Roomtopia_Cocos/assets/7.Scripts/Manager/AssetsManagerCustom.ts from cce:/internal/x/prerequisite-imports as file:///F:/CocosProject/PLY_Roomtopia_Cocos/assets/7.Scripts/Manager/AssetsManagerCustom.ts.
15:47:59.943 debug: Resolve file:///F:/CocosProject/PLY_Roomtopia_Cocos/assets/7.Scripts/Manager/Clock.ts from cce:/internal/x/prerequisite-imports as file:///F:/CocosProject/PLY_Roomtopia_Cocos/assets/7.Scripts/Manager/Clock.ts.
15:47:59.944 debug: Resolve file:///F:/CocosProject/PLY_Roomtopia_Cocos/assets/7.Scripts/Manager/InputManager.ts from cce:/internal/x/prerequisite-imports as file:///F:/CocosProject/PLY_Roomtopia_Cocos/assets/7.Scripts/Manager/InputManager.ts.
15:47:59.944 debug: Resolve file:///F:/CocosProject/PLY_Roomtopia_Cocos/assets/7.Scripts/Manager/Joystick.ts from cce:/internal/x/prerequisite-imports as file:///F:/CocosProject/PLY_Roomtopia_Cocos/assets/7.Scripts/Manager/Joystick.ts.
15:47:59.944 debug: Resolve file:///F:/CocosProject/PLY_Roomtopia_Cocos/assets/7.Scripts/Manager/MainCamera.ts from cce:/internal/x/prerequisite-imports as file:///F:/CocosProject/PLY_Roomtopia_Cocos/assets/7.Scripts/Manager/MainCamera.ts.
15:47:59.945 debug: Resolve file:///F:/CocosProject/PLY_Roomtopia_Cocos/assets/7.Scripts/Manager/PointerController.ts from cce:/internal/x/prerequisite-imports as file:///F:/CocosProject/PLY_Roomtopia_Cocos/assets/7.Scripts/Manager/PointerController.ts.
15:47:59.945 debug: Resolve file:///F:/CocosProject/PLY_Roomtopia_Cocos/assets/7.Scripts/Manager/SoundManager.ts from cce:/internal/x/prerequisite-imports as file:///F:/CocosProject/PLY_Roomtopia_Cocos/assets/7.Scripts/Manager/SoundManager.ts.
15:47:59.946 debug: Resolve file:///F:/CocosProject/PLY_Roomtopia_Cocos/assets/7.Scripts/Manager/UI.ts from cce:/internal/x/prerequisite-imports as file:///F:/CocosProject/PLY_Roomtopia_Cocos/assets/7.Scripts/Manager/UI.ts.
15:47:59.946 debug: Resolve file:///F:/CocosProject/PLY_Roomtopia_Cocos/assets/7.Scripts/Manager/VFX.ts from cce:/internal/x/prerequisite-imports as file:///F:/CocosProject/PLY_Roomtopia_Cocos/assets/7.Scripts/Manager/VFX.ts.
15:47:59.946 debug: Resolve file:///F:/CocosProject/PLY_Roomtopia_Cocos/assets/7.Scripts/Manager/World.ts from cce:/internal/x/prerequisite-imports as file:///F:/CocosProject/PLY_Roomtopia_Cocos/assets/7.Scripts/Manager/World.ts.
15:47:59.947 debug: Resolve file:///F:/CocosProject/PLY_Roomtopia_Cocos/assets/7.Scripts/MatchAsset/MatchSprite.ts from cce:/internal/x/prerequisite-imports as file:///F:/CocosProject/PLY_Roomtopia_Cocos/assets/7.Scripts/MatchAsset/MatchSprite.ts.
15:47:59.947 debug: Resolve file:///F:/CocosProject/PLY_Roomtopia_Cocos/assets/7.Scripts/MatchAsset/NodeOrder.ts from cce:/internal/x/prerequisite-imports as file:///F:/CocosProject/PLY_Roomtopia_Cocos/assets/7.Scripts/MatchAsset/NodeOrder.ts.
15:47:59.948 debug: Resolve file:///F:/CocosProject/PLY_Roomtopia_Cocos/assets/7.Scripts/MatchAsset/ReadImagePixel.ts from cce:/internal/x/prerequisite-imports as file:///F:/CocosProject/PLY_Roomtopia_Cocos/assets/7.Scripts/MatchAsset/ReadImagePixel.ts.
15:47:59.948 debug: Resolve file:///F:/CocosProject/PLY_Roomtopia_Cocos/assets/7.Scripts/MatchAsset/SpriteSizeSetter.ts from cce:/internal/x/prerequisite-imports as file:///F:/CocosProject/PLY_Roomtopia_Cocos/assets/7.Scripts/MatchAsset/SpriteSizeSetter.ts.
15:47:59.949 debug: Resolve file:///F:/CocosProject/PLY_Roomtopia_Cocos/assets/7.Scripts/MatchAsset/Ulis.ts from cce:/internal/x/prerequisite-imports as file:///F:/CocosProject/PLY_Roomtopia_Cocos/assets/7.Scripts/MatchAsset/Ulis.ts.
15:47:59.949 debug: Resolve file:///F:/CocosProject/PLY_Roomtopia_Cocos/assets/7.Scripts/Misc/AStar.ts from cce:/internal/x/prerequisite-imports as file:///F:/CocosProject/PLY_Roomtopia_Cocos/assets/7.Scripts/Misc/AStar.ts.
15:47:59.949 debug: Resolve file:///F:/CocosProject/PLY_Roomtopia_Cocos/assets/7.Scripts/Misc/Black.ts from cce:/internal/x/prerequisite-imports as file:///F:/CocosProject/PLY_Roomtopia_Cocos/assets/7.Scripts/Misc/Black.ts.
15:47:59.950 debug: Resolve file:///F:/CocosProject/PLY_Roomtopia_Cocos/assets/7.Scripts/Misc/Cloud.ts from cce:/internal/x/prerequisite-imports as file:///F:/CocosProject/PLY_Roomtopia_Cocos/assets/7.Scripts/Misc/Cloud.ts.
15:47:59.951 debug: Resolve file:///F:/CocosProject/PLY_Roomtopia_Cocos/assets/7.Scripts/Misc/IQ.ts from cce:/internal/x/prerequisite-imports as file:///F:/CocosProject/PLY_Roomtopia_Cocos/assets/7.Scripts/Misc/IQ.ts.
15:47:59.951 debug: Resolve file:///F:/CocosProject/PLY_Roomtopia_Cocos/assets/7.Scripts/Misc/Mats.ts from cce:/internal/x/prerequisite-imports as file:///F:/CocosProject/PLY_Roomtopia_Cocos/assets/7.Scripts/Misc/Mats.ts.
15:47:59.952 debug: Resolve file:///F:/CocosProject/PLY_Roomtopia_Cocos/assets/7.Scripts/Misc/MeshLoader.ts from cce:/internal/x/prerequisite-imports as file:///F:/CocosProject/PLY_Roomtopia_Cocos/assets/7.Scripts/Misc/MeshLoader.ts.
15:47:59.953 debug: Resolve file:///F:/CocosProject/PLY_Roomtopia_Cocos/assets/7.Scripts/Misc/SkinManager.ts from cce:/internal/x/prerequisite-imports as file:///F:/CocosProject/PLY_Roomtopia_Cocos/assets/7.Scripts/Misc/SkinManager.ts.
15:47:59.953 debug: Resolve file:///F:/CocosProject/PLY_Roomtopia_Cocos/assets/7.Scripts/Misc/SplineLineRenderer.ts from cce:/internal/x/prerequisite-imports as file:///F:/CocosProject/PLY_Roomtopia_Cocos/assets/7.Scripts/Misc/SplineLineRenderer.ts.
15:47:59.954 debug: Resolve file:///F:/CocosProject/PLY_Roomtopia_Cocos/assets/7.Scripts/Misc/Tool.ts from cce:/internal/x/prerequisite-imports as file:///F:/CocosProject/PLY_Roomtopia_Cocos/assets/7.Scripts/Misc/Tool.ts.
15:47:59.955 debug: Resolve file:///F:/CocosProject/PLY_Roomtopia_Cocos/assets/7.Scripts/Misc/Tooth.ts from cce:/internal/x/prerequisite-imports as file:///F:/CocosProject/PLY_Roomtopia_Cocos/assets/7.Scripts/Misc/Tooth.ts.
15:47:59.955 debug: Resolve file:///F:/CocosProject/PLY_Roomtopia_Cocos/assets/7.Scripts/Misc/Ulis.ts from cce:/internal/x/prerequisite-imports as file:///F:/CocosProject/PLY_Roomtopia_Cocos/assets/7.Scripts/Misc/Ulis.ts.
15:47:59.956 debug: Resolve file:///F:/CocosProject/PLY_Roomtopia_Cocos/assets/7.Scripts/MyScript/Config/TrayConfig.ts from cce:/internal/x/prerequisite-imports as file:///F:/CocosProject/PLY_Roomtopia_Cocos/assets/7.Scripts/MyScript/Config/TrayConfig.ts.
15:47:59.956 debug: Resolve file:///F:/CocosProject/PLY_Roomtopia_Cocos/assets/7.Scripts/MyScript/Item/BottomBar.ts from cce:/internal/x/prerequisite-imports as file:///F:/CocosProject/PLY_Roomtopia_Cocos/assets/7.Scripts/MyScript/Item/BottomBar.ts.
15:47:59.957 debug: Resolve file:///F:/CocosProject/PLY_Roomtopia_Cocos/assets/7.Scripts/MyScript/Item/BoxBg.ts from cce:/internal/x/prerequisite-imports as file:///F:/CocosProject/PLY_Roomtopia_Cocos/assets/7.Scripts/MyScript/Item/BoxBg.ts.
15:47:59.958 debug: Resolve file:///F:/CocosProject/PLY_Roomtopia_Cocos/assets/7.Scripts/MyScript/Item/FitInBox.ts from cce:/internal/x/prerequisite-imports as file:///F:/CocosProject/PLY_Roomtopia_Cocos/assets/7.Scripts/MyScript/Item/FitInBox.ts.
15:47:59.958 debug: Resolve file:///F:/CocosProject/PLY_Roomtopia_Cocos/assets/7.Scripts/MyScript/Item/ItemController.ts from cce:/internal/x/prerequisite-imports as file:///F:/CocosProject/PLY_Roomtopia_Cocos/assets/7.Scripts/MyScript/Item/ItemController.ts.
15:47:59.959 debug: Resolve file:///F:/CocosProject/PLY_Roomtopia_Cocos/assets/7.Scripts/MyScript/Item/ItemGraphic.ts from cce:/internal/x/prerequisite-imports as file:///F:/CocosProject/PLY_Roomtopia_Cocos/assets/7.Scripts/MyScript/Item/ItemGraphic.ts.
15:47:59.959 debug: Resolve file:///F:/CocosProject/PLY_Roomtopia_Cocos/assets/7.Scripts/MyScript/Item/ItemMovement.ts from cce:/internal/x/prerequisite-imports as file:///F:/CocosProject/PLY_Roomtopia_Cocos/assets/7.Scripts/MyScript/Item/ItemMovement.ts.
15:47:59.960 debug: Resolve file:///F:/CocosProject/PLY_Roomtopia_Cocos/assets/7.Scripts/MyScript/Item/QuadImage.ts from cce:/internal/x/prerequisite-imports as file:///F:/CocosProject/PLY_Roomtopia_Cocos/assets/7.Scripts/MyScript/Item/QuadImage.ts.
15:47:59.960 debug: Resolve file:///F:/CocosProject/PLY_Roomtopia_Cocos/assets/7.Scripts/MyScript/Manager/GameManager.ts from cce:/internal/x/prerequisite-imports as file:///F:/CocosProject/PLY_Roomtopia_Cocos/assets/7.Scripts/MyScript/Manager/GameManager.ts.
15:47:59.961 debug: Resolve file:///F:/CocosProject/PLY_Roomtopia_Cocos/assets/7.Scripts/MyScript/Manager/HandHintManager.ts from cce:/internal/x/prerequisite-imports as file:///F:/CocosProject/PLY_Roomtopia_Cocos/assets/7.Scripts/MyScript/Manager/HandHintManager.ts.
15:47:59.961 debug: Resolve file:///F:/CocosProject/PLY_Roomtopia_Cocos/assets/7.Scripts/MyScript/Manager/ItemManager.ts from cce:/internal/x/prerequisite-imports as file:///F:/CocosProject/PLY_Roomtopia_Cocos/assets/7.Scripts/MyScript/Manager/ItemManager.ts.
15:47:59.963 debug: Resolve file:///F:/CocosProject/PLY_Roomtopia_Cocos/assets/7.Scripts/MyScript/Manager/ModelRotate.ts from cce:/internal/x/prerequisite-imports as file:///F:/CocosProject/PLY_Roomtopia_Cocos/assets/7.Scripts/MyScript/Manager/ModelRotate.ts.
15:47:59.964 debug: Resolve file:///F:/CocosProject/PLY_Roomtopia_Cocos/assets/7.Scripts/MyScript/ScriptTemplate/ComponentCache.ts from cce:/internal/x/prerequisite-imports as file:///F:/CocosProject/PLY_Roomtopia_Cocos/assets/7.Scripts/MyScript/ScriptTemplate/ComponentCache.ts.
15:47:59.965 debug: Resolve file:///F:/CocosProject/PLY_Roomtopia_Cocos/assets/7.Scripts/MyScript/ScriptTemplate/Ply_GameUnit.ts from cce:/internal/x/prerequisite-imports as file:///F:/CocosProject/PLY_Roomtopia_Cocos/assets/7.Scripts/MyScript/ScriptTemplate/Ply_GameUnit.ts.
15:47:59.965 debug: Resolve file:///F:/CocosProject/PLY_Roomtopia_Cocos/assets/7.Scripts/MyScript/ScriptTemplate/Ply_Pool.ts from cce:/internal/x/prerequisite-imports as file:///F:/CocosProject/PLY_Roomtopia_Cocos/assets/7.Scripts/MyScript/ScriptTemplate/Ply_Pool.ts.
15:47:59.966 debug: Resolve file:///F:/CocosProject/PLY_Roomtopia_Cocos/assets/7.Scripts/MyScript/ScriptTemplate/Ply_Singleton.ts from cce:/internal/x/prerequisite-imports as file:///F:/CocosProject/PLY_Roomtopia_Cocos/assets/7.Scripts/MyScript/ScriptTemplate/Ply_Singleton.ts.
15:47:59.966 debug: Resolve file:///F:/CocosProject/PLY_Roomtopia_Cocos/assets/7.Scripts/MyScript/ScriptTemplate/Ply_SoundManager.ts from cce:/internal/x/prerequisite-imports as file:///F:/CocosProject/PLY_Roomtopia_Cocos/assets/7.Scripts/MyScript/ScriptTemplate/Ply_SoundManager.ts.
15:47:59.967 debug: Resolve file:///F:/CocosProject/PLY_Roomtopia_Cocos/assets/7.Scripts/MyScript/ScriptTemplate/Ply_Types.ts from cce:/internal/x/prerequisite-imports as file:///F:/CocosProject/PLY_Roomtopia_Cocos/assets/7.Scripts/MyScript/ScriptTemplate/Ply_Types.ts.
15:47:59.968 debug: Resolve file:///F:/CocosProject/PLY_Roomtopia_Cocos/assets/7.Scripts/MyScript/ScriptTemplate/Yielders.ts from cce:/internal/x/prerequisite-imports as file:///F:/CocosProject/PLY_Roomtopia_Cocos/assets/7.Scripts/MyScript/ScriptTemplate/Yielders.ts.
15:47:59.968 debug: Resolve file:///F:/CocosProject/PLY_Roomtopia_Cocos/assets/7.Scripts/MyScript/Utils/SnapEffect.ts from cce:/internal/x/prerequisite-imports as file:///F:/CocosProject/PLY_Roomtopia_Cocos/assets/7.Scripts/MyScript/Utils/SnapEffect.ts.
15:47:59.969 debug: Resolve file:///F:/CocosProject/PLY_Roomtopia_Cocos/assets/7.Scripts/MyScript/Utils/WinReact.ts from cce:/internal/x/prerequisite-imports as file:///F:/CocosProject/PLY_Roomtopia_Cocos/assets/7.Scripts/MyScript/Utils/WinReact.ts.
15:47:59.969 debug: Resolve file:///F:/CocosProject/PLY_Roomtopia_Cocos/assets/7.Scripts/Pool/PoolControl.ts from cce:/internal/x/prerequisite-imports as file:///F:/CocosProject/PLY_Roomtopia_Cocos/assets/7.Scripts/Pool/PoolControl.ts.
15:47:59.970 debug: Resolve file:///F:/CocosProject/PLY_Roomtopia_Cocos/assets/7.Scripts/Pool/PoolManager.ts from cce:/internal/x/prerequisite-imports as file:///F:/CocosProject/PLY_Roomtopia_Cocos/assets/7.Scripts/Pool/PoolManager.ts.
15:47:59.970 debug: Resolve file:///F:/CocosProject/PLY_Roomtopia_Cocos/assets/7.Scripts/Pool/PoolMember.ts from cce:/internal/x/prerequisite-imports as file:///F:/CocosProject/PLY_Roomtopia_Cocos/assets/7.Scripts/Pool/PoolMember.ts.
15:47:59.970 debug: Resolve file:///F:/CocosProject/PLY_Roomtopia_Cocos/assets/7.Scripts/Sand/SandSimulation.ts from cce:/internal/x/prerequisite-imports as file:///F:/CocosProject/PLY_Roomtopia_Cocos/assets/7.Scripts/Sand/SandSimulation.ts.
15:47:59.971 debug: Resolve file:///F:/CocosProject/PLY_Roomtopia_Cocos/assets/7.Scripts/Tool/AppLovinAnalytics.ts from cce:/internal/x/prerequisite-imports as file:///F:/CocosProject/PLY_Roomtopia_Cocos/assets/7.Scripts/Tool/AppLovinAnalytics.ts.
15:47:59.971 debug: Resolve file:///F:/CocosProject/PLY_Roomtopia_Cocos/assets/7.Scripts/Tool/GameController.ts from cce:/internal/x/prerequisite-imports as file:///F:/CocosProject/PLY_Roomtopia_Cocos/assets/7.Scripts/Tool/GameController.ts.
15:47:59.972 debug: Resolve cce:/internal/code-quality/cr.mjs from file:///C:/ProgramData/cocos/editors/Creator/3.8.8/resources/resources/3d/engine/editor/assets/default_renderpipeline/builtin-dof-pass.ts as cce:/internal/code-quality/cr.mjs.
15:47:59.972 debug: Detected change: cce:/internal/code-quality/cr.mjs. Last mtime: Tue Sep 22 2026 15:43:27 GMT+0700 (Indochina Time), Current mtime: Tue Sep 22 2026 15:47:50 GMT+0700 (Indochina Time)
15:47:59.972 debug: Inspect cce:/internal/code-quality/cr.mjs
15:47:59.986 debug: transform url: 'cce:/internal/code-quality/cr.mjs' costs: 13.70 ms
15:47:59.987 debug: Resolve cc from file:///C:/ProgramData/cocos/editors/Creator/3.8.8/resources/resources/3d/engine/editor/assets/default_renderpipeline/builtin-dof-pass.ts as cce:/internal/x/cc.
15:47:59.987 debug: Resolve cc from file:///C:/ProgramData/cocos/editors/Creator/3.8.8/resources/resources/3d/engine/editor/assets/default_renderpipeline/builtin-dof-pass.ts as cce:/internal/x/cc.
15:47:59.987 debug: Resolve cc from file:///C:/ProgramData/cocos/editors/Creator/3.8.8/resources/resources/3d/engine/editor/assets/default_renderpipeline/builtin-dof-pass.ts as cce:/internal/x/cc.
15:47:59.987 debug: Resolve cc/env from file:///C:/ProgramData/cocos/editors/Creator/3.8.8/resources/resources/3d/engine/editor/assets/default_renderpipeline/builtin-dof-pass.ts as external dependency cc/env.
15:47:59.988 debug: Resolve ./builtin-pipeline-settings from file:///C:/ProgramData/cocos/editors/Creator/3.8.8/resources/resources/3d/engine/editor/assets/default_renderpipeline/builtin-dof-pass.ts as file:///C:/ProgramData/cocos/editors/Creator/3.8.8/resources/resources/3d/engine/editor/assets/default_renderpipeline/builtin-pipeline-settings.ts.
15:47:59.989 debug: Resolve ./builtin-pipeline-pass from file:///C:/ProgramData/cocos/editors/Creator/3.8.8/resources/resources/3d/engine/editor/assets/default_renderpipeline/builtin-dof-pass.ts as file:///C:/ProgramData/cocos/editors/Creator/3.8.8/resources/resources/3d/engine/editor/assets/default_renderpipeline/builtin-pipeline-pass.ts.
15:47:59.990 debug: Resolve ./builtin-pipeline from file:///C:/ProgramData/cocos/editors/Creator/3.8.8/resources/resources/3d/engine/editor/assets/default_renderpipeline/builtin-dof-pass.ts as file:///C:/ProgramData/cocos/editors/Creator/3.8.8/resources/resources/3d/engine/editor/assets/default_renderpipeline/builtin-pipeline.ts.
15:47:59.990 debug: Resolve cce:/internal/code-quality/cr.mjs from file:///C:/ProgramData/cocos/editors/Creator/3.8.8/resources/resources/3d/engine/editor/assets/default_renderpipeline/builtin-pipeline-settings.ts as cce:/internal/code-quality/cr.mjs.
15:47:59.990 debug: Resolve cc from file:///C:/ProgramData/cocos/editors/Creator/3.8.8/resources/resources/3d/engine/editor/assets/default_renderpipeline/builtin-pipeline-settings.ts as cce:/internal/x/cc.
15:47:59.990 debug: Resolve cc from file:///C:/ProgramData/cocos/editors/Creator/3.8.8/resources/resources/3d/engine/editor/assets/default_renderpipeline/builtin-pipeline-settings.ts as cce:/internal/x/cc.
15:47:59.990 debug: Resolve cc from file:///C:/ProgramData/cocos/editors/Creator/3.8.8/resources/resources/3d/engine/editor/assets/default_renderpipeline/builtin-pipeline-settings.ts as cce:/internal/x/cc.
15:47:59.990 debug: Resolve cc/env from file:///C:/ProgramData/cocos/editors/Creator/3.8.8/resources/resources/3d/engine/editor/assets/default_renderpipeline/builtin-pipeline-settings.ts as external dependency cc/env.
15:47:59.991 debug: Resolve ./builtin-pipeline-types from file:///C:/ProgramData/cocos/editors/Creator/3.8.8/resources/resources/3d/engine/editor/assets/default_renderpipeline/builtin-pipeline-settings.ts as file:///C:/ProgramData/cocos/editors/Creator/3.8.8/resources/resources/3d/engine/editor/assets/default_renderpipeline/builtin-pipeline-types.ts.
15:47:59.991 debug: Resolve cc from file:///C:/ProgramData/cocos/editors/Creator/3.8.8/resources/resources/3d/engine/editor/assets/default_renderpipeline/builtin-pipeline-types.ts as cce:/internal/x/cc.
15:47:59.991 debug: Resolve cc from file:///C:/ProgramData/cocos/editors/Creator/3.8.8/resources/resources/3d/engine/editor/assets/default_renderpipeline/builtin-pipeline-types.ts as cce:/internal/x/cc.
15:47:59.992 debug: Resolve cc from file:///C:/ProgramData/cocos/editors/Creator/3.8.8/resources/resources/3d/engine/editor/assets/default_renderpipeline/builtin-pipeline-types.ts as cce:/internal/x/cc.
15:47:59.992 debug: Resolve cce:/internal/code-quality/cr.mjs from file:///C:/ProgramData/cocos/editors/Creator/3.8.8/resources/resources/3d/engine/editor/assets/default_renderpipeline/builtin-pipeline-pass.ts as cce:/internal/code-quality/cr.mjs.
15:47:59.992 debug: Resolve cc from file:///C:/ProgramData/cocos/editors/Creator/3.8.8/resources/resources/3d/engine/editor/assets/default_renderpipeline/builtin-pipeline-pass.ts as cce:/internal/x/cc.
15:47:59.992 debug: Resolve cc from file:///C:/ProgramData/cocos/editors/Creator/3.8.8/resources/resources/3d/engine/editor/assets/default_renderpipeline/builtin-pipeline-pass.ts as cce:/internal/x/cc.
15:47:59.992 debug: Resolve cc from file:///C:/ProgramData/cocos/editors/Creator/3.8.8/resources/resources/3d/engine/editor/assets/default_renderpipeline/builtin-pipeline-pass.ts as cce:/internal/x/cc.
15:47:59.993 debug: Resolve ./builtin-pipeline-settings from file:///C:/ProgramData/cocos/editors/Creator/3.8.8/resources/resources/3d/engine/editor/assets/default_renderpipeline/builtin-pipeline-pass.ts as file:///C:/ProgramData/cocos/editors/Creator/3.8.8/resources/resources/3d/engine/editor/assets/default_renderpipeline/builtin-pipeline-settings.ts.
15:47:59.993 debug: Resolve cc/env from file:///C:/ProgramData/cocos/editors/Creator/3.8.8/resources/resources/3d/engine/editor/assets/default_renderpipeline/builtin-pipeline-pass.ts as external dependency cc/env.
15:47:59.993 debug: Resolve cce:/internal/code-quality/cr.mjs from file:///C:/ProgramData/cocos/editors/Creator/3.8.8/resources/resources/3d/engine/editor/assets/default_renderpipeline/builtin-pipeline.ts as cce:/internal/code-quality/cr.mjs.
15:47:59.993 debug: Resolve cc from file:///C:/ProgramData/cocos/editors/Creator/3.8.8/resources/resources/3d/engine/editor/assets/default_renderpipeline/builtin-pipeline.ts as cce:/internal/x/cc.
15:47:59.993 debug: Resolve cc from file:///C:/ProgramData/cocos/editors/Creator/3.8.8/resources/resources/3d/engine/editor/assets/default_renderpipeline/builtin-pipeline.ts as cce:/internal/x/cc.
15:47:59.993 debug: Resolve cc from file:///C:/ProgramData/cocos/editors/Creator/3.8.8/resources/resources/3d/engine/editor/assets/default_renderpipeline/builtin-pipeline.ts as cce:/internal/x/cc.
15:47:59.993 debug: Resolve cc/env from file:///C:/ProgramData/cocos/editors/Creator/3.8.8/resources/resources/3d/engine/editor/assets/default_renderpipeline/builtin-pipeline.ts as external dependency cc/env.
15:47:59.994 debug: Resolve ./builtin-pipeline-types from file:///C:/ProgramData/cocos/editors/Creator/3.8.8/resources/resources/3d/engine/editor/assets/default_renderpipeline/builtin-pipeline.ts as file:///C:/ProgramData/cocos/editors/Creator/3.8.8/resources/resources/3d/engine/editor/assets/default_renderpipeline/builtin-pipeline-types.ts.
15:47:59.994 debug: Resolve cc from file:///C:/ProgramData/cocos/editors/Creator/3.8.8/resources/resources/3d/engine/editor/assets/tools/debug-view-runtime-control.ts as cce:/internal/x/cc.
15:47:59.994 debug: Resolve cc from file:///C:/ProgramData/cocos/editors/Creator/3.8.8/resources/resources/3d/engine/editor/assets/tools/debug-view-runtime-control.ts as cce:/internal/x/cc.
15:47:59.994 debug: Resolve cc from file:///C:/ProgramData/cocos/editors/Creator/3.8.8/resources/resources/3d/engine/editor/assets/tools/debug-view-runtime-control.ts as cce:/internal/x/cc.
15:47:59.994 debug: Resolve cc from file:///F:/CocosProject/PLY_Roomtopia_Cocos/assets/7.Scripts/Gameplay/Data.ts as cce:/internal/x/cc.
15:47:59.994 debug: Resolve cc from file:///F:/CocosProject/PLY_Roomtopia_Cocos/assets/7.Scripts/Gameplay/Data.ts as cce:/internal/x/cc.
15:47:59.994 debug: Resolve cc from file:///F:/CocosProject/PLY_Roomtopia_Cocos/assets/7.Scripts/Manager/AssetsManagerCustom.ts as cce:/internal/x/cc.
15:47:59.994 debug: Resolve cc from file:///F:/CocosProject/PLY_Roomtopia_Cocos/assets/7.Scripts/Manager/AssetsManagerCustom.ts as cce:/internal/x/cc.
15:47:59.994 debug: Resolve cc from file:///F:/CocosProject/PLY_Roomtopia_Cocos/assets/7.Scripts/Manager/AssetsManagerCustom.ts as cce:/internal/x/cc.
15:47:59.994 debug: Resolve cc from file:///F:/CocosProject/PLY_Roomtopia_Cocos/assets/7.Scripts/Manager/Clock.ts as cce:/internal/x/cc.
15:47:59.994 debug: Resolve cc from file:///F:/CocosProject/PLY_Roomtopia_Cocos/assets/7.Scripts/Manager/Clock.ts as cce:/internal/x/cc.
15:47:59.994 debug: Resolve cc from file:///F:/CocosProject/PLY_Roomtopia_Cocos/assets/7.Scripts/Manager/Clock.ts as cce:/internal/x/cc.
15:47:59.995 debug: Resolve cc from file:///F:/CocosProject/PLY_Roomtopia_Cocos/assets/7.Scripts/Manager/InputManager.ts as cce:/internal/x/cc.
15:47:59.995 debug: Resolve cc from file:///F:/CocosProject/PLY_Roomtopia_Cocos/assets/7.Scripts/Manager/InputManager.ts as cce:/internal/x/cc.
15:47:59.995 debug: Resolve cc from file:///F:/CocosProject/PLY_Roomtopia_Cocos/assets/7.Scripts/Manager/InputManager.ts as cce:/internal/x/cc.
15:47:59.995 debug: Resolve cc from file:///F:/CocosProject/PLY_Roomtopia_Cocos/assets/7.Scripts/Manager/Joystick.ts as cce:/internal/x/cc.
15:47:59.995 debug: Resolve cc from file:///F:/CocosProject/PLY_Roomtopia_Cocos/assets/7.Scripts/Manager/Joystick.ts as cce:/internal/x/cc.
15:47:59.995 debug: Resolve cc from file:///F:/CocosProject/PLY_Roomtopia_Cocos/assets/7.Scripts/Manager/Joystick.ts as cce:/internal/x/cc.
15:47:59.995 debug: Resolve cc from file:///F:/CocosProject/PLY_Roomtopia_Cocos/assets/7.Scripts/Manager/MainCamera.ts as cce:/internal/x/cc.
15:47:59.996 debug: Resolve cc from file:///F:/CocosProject/PLY_Roomtopia_Cocos/assets/7.Scripts/Manager/MainCamera.ts as cce:/internal/x/cc.
15:47:59.996 debug: Resolve cc from file:///F:/CocosProject/PLY_Roomtopia_Cocos/assets/7.Scripts/Manager/MainCamera.ts as cce:/internal/x/cc.
15:47:59.996 debug: Resolve cce:/internal/code-quality/cr.mjs from file:///F:/CocosProject/PLY_Roomtopia_Cocos/assets/7.Scripts/Manager/PointerController.ts as cce:/internal/code-quality/cr.mjs.
15:47:59.996 debug: Resolve cc from file:///F:/CocosProject/PLY_Roomtopia_Cocos/assets/7.Scripts/Manager/PointerController.ts as cce:/internal/x/cc.
15:47:59.996 debug: Resolve cc from file:///F:/CocosProject/PLY_Roomtopia_Cocos/assets/7.Scripts/Manager/PointerController.ts as cce:/internal/x/cc.
15:47:59.996 debug: Resolve cc from file:///F:/CocosProject/PLY_Roomtopia_Cocos/assets/7.Scripts/Manager/PointerController.ts as cce:/internal/x/cc.
15:47:59.996 debug: Resolve ./UI from file:///F:/CocosProject/PLY_Roomtopia_Cocos/assets/7.Scripts/Manager/PointerController.ts as file:///F:/CocosProject/PLY_Roomtopia_Cocos/assets/7.Scripts/Manager/UI.ts.
15:47:59.997 debug: Resolve ./SoundManager from file:///F:/CocosProject/PLY_Roomtopia_Cocos/assets/7.Scripts/Manager/PointerController.ts as file:///F:/CocosProject/PLY_Roomtopia_Cocos/assets/7.Scripts/Manager/SoundManager.ts.
15:47:59.997 debug: Resolve cce:/internal/code-quality/cr.mjs from file:///F:/CocosProject/PLY_Roomtopia_Cocos/assets/7.Scripts/Manager/UI.ts as cce:/internal/code-quality/cr.mjs.
15:47:59.997 debug: Resolve cc from file:///F:/CocosProject/PLY_Roomtopia_Cocos/assets/7.Scripts/Manager/UI.ts as cce:/internal/x/cc.
15:47:59.997 debug: Resolve cc from file:///F:/CocosProject/PLY_Roomtopia_Cocos/assets/7.Scripts/Manager/UI.ts as cce:/internal/x/cc.
15:47:59.997 debug: Resolve cc from file:///F:/CocosProject/PLY_Roomtopia_Cocos/assets/7.Scripts/Manager/UI.ts as cce:/internal/x/cc.
15:47:59.997 debug: Resolve cc/env from file:///F:/CocosProject/PLY_Roomtopia_Cocos/assets/7.Scripts/Manager/UI.ts as external dependency cc/env.
15:47:59.998 debug: Resolve ./PointerController from file:///F:/CocosProject/PLY_Roomtopia_Cocos/assets/7.Scripts/Manager/UI.ts as file:///F:/CocosProject/PLY_Roomtopia_Cocos/assets/7.Scripts/Manager/PointerController.ts.
15:47:59.998 debug: Resolve ./SoundManager from file:///F:/CocosProject/PLY_Roomtopia_Cocos/assets/7.Scripts/Manager/UI.ts as file:///F:/CocosProject/PLY_Roomtopia_Cocos/assets/7.Scripts/Manager/SoundManager.ts.
15:47:59.998 debug: Resolve ../Tool/GameController from file:///F:/CocosProject/PLY_Roomtopia_Cocos/assets/7.Scripts/Manager/UI.ts as file:///F:/CocosProject/PLY_Roomtopia_Cocos/assets/7.Scripts/Tool/GameController.ts.
15:47:59.999 debug: Resolve ../Tool/AppLovinAnalytics from file:///F:/CocosProject/PLY_Roomtopia_Cocos/assets/7.Scripts/Manager/UI.ts as file:///F:/CocosProject/PLY_Roomtopia_Cocos/assets/7.Scripts/Tool/AppLovinAnalytics.ts.
15:47:59.999 debug: Resolve cc from file:///F:/CocosProject/PLY_Roomtopia_Cocos/assets/7.Scripts/Manager/SoundManager.ts as cce:/internal/x/cc.
15:47:59.999 debug: Resolve cc from file:///F:/CocosProject/PLY_Roomtopia_Cocos/assets/7.Scripts/Manager/SoundManager.ts as cce:/internal/x/cc.
15:47:59.999 debug: Resolve cc from file:///F:/CocosProject/PLY_Roomtopia_Cocos/assets/7.Scripts/Manager/SoundManager.ts as cce:/internal/x/cc.
15:47:59.999 debug: Resolve cc from file:///F:/CocosProject/PLY_Roomtopia_Cocos/assets/7.Scripts/Tool/GameController.ts as cce:/internal/x/cc.
15:47:59.999 debug: Resolve cc from file:///F:/CocosProject/PLY_Roomtopia_Cocos/assets/7.Scripts/Tool/GameController.ts as cce:/internal/x/cc.
15:47:59.999 debug: Resolve cc from file:///F:/CocosProject/PLY_Roomtopia_Cocos/assets/7.Scripts/Tool/GameController.ts as cce:/internal/x/cc.
15:47:59.999 debug: Resolve cc/env from file:///F:/CocosProject/PLY_Roomtopia_Cocos/assets/7.Scripts/Tool/GameController.ts as external dependency cc/env.
15:47:59.999 debug: Resolve cc from file:///F:/CocosProject/PLY_Roomtopia_Cocos/assets/7.Scripts/Tool/AppLovinAnalytics.ts as cce:/internal/x/cc.
15:47:59.999 debug: Resolve cc from file:///F:/CocosProject/PLY_Roomtopia_Cocos/assets/7.Scripts/Tool/AppLovinAnalytics.ts as cce:/internal/x/cc.
15:47:59.999 debug: Resolve cc from file:///F:/CocosProject/PLY_Roomtopia_Cocos/assets/7.Scripts/Tool/AppLovinAnalytics.ts as cce:/internal/x/cc.
15:47:59.999 debug: Resolve cce:/internal/code-quality/cr.mjs from file:///F:/CocosProject/PLY_Roomtopia_Cocos/assets/7.Scripts/Manager/VFX.ts as cce:/internal/code-quality/cr.mjs.
15:47:59.999 debug: Resolve cc from file:///F:/CocosProject/PLY_Roomtopia_Cocos/assets/7.Scripts/Manager/VFX.ts as cce:/internal/x/cc.
15:47:59.999 debug: Resolve cc from file:///F:/CocosProject/PLY_Roomtopia_Cocos/assets/7.Scripts/Manager/VFX.ts as cce:/internal/x/cc.
15:47:59.999 debug: Resolve cc from file:///F:/CocosProject/PLY_Roomtopia_Cocos/assets/7.Scripts/Manager/VFX.ts as cce:/internal/x/cc.
15:48:00.000 debug: Resolve ../Pool/PoolMember from file:///F:/CocosProject/PLY_Roomtopia_Cocos/assets/7.Scripts/Manager/VFX.ts as file:///F:/CocosProject/PLY_Roomtopia_Cocos/assets/7.Scripts/Pool/PoolMember.ts.
15:48:00.000 debug: Resolve ./World from file:///F:/CocosProject/PLY_Roomtopia_Cocos/assets/7.Scripts/Manager/VFX.ts as file:///F:/CocosProject/PLY_Roomtopia_Cocos/assets/7.Scripts/Manager/World.ts.
15:48:00.000 debug: Resolve cc from file:///F:/CocosProject/PLY_Roomtopia_Cocos/assets/7.Scripts/Pool/PoolMember.ts as cce:/internal/x/cc.
15:48:00.000 debug: Resolve cc from file:///F:/CocosProject/PLY_Roomtopia_Cocos/assets/7.Scripts/Pool/PoolMember.ts as cce:/internal/x/cc.
15:48:00.001 debug: Resolve cc from file:///F:/CocosProject/PLY_Roomtopia_Cocos/assets/7.Scripts/Pool/PoolMember.ts as cce:/internal/x/cc.
15:48:00.001 debug: Resolve cce:/internal/code-quality/cr.mjs from file:///F:/CocosProject/PLY_Roomtopia_Cocos/assets/7.Scripts/Manager/World.ts as cce:/internal/code-quality/cr.mjs.
15:48:00.001 debug: Resolve cc from file:///F:/CocosProject/PLY_Roomtopia_Cocos/assets/7.Scripts/Manager/World.ts as cce:/internal/x/cc.
15:48:00.001 debug: Resolve cc from file:///F:/CocosProject/PLY_Roomtopia_Cocos/assets/7.Scripts/Manager/World.ts as cce:/internal/x/cc.
15:48:00.001 debug: Resolve cc from file:///F:/CocosProject/PLY_Roomtopia_Cocos/assets/7.Scripts/Manager/World.ts as cce:/internal/x/cc.
15:48:00.001 debug: Resolve ./UI from file:///F:/CocosProject/PLY_Roomtopia_Cocos/assets/7.Scripts/Manager/World.ts as file:///F:/CocosProject/PLY_Roomtopia_Cocos/assets/7.Scripts/Manager/UI.ts.
15:48:00.002 debug: Resolve ./MainCamera from file:///F:/CocosProject/PLY_Roomtopia_Cocos/assets/7.Scripts/Manager/World.ts as file:///F:/CocosProject/PLY_Roomtopia_Cocos/assets/7.Scripts/Manager/MainCamera.ts.
15:48:00.002 debug: Resolve ../Tool/GameController from file:///F:/CocosProject/PLY_Roomtopia_Cocos/assets/7.Scripts/Manager/World.ts as file:///F:/CocosProject/PLY_Roomtopia_Cocos/assets/7.Scripts/Tool/GameController.ts.
15:48:00.002 debug: Resolve ../MyScript/ScriptTemplate/Ply_Pool from file:///F:/CocosProject/PLY_Roomtopia_Cocos/assets/7.Scripts/Manager/World.ts as file:///F:/CocosProject/PLY_Roomtopia_Cocos/assets/7.Scripts/MyScript/ScriptTemplate/Ply_Pool.ts.
15:48:00.003 debug: Resolve ../MyScript/ScriptTemplate/Ply_SoundManager from file:///F:/CocosProject/PLY_Roomtopia_Cocos/assets/7.Scripts/Manager/World.ts as file:///F:/CocosProject/PLY_Roomtopia_Cocos/assets/7.Scripts/MyScript/ScriptTemplate/Ply_SoundManager.ts.
15:48:00.003 debug: Resolve cce:/internal/code-quality/cr.mjs from file:///F:/CocosProject/PLY_Roomtopia_Cocos/assets/7.Scripts/MyScript/ScriptTemplate/Ply_Pool.ts as cce:/internal/code-quality/cr.mjs.
15:48:00.003 debug: Resolve cc from file:///F:/CocosProject/PLY_Roomtopia_Cocos/assets/7.Scripts/MyScript/ScriptTemplate/Ply_Pool.ts as cce:/internal/x/cc.
15:48:00.003 debug: Resolve cc from file:///F:/CocosProject/PLY_Roomtopia_Cocos/assets/7.Scripts/MyScript/ScriptTemplate/Ply_Pool.ts as cce:/internal/x/cc.
15:48:00.003 debug: Resolve cc from file:///F:/CocosProject/PLY_Roomtopia_Cocos/assets/7.Scripts/MyScript/ScriptTemplate/Ply_Pool.ts as cce:/internal/x/cc.
15:48:00.003 debug: Resolve ./Ply_Singleton from file:///F:/CocosProject/PLY_Roomtopia_Cocos/assets/7.Scripts/MyScript/ScriptTemplate/Ply_Pool.ts as file:///F:/CocosProject/PLY_Roomtopia_Cocos/assets/7.Scripts/MyScript/ScriptTemplate/Ply_Singleton.ts.
15:48:00.003 debug: Resolve ./Ply_GameUnit from file:///F:/CocosProject/PLY_Roomtopia_Cocos/assets/7.Scripts/MyScript/ScriptTemplate/Ply_Pool.ts as file:///F:/CocosProject/PLY_Roomtopia_Cocos/assets/7.Scripts/MyScript/ScriptTemplate/Ply_GameUnit.ts.
15:48:00.003 debug: Resolve ./Ply_Types from file:///F:/CocosProject/PLY_Roomtopia_Cocos/assets/7.Scripts/MyScript/ScriptTemplate/Ply_Pool.ts as file:///F:/CocosProject/PLY_Roomtopia_Cocos/assets/7.Scripts/MyScript/ScriptTemplate/Ply_Types.ts.
15:48:00.003 debug: Resolve cc from file:///F:/CocosProject/PLY_Roomtopia_Cocos/assets/7.Scripts/MyScript/ScriptTemplate/Ply_Singleton.ts as cce:/internal/x/cc.
15:48:00.003 debug: Resolve cc from file:///F:/CocosProject/PLY_Roomtopia_Cocos/assets/7.Scripts/MyScript/ScriptTemplate/Ply_Singleton.ts as cce:/internal/x/cc.
15:48:00.003 debug: Resolve cc from file:///F:/CocosProject/PLY_Roomtopia_Cocos/assets/7.Scripts/MyScript/ScriptTemplate/Ply_Singleton.ts as cce:/internal/x/cc.
15:48:00.004 debug: Resolve cce:/internal/code-quality/cr.mjs from file:///F:/CocosProject/PLY_Roomtopia_Cocos/assets/7.Scripts/MyScript/ScriptTemplate/Ply_GameUnit.ts as cce:/internal/code-quality/cr.mjs.
15:48:00.004 debug: Resolve cc from file:///F:/CocosProject/PLY_Roomtopia_Cocos/assets/7.Scripts/MyScript/ScriptTemplate/Ply_GameUnit.ts as cce:/internal/x/cc.
15:48:00.004 debug: Resolve cc from file:///F:/CocosProject/PLY_Roomtopia_Cocos/assets/7.Scripts/MyScript/ScriptTemplate/Ply_GameUnit.ts as cce:/internal/x/cc.
15:48:00.004 debug: Resolve cc from file:///F:/CocosProject/PLY_Roomtopia_Cocos/assets/7.Scripts/MyScript/ScriptTemplate/Ply_GameUnit.ts as cce:/internal/x/cc.
15:48:00.004 debug: Resolve ./Ply_Types from file:///F:/CocosProject/PLY_Roomtopia_Cocos/assets/7.Scripts/MyScript/ScriptTemplate/Ply_GameUnit.ts as file:///F:/CocosProject/PLY_Roomtopia_Cocos/assets/7.Scripts/MyScript/ScriptTemplate/Ply_Types.ts.
15:48:00.004 debug: Resolve ./Ply_Pool from file:///F:/CocosProject/PLY_Roomtopia_Cocos/assets/7.Scripts/MyScript/ScriptTemplate/Ply_GameUnit.ts as file:///F:/CocosProject/PLY_Roomtopia_Cocos/assets/7.Scripts/MyScript/ScriptTemplate/Ply_Pool.ts.
15:48:00.004 debug: Resolve cc from file:///F:/CocosProject/PLY_Roomtopia_Cocos/assets/7.Scripts/MyScript/ScriptTemplate/Ply_Types.ts as cce:/internal/x/cc.
15:48:00.004 debug: Resolve cc from file:///F:/CocosProject/PLY_Roomtopia_Cocos/assets/7.Scripts/MyScript/ScriptTemplate/Ply_Types.ts as cce:/internal/x/cc.
15:48:00.004 debug: Resolve cc from file:///F:/CocosProject/PLY_Roomtopia_Cocos/assets/7.Scripts/MyScript/ScriptTemplate/Ply_Types.ts as cce:/internal/x/cc.
15:48:00.004 debug: Resolve cce:/internal/code-quality/cr.mjs from file:///F:/CocosProject/PLY_Roomtopia_Cocos/assets/7.Scripts/MyScript/ScriptTemplate/Ply_SoundManager.ts as cce:/internal/code-quality/cr.mjs.
15:48:00.004 debug: Resolve cc from file:///F:/CocosProject/PLY_Roomtopia_Cocos/assets/7.Scripts/MyScript/ScriptTemplate/Ply_SoundManager.ts as cce:/internal/x/cc.
15:48:00.004 debug: Resolve cc from file:///F:/CocosProject/PLY_Roomtopia_Cocos/assets/7.Scripts/MyScript/ScriptTemplate/Ply_SoundManager.ts as cce:/internal/x/cc.
15:48:00.004 debug: Resolve cc from file:///F:/CocosProject/PLY_Roomtopia_Cocos/assets/7.Scripts/MyScript/ScriptTemplate/Ply_SoundManager.ts as cce:/internal/x/cc.
15:48:00.005 debug: Resolve ./Ply_Singleton from file:///F:/CocosProject/PLY_Roomtopia_Cocos/assets/7.Scripts/MyScript/ScriptTemplate/Ply_SoundManager.ts as file:///F:/CocosProject/PLY_Roomtopia_Cocos/assets/7.Scripts/MyScript/ScriptTemplate/Ply_Singleton.ts.
15:48:00.005 debug: Resolve cce:/internal/code-quality/cr.mjs from file:///F:/CocosProject/PLY_Roomtopia_Cocos/assets/7.Scripts/MatchAsset/MatchSprite.ts as cce:/internal/code-quality/cr.mjs.
15:48:00.005 debug: Resolve cc from file:///F:/CocosProject/PLY_Roomtopia_Cocos/assets/7.Scripts/MatchAsset/MatchSprite.ts as cce:/internal/x/cc.
15:48:00.005 debug: Resolve cc from file:///F:/CocosProject/PLY_Roomtopia_Cocos/assets/7.Scripts/MatchAsset/MatchSprite.ts as cce:/internal/x/cc.
15:48:00.005 debug: Resolve cc from file:///F:/CocosProject/PLY_Roomtopia_Cocos/assets/7.Scripts/MatchAsset/MatchSprite.ts as cce:/internal/x/cc.
15:48:00.005 debug: Resolve ./NodeOrder from file:///F:/CocosProject/PLY_Roomtopia_Cocos/assets/7.Scripts/MatchAsset/MatchSprite.ts as file:///F:/CocosProject/PLY_Roomtopia_Cocos/assets/7.Scripts/MatchAsset/NodeOrder.ts.
15:48:00.005 debug: Resolve cc from file:///F:/CocosProject/PLY_Roomtopia_Cocos/assets/7.Scripts/MatchAsset/NodeOrder.ts as cce:/internal/x/cc.
15:48:00.005 debug: Resolve cc from file:///F:/CocosProject/PLY_Roomtopia_Cocos/assets/7.Scripts/MatchAsset/NodeOrder.ts as cce:/internal/x/cc.
15:48:00.005 debug: Resolve cc from file:///F:/CocosProject/PLY_Roomtopia_Cocos/assets/7.Scripts/MatchAsset/NodeOrder.ts as cce:/internal/x/cc.
15:48:00.005 debug: Resolve cc from file:///F:/CocosProject/PLY_Roomtopia_Cocos/assets/7.Scripts/MatchAsset/ReadImagePixel.ts as cce:/internal/x/cc.
15:48:00.005 debug: Resolve cc from file:///F:/CocosProject/PLY_Roomtopia_Cocos/assets/7.Scripts/MatchAsset/ReadImagePixel.ts as cce:/internal/x/cc.
15:48:00.005 debug: Resolve cc from file:///F:/CocosProject/PLY_Roomtopia_Cocos/assets/7.Scripts/MatchAsset/ReadImagePixel.ts as cce:/internal/x/cc.
15:48:00.005 debug: Resolve cc from file:///F:/CocosProject/PLY_Roomtopia_Cocos/assets/7.Scripts/MatchAsset/SpriteSizeSetter.ts as cce:/internal/x/cc.
15:48:00.005 debug: Resolve cc from file:///F:/CocosProject/PLY_Roomtopia_Cocos/assets/7.Scripts/MatchAsset/SpriteSizeSetter.ts as cce:/internal/x/cc.
15:48:00.006 debug: Resolve cc from file:///F:/CocosProject/PLY_Roomtopia_Cocos/assets/7.Scripts/MatchAsset/SpriteSizeSetter.ts as cce:/internal/x/cc.
15:48:00.006 debug: Resolve cc from file:///F:/CocosProject/PLY_Roomtopia_Cocos/assets/7.Scripts/MatchAsset/Ulis.ts as cce:/internal/x/cc.
15:48:00.006 debug: Resolve cc from file:///F:/CocosProject/PLY_Roomtopia_Cocos/assets/7.Scripts/MatchAsset/Ulis.ts as cce:/internal/x/cc.
15:48:00.006 debug: Resolve cc from file:///F:/CocosProject/PLY_Roomtopia_Cocos/assets/7.Scripts/MatchAsset/Ulis.ts as cce:/internal/x/cc.
15:48:00.006 debug: Resolve cce:/internal/code-quality/cr.mjs from file:///F:/CocosProject/PLY_Roomtopia_Cocos/assets/7.Scripts/Misc/AStar.ts as cce:/internal/code-quality/cr.mjs.
15:48:00.006 debug: Resolve cc from file:///F:/CocosProject/PLY_Roomtopia_Cocos/assets/7.Scripts/Misc/AStar.ts as cce:/internal/x/cc.
15:48:00.006 debug: Resolve cc from file:///F:/CocosProject/PLY_Roomtopia_Cocos/assets/7.Scripts/Misc/AStar.ts as cce:/internal/x/cc.
15:48:00.006 debug: Resolve cc from file:///F:/CocosProject/PLY_Roomtopia_Cocos/assets/7.Scripts/Misc/AStar.ts as cce:/internal/x/cc.
15:48:00.006 debug: Resolve ./Ulis from file:///F:/CocosProject/PLY_Roomtopia_Cocos/assets/7.Scripts/Misc/AStar.ts as file:///F:/CocosProject/PLY_Roomtopia_Cocos/assets/7.Scripts/Misc/Ulis.ts.
15:48:00.006 debug: Resolve cce:/internal/code-quality/cr.mjs from file:///F:/CocosProject/PLY_Roomtopia_Cocos/assets/7.Scripts/Misc/Ulis.ts as cce:/internal/code-quality/cr.mjs.
15:48:00.006 debug: Resolve cc from file:///F:/CocosProject/PLY_Roomtopia_Cocos/assets/7.Scripts/Misc/Ulis.ts as cce:/internal/x/cc.
15:48:00.006 debug: Resolve cc from file:///F:/CocosProject/PLY_Roomtopia_Cocos/assets/7.Scripts/Misc/Ulis.ts as cce:/internal/x/cc.
15:48:00.006 debug: Resolve cc from file:///F:/CocosProject/PLY_Roomtopia_Cocos/assets/7.Scripts/Misc/Ulis.ts as cce:/internal/x/cc.
15:48:00.006 debug: Resolve ../Manager/PointerController from file:///F:/CocosProject/PLY_Roomtopia_Cocos/assets/7.Scripts/Misc/Ulis.ts as file:///F:/CocosProject/PLY_Roomtopia_Cocos/assets/7.Scripts/Manager/PointerController.ts.
15:48:00.007 debug: Resolve ../Manager/UI from file:///F:/CocosProject/PLY_Roomtopia_Cocos/assets/7.Scripts/Misc/Ulis.ts as file:///F:/CocosProject/PLY_Roomtopia_Cocos/assets/7.Scripts/Manager/UI.ts.
15:48:00.076 debug: Resolve cce:/internal/code-quality/cr.mjs from file:///F:/CocosProject/PLY_Roomtopia_Cocos/assets/7.Scripts/Misc/Black.ts as cce:/internal/code-quality/cr.mjs.
15:48:00.076 debug: Resolve cc from file:///F:/CocosProject/PLY_Roomtopia_Cocos/assets/7.Scripts/Misc/Black.ts as cce:/internal/x/cc.
15:48:00.076 debug: Resolve cc from file:///F:/CocosProject/PLY_Roomtopia_Cocos/assets/7.Scripts/Misc/Black.ts as cce:/internal/x/cc.
15:48:00.076 debug: Resolve cc from file:///F:/CocosProject/PLY_Roomtopia_Cocos/assets/7.Scripts/Misc/Black.ts as cce:/internal/x/cc.
15:48:00.076 debug: Resolve ../Pool/PoolMember from file:///F:/CocosProject/PLY_Roomtopia_Cocos/assets/7.Scripts/Misc/Black.ts as file:///F:/CocosProject/PLY_Roomtopia_Cocos/assets/7.Scripts/Pool/PoolMember.ts.
15:48:00.076 debug: Resolve db://assets/7.Scripts/Manager/World from file:///F:/CocosProject/PLY_Roomtopia_Cocos/assets/7.Scripts/Misc/Black.ts as file:///F:/CocosProject/PLY_Roomtopia_Cocos/assets/7.Scripts/Manager/World.ts.
15:48:00.076 debug: Resolve ./Ulis from file:///F:/CocosProject/PLY_Roomtopia_Cocos/assets/7.Scripts/Misc/Black.ts as file:///F:/CocosProject/PLY_Roomtopia_Cocos/assets/7.Scripts/Misc/Ulis.ts.
15:48:00.076 debug: Resolve cce:/internal/code-quality/cr.mjs from file:///F:/CocosProject/PLY_Roomtopia_Cocos/assets/7.Scripts/Misc/Cloud.ts as cce:/internal/code-quality/cr.mjs.
15:48:00.076 debug: Resolve cc from file:///F:/CocosProject/PLY_Roomtopia_Cocos/assets/7.Scripts/Misc/Cloud.ts as cce:/internal/x/cc.
15:48:00.076 debug: Resolve cc from file:///F:/CocosProject/PLY_Roomtopia_Cocos/assets/7.Scripts/Misc/Cloud.ts as cce:/internal/x/cc.
15:48:00.076 debug: Resolve cc from file:///F:/CocosProject/PLY_Roomtopia_Cocos/assets/7.Scripts/Misc/Cloud.ts as cce:/internal/x/cc.
15:48:00.076 debug: Resolve ../Pool/PoolMember from file:///F:/CocosProject/PLY_Roomtopia_Cocos/assets/7.Scripts/Misc/Cloud.ts as file:///F:/CocosProject/PLY_Roomtopia_Cocos/assets/7.Scripts/Pool/PoolMember.ts.
15:48:00.076 debug: Resolve cc from file:///F:/CocosProject/PLY_Roomtopia_Cocos/assets/7.Scripts/Misc/IQ.ts as cce:/internal/x/cc.
15:48:00.076 debug: Resolve cc from file:///F:/CocosProject/PLY_Roomtopia_Cocos/assets/7.Scripts/Misc/IQ.ts as cce:/internal/x/cc.
15:48:00.076 debug: Resolve cc from file:///F:/CocosProject/PLY_Roomtopia_Cocos/assets/7.Scripts/Misc/IQ.ts as cce:/internal/x/cc.
15:48:00.076 debug: Resolve cce:/internal/code-quality/cr.mjs from file:///F:/CocosProject/PLY_Roomtopia_Cocos/assets/7.Scripts/Misc/Mats.ts as cce:/internal/code-quality/cr.mjs.
15:48:00.076 debug: Resolve cc from file:///F:/CocosProject/PLY_Roomtopia_Cocos/assets/7.Scripts/Misc/Mats.ts as cce:/internal/x/cc.
15:48:00.076 debug: Resolve cc from file:///F:/CocosProject/PLY_Roomtopia_Cocos/assets/7.Scripts/Misc/Mats.ts as cce:/internal/x/cc.
15:48:00.076 debug: Resolve cc from file:///F:/CocosProject/PLY_Roomtopia_Cocos/assets/7.Scripts/Misc/Mats.ts as cce:/internal/x/cc.
15:48:00.077 debug: Resolve ../Gameplay/Data from file:///F:/CocosProject/PLY_Roomtopia_Cocos/assets/7.Scripts/Misc/Mats.ts as file:///F:/CocosProject/PLY_Roomtopia_Cocos/assets/7.Scripts/Gameplay/Data.ts.
15:48:00.077 debug: Resolve cce:/internal/code-quality/cr.mjs from file:///F:/CocosProject/PLY_Roomtopia_Cocos/assets/7.Scripts/Misc/MeshLoader.ts as cce:/internal/code-quality/cr.mjs.
15:48:00.077 debug: Resolve cc from file:///F:/CocosProject/PLY_Roomtopia_Cocos/assets/7.Scripts/Misc/MeshLoader.ts as cce:/internal/x/cc.
15:48:00.077 debug: Resolve cc from file:///F:/CocosProject/PLY_Roomtopia_Cocos/assets/7.Scripts/Misc/MeshLoader.ts as cce:/internal/x/cc.
15:48:00.077 debug: Resolve cc from file:///F:/CocosProject/PLY_Roomtopia_Cocos/assets/7.Scripts/Misc/MeshLoader.ts as cce:/internal/x/cc.
15:48:00.077 debug: Resolve ../Pool/PoolMember from file:///F:/CocosProject/PLY_Roomtopia_Cocos/assets/7.Scripts/Misc/MeshLoader.ts as file:///F:/CocosProject/PLY_Roomtopia_Cocos/assets/7.Scripts/Pool/PoolMember.ts.
15:48:00.077 debug: Resolve cce:/internal/code-quality/cr.mjs from file:///F:/CocosProject/PLY_Roomtopia_Cocos/assets/7.Scripts/Misc/SkinManager.ts as cce:/internal/code-quality/cr.mjs.
15:48:00.077 debug: Resolve cc from file:///F:/CocosProject/PLY_Roomtopia_Cocos/assets/7.Scripts/Misc/SkinManager.ts as cce:/internal/x/cc.
15:48:00.077 debug: Resolve cc from file:///F:/CocosProject/PLY_Roomtopia_Cocos/assets/7.Scripts/Misc/SkinManager.ts as cce:/internal/x/cc.
15:48:00.077 debug: Resolve cc from file:///F:/CocosProject/PLY_Roomtopia_Cocos/assets/7.Scripts/Misc/SkinManager.ts as cce:/internal/x/cc.
15:48:00.077 debug: Resolve db://assets/7.Scripts/Manager/World from file:///F:/CocosProject/PLY_Roomtopia_Cocos/assets/7.Scripts/Misc/SkinManager.ts as file:///F:/CocosProject/PLY_Roomtopia_Cocos/assets/7.Scripts/Manager/World.ts.
15:48:00.077 debug: Resolve cc from file:///F:/CocosProject/PLY_Roomtopia_Cocos/assets/7.Scripts/Misc/SplineLineRenderer.ts as cce:/internal/x/cc.
15:48:00.077 debug: Resolve cc from file:///F:/CocosProject/PLY_Roomtopia_Cocos/assets/7.Scripts/Misc/SplineLineRenderer.ts as cce:/internal/x/cc.
15:48:00.077 debug: Resolve cc from file:///F:/CocosProject/PLY_Roomtopia_Cocos/assets/7.Scripts/Misc/SplineLineRenderer.ts as cce:/internal/x/cc.
15:48:00.077 debug: Resolve cce:/internal/code-quality/cr.mjs from file:///F:/CocosProject/PLY_Roomtopia_Cocos/assets/7.Scripts/Misc/Tool.ts as cce:/internal/code-quality/cr.mjs.
15:48:00.079 debug: Resolve cc from file:///F:/CocosProject/PLY_Roomtopia_Cocos/assets/7.Scripts/Misc/Tool.ts as cce:/internal/x/cc.
15:48:00.079 debug: Resolve cc from file:///F:/CocosProject/PLY_Roomtopia_Cocos/assets/7.Scripts/Misc/Tool.ts as cce:/internal/x/cc.
15:48:00.079 debug: Resolve cc from file:///F:/CocosProject/PLY_Roomtopia_Cocos/assets/7.Scripts/Misc/Tool.ts as cce:/internal/x/cc.
15:48:00.079 debug: Resolve ../Gameplay/Data from file:///F:/CocosProject/PLY_Roomtopia_Cocos/assets/7.Scripts/Misc/Tool.ts as file:///F:/CocosProject/PLY_Roomtopia_Cocos/assets/7.Scripts/Gameplay/Data.ts.
15:48:00.079 debug: Resolve cce:/internal/code-quality/cr.mjs from file:///F:/CocosProject/PLY_Roomtopia_Cocos/assets/7.Scripts/Misc/Tooth.ts as cce:/internal/code-quality/cr.mjs.
15:48:00.079 debug: Resolve cc from file:///F:/CocosProject/PLY_Roomtopia_Cocos/assets/7.Scripts/Misc/Tooth.ts as cce:/internal/x/cc.
15:48:00.079 debug: Resolve cc from file:///F:/CocosProject/PLY_Roomtopia_Cocos/assets/7.Scripts/Misc/Tooth.ts as cce:/internal/x/cc.
15:48:00.079 debug: Resolve cc from file:///F:/CocosProject/PLY_Roomtopia_Cocos/assets/7.Scripts/Misc/Tooth.ts as cce:/internal/x/cc.
15:48:00.079 debug: Resolve ./MeshLoader from file:///F:/CocosProject/PLY_Roomtopia_Cocos/assets/7.Scripts/Misc/Tooth.ts as file:///F:/CocosProject/PLY_Roomtopia_Cocos/assets/7.Scripts/Misc/MeshLoader.ts.
15:48:00.079 debug: Resolve ../Manager/AssetsManagerCustom from file:///F:/CocosProject/PLY_Roomtopia_Cocos/assets/7.Scripts/Misc/Tooth.ts as file:///F:/CocosProject/PLY_Roomtopia_Cocos/assets/7.Scripts/Manager/AssetsManagerCustom.ts.
15:48:00.079 debug: Resolve cc from file:///F:/CocosProject/PLY_Roomtopia_Cocos/assets/7.Scripts/MyScript/Config/TrayConfig.ts as cce:/internal/x/cc.
15:48:00.079 debug: Resolve cc from file:///F:/CocosProject/PLY_Roomtopia_Cocos/assets/7.Scripts/MyScript/Config/TrayConfig.ts as cce:/internal/x/cc.
15:48:00.079 debug: Resolve cc from file:///F:/CocosProject/PLY_Roomtopia_Cocos/assets/7.Scripts/MyScript/Config/TrayConfig.ts as cce:/internal/x/cc.
15:48:00.079 debug: Resolve cce:/internal/code-quality/cr.mjs from file:///F:/CocosProject/PLY_Roomtopia_Cocos/assets/7.Scripts/MyScript/Item/BottomBar.ts as cce:/internal/code-quality/cr.mjs.
15:48:00.079 debug: Resolve cc from file:///F:/CocosProject/PLY_Roomtopia_Cocos/assets/7.Scripts/MyScript/Item/BottomBar.ts as cce:/internal/x/cc.
15:48:00.079 debug: Resolve cc from file:///F:/CocosProject/PLY_Roomtopia_Cocos/assets/7.Scripts/MyScript/Item/BottomBar.ts as cce:/internal/x/cc.
15:48:00.079 debug: Resolve cc from file:///F:/CocosProject/PLY_Roomtopia_Cocos/assets/7.Scripts/MyScript/Item/BottomBar.ts as cce:/internal/x/cc.
15:48:00.079 debug: Resolve ../../Manager/UI from file:///F:/CocosProject/PLY_Roomtopia_Cocos/assets/7.Scripts/MyScript/Item/BottomBar.ts as file:///F:/CocosProject/PLY_Roomtopia_Cocos/assets/7.Scripts/Manager/UI.ts.
15:48:00.079 debug: Resolve ../Config/TrayConfig from file:///F:/CocosProject/PLY_Roomtopia_Cocos/assets/7.Scripts/MyScript/Item/BottomBar.ts as file:///F:/CocosProject/PLY_Roomtopia_Cocos/assets/7.Scripts/MyScript/Config/TrayConfig.ts.
15:48:00.079 debug: Resolve ./BoxBg from file:///F:/CocosProject/PLY_Roomtopia_Cocos/assets/7.Scripts/MyScript/Item/BottomBar.ts as file:///F:/CocosProject/PLY_Roomtopia_Cocos/assets/7.Scripts/MyScript/Item/BoxBg.ts.
15:48:00.079 debug: Resolve cce:/internal/code-quality/cr.mjs from file:///F:/CocosProject/PLY_Roomtopia_Cocos/assets/7.Scripts/MyScript/Item/BoxBg.ts as cce:/internal/code-quality/cr.mjs.
15:48:00.079 debug: Resolve cc from file:///F:/CocosProject/PLY_Roomtopia_Cocos/assets/7.Scripts/MyScript/Item/BoxBg.ts as cce:/internal/x/cc.
15:48:00.079 debug: Resolve cc from file:///F:/CocosProject/PLY_Roomtopia_Cocos/assets/7.Scripts/MyScript/Item/BoxBg.ts as cce:/internal/x/cc.
15:48:00.079 debug: Resolve cc from file:///F:/CocosProject/PLY_Roomtopia_Cocos/assets/7.Scripts/MyScript/Item/BoxBg.ts as cce:/internal/x/cc.
15:48:00.079 debug: Resolve ../Config/TrayConfig from file:///F:/CocosProject/PLY_Roomtopia_Cocos/assets/7.Scripts/MyScript/Item/BoxBg.ts as file:///F:/CocosProject/PLY_Roomtopia_Cocos/assets/7.Scripts/MyScript/Config/TrayConfig.ts.
15:48:00.079 debug: Resolve cce:/internal/code-quality/cr.mjs from file:///F:/CocosProject/PLY_Roomtopia_Cocos/assets/7.Scripts/MyScript/Item/FitInBox.ts as cce:/internal/code-quality/cr.mjs.
15:48:00.079 debug: Resolve cc from file:///F:/CocosProject/PLY_Roomtopia_Cocos/assets/7.Scripts/MyScript/Item/FitInBox.ts as cce:/internal/x/cc.
15:48:00.079 debug: Resolve cc from file:///F:/CocosProject/PLY_Roomtopia_Cocos/assets/7.Scripts/MyScript/Item/FitInBox.ts as cce:/internal/x/cc.
15:48:00.079 debug: Resolve cc from file:///F:/CocosProject/PLY_Roomtopia_Cocos/assets/7.Scripts/MyScript/Item/FitInBox.ts as cce:/internal/x/cc.
15:48:00.079 debug: Resolve ./BoxBg from file:///F:/CocosProject/PLY_Roomtopia_Cocos/assets/7.Scripts/MyScript/Item/FitInBox.ts as file:///F:/CocosProject/PLY_Roomtopia_Cocos/assets/7.Scripts/MyScript/Item/BoxBg.ts.
15:48:00.079 debug: Resolve cce:/internal/code-quality/cr.mjs from file:///F:/CocosProject/PLY_Roomtopia_Cocos/assets/7.Scripts/MyScript/Item/ItemController.ts as cce:/internal/code-quality/cr.mjs.
15:48:00.079 debug: Resolve cc from file:///F:/CocosProject/PLY_Roomtopia_Cocos/assets/7.Scripts/MyScript/Item/ItemController.ts as cce:/internal/x/cc.
15:48:00.079 debug: Resolve cc from file:///F:/CocosProject/PLY_Roomtopia_Cocos/assets/7.Scripts/MyScript/Item/ItemController.ts as cce:/internal/x/cc.
15:48:00.079 debug: Resolve cc from file:///F:/CocosProject/PLY_Roomtopia_Cocos/assets/7.Scripts/MyScript/Item/ItemController.ts as cce:/internal/x/cc.
15:48:00.079 debug: Resolve ./ItemGraphic from file:///F:/CocosProject/PLY_Roomtopia_Cocos/assets/7.Scripts/MyScript/Item/ItemController.ts as file:///F:/CocosProject/PLY_Roomtopia_Cocos/assets/7.Scripts/MyScript/Item/ItemGraphic.ts.
15:48:00.079 debug: Resolve ./ItemMovement from file:///F:/CocosProject/PLY_Roomtopia_Cocos/assets/7.Scripts/MyScript/Item/ItemController.ts as file:///F:/CocosProject/PLY_Roomtopia_Cocos/assets/7.Scripts/MyScript/Item/ItemMovement.ts.
15:48:00.079 debug: Resolve cce:/internal/code-quality/cr.mjs from file:///F:/CocosProject/PLY_Roomtopia_Cocos/assets/7.Scripts/MyScript/Item/ItemGraphic.ts as cce:/internal/code-quality/cr.mjs.
15:48:00.079 debug: Resolve cc from file:///F:/CocosProject/PLY_Roomtopia_Cocos/assets/7.Scripts/MyScript/Item/ItemGraphic.ts as cce:/internal/x/cc.
15:48:00.079 debug: Resolve cc from file:///F:/CocosProject/PLY_Roomtopia_Cocos/assets/7.Scripts/MyScript/Item/ItemGraphic.ts as cce:/internal/x/cc.
15:48:00.079 debug: Resolve cc from file:///F:/CocosProject/PLY_Roomtopia_Cocos/assets/7.Scripts/MyScript/Item/ItemGraphic.ts as cce:/internal/x/cc.
15:48:00.080 debug: Resolve ../Config/TrayConfig from file:///F:/CocosProject/PLY_Roomtopia_Cocos/assets/7.Scripts/MyScript/Item/ItemGraphic.ts as file:///F:/CocosProject/PLY_Roomtopia_Cocos/assets/7.Scripts/MyScript/Config/TrayConfig.ts.
15:48:00.080 debug: Resolve ./QuadImage from file:///F:/CocosProject/PLY_Roomtopia_Cocos/assets/7.Scripts/MyScript/Item/ItemGraphic.ts as file:///F:/CocosProject/PLY_Roomtopia_Cocos/assets/7.Scripts/MyScript/Item/QuadImage.ts.
15:48:00.080 debug: Resolve cc from file:///F:/CocosProject/PLY_Roomtopia_Cocos/assets/7.Scripts/MyScript/Item/QuadImage.ts as cce:/internal/x/cc.
15:48:00.080 debug: Resolve cc from file:///F:/CocosProject/PLY_Roomtopia_Cocos/assets/7.Scripts/MyScript/Item/QuadImage.ts as cce:/internal/x/cc.
15:48:00.080 debug: Resolve cc from file:///F:/CocosProject/PLY_Roomtopia_Cocos/assets/7.Scripts/MyScript/Item/QuadImage.ts as cce:/internal/x/cc.
15:48:00.080 debug: Resolve cce:/internal/code-quality/cr.mjs from file:///F:/CocosProject/PLY_Roomtopia_Cocos/assets/7.Scripts/MyScript/Item/ItemMovement.ts as cce:/internal/code-quality/cr.mjs.
15:48:00.080 debug: Resolve cc from file:///F:/CocosProject/PLY_Roomtopia_Cocos/assets/7.Scripts/MyScript/Item/ItemMovement.ts as cce:/internal/x/cc.
15:48:00.080 debug: Resolve cc from file:///F:/CocosProject/PLY_Roomtopia_Cocos/assets/7.Scripts/MyScript/Item/ItemMovement.ts as cce:/internal/x/cc.
15:48:00.080 debug: Resolve cc from file:///F:/CocosProject/PLY_Roomtopia_Cocos/assets/7.Scripts/MyScript/Item/ItemMovement.ts as cce:/internal/x/cc.
15:48:00.080 debug: Resolve ./ItemGraphic from file:///F:/CocosProject/PLY_Roomtopia_Cocos/assets/7.Scripts/MyScript/Item/ItemMovement.ts as file:///F:/CocosProject/PLY_Roomtopia_Cocos/assets/7.Scripts/MyScript/Item/ItemGraphic.ts.
15:48:00.080 debug: Resolve cc from file:///F:/CocosProject/PLY_Roomtopia_Cocos/assets/7.Scripts/MyScript/Manager/GameManager.ts as cce:/internal/x/cc.
15:48:00.080 debug: Resolve cc from file:///F:/CocosProject/PLY_Roomtopia_Cocos/assets/7.Scripts/MyScript/Manager/GameManager.ts as cce:/internal/x/cc.
15:48:00.080 debug: Resolve cc from file:///F:/CocosProject/PLY_Roomtopia_Cocos/assets/7.Scripts/MyScript/Manager/GameManager.ts as cce:/internal/x/cc.
15:48:00.080 debug: Resolve cce:/internal/code-quality/cr.mjs from file:///F:/CocosProject/PLY_Roomtopia_Cocos/assets/7.Scripts/MyScript/Manager/HandHintManager.ts as cce:/internal/code-quality/cr.mjs.
15:48:00.080 debug: Resolve cc from file:///F:/CocosProject/PLY_Roomtopia_Cocos/assets/7.Scripts/MyScript/Manager/HandHintManager.ts as cce:/internal/x/cc.
15:48:00.080 debug: Resolve cc from file:///F:/CocosProject/PLY_Roomtopia_Cocos/assets/7.Scripts/MyScript/Manager/HandHintManager.ts as cce:/internal/x/cc.
15:48:00.080 debug: Resolve cc from file:///F:/CocosProject/PLY_Roomtopia_Cocos/assets/7.Scripts/MyScript/Manager/HandHintManager.ts as cce:/internal/x/cc.
15:48:00.080 debug: Resolve cc/env from file:///F:/CocosProject/PLY_Roomtopia_Cocos/assets/7.Scripts/MyScript/Manager/HandHintManager.ts as external dependency cc/env.
15:48:00.080 debug: Resolve ../../Manager/UI from file:///F:/CocosProject/PLY_Roomtopia_Cocos/assets/7.Scripts/MyScript/Manager/HandHintManager.ts as file:///F:/CocosProject/PLY_Roomtopia_Cocos/assets/7.Scripts/Manager/UI.ts.
15:48:00.080 debug: Resolve ../Item/BoxBg from file:///F:/CocosProject/PLY_Roomtopia_Cocos/assets/7.Scripts/MyScript/Manager/HandHintManager.ts as file:///F:/CocosProject/PLY_Roomtopia_Cocos/assets/7.Scripts/MyScript/Item/BoxBg.ts.
15:48:00.080 debug: Resolve ../Item/ItemGraphic from file:///F:/CocosProject/PLY_Roomtopia_Cocos/assets/7.Scripts/MyScript/Manager/HandHintManager.ts as file:///F:/CocosProject/PLY_Roomtopia_Cocos/assets/7.Scripts/MyScript/Item/ItemGraphic.ts.
15:48:00.080 debug: Resolve ./ItemManager from file:///F:/CocosProject/PLY_Roomtopia_Cocos/assets/7.Scripts/MyScript/Manager/HandHintManager.ts as file:///F:/CocosProject/PLY_Roomtopia_Cocos/assets/7.Scripts/MyScript/Manager/ItemManager.ts.
15:48:00.083 debug: Resolve ./ModelRotate from file:///F:/CocosProject/PLY_Roomtopia_Cocos/assets/7.Scripts/MyScript/Manager/HandHintManager.ts as file:///F:/CocosProject/PLY_Roomtopia_Cocos/assets/7.Scripts/MyScript/Manager/ModelRotate.ts.
15:48:00.083 debug: Resolve cce:/internal/code-quality/cr.mjs from file:///F:/CocosProject/PLY_Roomtopia_Cocos/assets/7.Scripts/MyScript/Manager/ItemManager.ts as cce:/internal/code-quality/cr.mjs.
15:48:00.083 debug: Resolve cc from file:///F:/CocosProject/PLY_Roomtopia_Cocos/assets/7.Scripts/MyScript/Manager/ItemManager.ts as cce:/internal/x/cc.
15:48:00.083 debug: Resolve cc from file:///F:/CocosProject/PLY_Roomtopia_Cocos/assets/7.Scripts/MyScript/Manager/ItemManager.ts as cce:/internal/x/cc.
15:48:00.083 debug: Resolve cc from file:///F:/CocosProject/PLY_Roomtopia_Cocos/assets/7.Scripts/MyScript/Manager/ItemManager.ts as cce:/internal/x/cc.
15:48:00.083 debug: Resolve cc/env from file:///F:/CocosProject/PLY_Roomtopia_Cocos/assets/7.Scripts/MyScript/Manager/ItemManager.ts as external dependency cc/env.
15:48:00.083 debug: Resolve ../../Manager/UI from file:///F:/CocosProject/PLY_Roomtopia_Cocos/assets/7.Scripts/MyScript/Manager/ItemManager.ts as file:///F:/CocosProject/PLY_Roomtopia_Cocos/assets/7.Scripts/Manager/UI.ts.
15:48:00.083 debug: Resolve ../Item/BottomBar from file:///F:/CocosProject/PLY_Roomtopia_Cocos/assets/7.Scripts/MyScript/Manager/ItemManager.ts as file:///F:/CocosProject/PLY_Roomtopia_Cocos/assets/7.Scripts/MyScript/Item/BottomBar.ts.
15:48:00.083 debug: Resolve ../Item/ItemController from file:///F:/CocosProject/PLY_Roomtopia_Cocos/assets/7.Scripts/MyScript/Manager/ItemManager.ts as file:///F:/CocosProject/PLY_Roomtopia_Cocos/assets/7.Scripts/MyScript/Item/ItemController.ts.
15:48:00.083 debug: Resolve ../Item/ItemGraphic from file:///F:/CocosProject/PLY_Roomtopia_Cocos/assets/7.Scripts/MyScript/Manager/ItemManager.ts as file:///F:/CocosProject/PLY_Roomtopia_Cocos/assets/7.Scripts/MyScript/Item/ItemGraphic.ts.
15:48:00.083 debug: Resolve ../Config/TrayConfig from file:///F:/CocosProject/PLY_Roomtopia_Cocos/assets/7.Scripts/MyScript/Manager/ItemManager.ts as file:///F:/CocosProject/PLY_Roomtopia_Cocos/assets/7.Scripts/MyScript/Config/TrayConfig.ts.
15:48:00.083 debug: Resolve ./GameManager from file:///F:/CocosProject/PLY_Roomtopia_Cocos/assets/7.Scripts/MyScript/Manager/ItemManager.ts as file:///F:/CocosProject/PLY_Roomtopia_Cocos/assets/7.Scripts/MyScript/Manager/GameManager.ts.
15:48:00.084 debug: Resolve ../Utils/SnapEffect from file:///F:/CocosProject/PLY_Roomtopia_Cocos/assets/7.Scripts/MyScript/Manager/ItemManager.ts as file:///F:/CocosProject/PLY_Roomtopia_Cocos/assets/7.Scripts/MyScript/Utils/SnapEffect.ts.
15:48:00.084 debug: Resolve ../../Tool/AppLovinAnalytics from file:///F:/CocosProject/PLY_Roomtopia_Cocos/assets/7.Scripts/MyScript/Manager/ItemManager.ts as file:///F:/CocosProject/PLY_Roomtopia_Cocos/assets/7.Scripts/Tool/AppLovinAnalytics.ts.
15:48:00.084 debug: Resolve cce:/internal/code-quality/cr.mjs from file:///F:/CocosProject/PLY_Roomtopia_Cocos/assets/7.Scripts/MyScript/Utils/SnapEffect.ts as cce:/internal/code-quality/cr.mjs.
15:48:00.084 debug: Resolve cc from file:///F:/CocosProject/PLY_Roomtopia_Cocos/assets/7.Scripts/MyScript/Utils/SnapEffect.ts as cce:/internal/x/cc.
15:48:00.084 debug: Resolve cc from file:///F:/CocosProject/PLY_Roomtopia_Cocos/assets/7.Scripts/MyScript/Utils/SnapEffect.ts as cce:/internal/x/cc.
15:48:00.084 debug: Resolve cc from file:///F:/CocosProject/PLY_Roomtopia_Cocos/assets/7.Scripts/MyScript/Utils/SnapEffect.ts as cce:/internal/x/cc.
15:48:00.084 debug: Resolve ./WinReact from file:///F:/CocosProject/PLY_Roomtopia_Cocos/assets/7.Scripts/MyScript/Utils/SnapEffect.ts as file:///F:/CocosProject/PLY_Roomtopia_Cocos/assets/7.Scripts/MyScript/Utils/WinReact.ts.
15:48:00.084 debug: Resolve ../Manager/GameManager from file:///F:/CocosProject/PLY_Roomtopia_Cocos/assets/7.Scripts/MyScript/Utils/SnapEffect.ts as file:///F:/CocosProject/PLY_Roomtopia_Cocos/assets/7.Scripts/MyScript/Manager/GameManager.ts.
15:48:00.084 debug: Resolve ../Item/ItemGraphic from file:///F:/CocosProject/PLY_Roomtopia_Cocos/assets/7.Scripts/MyScript/Utils/SnapEffect.ts as file:///F:/CocosProject/PLY_Roomtopia_Cocos/assets/7.Scripts/MyScript/Item/ItemGraphic.ts.
15:48:00.084 debug: Resolve ../../Manager/UI from file:///F:/CocosProject/PLY_Roomtopia_Cocos/assets/7.Scripts/MyScript/Utils/SnapEffect.ts as file:///F:/CocosProject/PLY_Roomtopia_Cocos/assets/7.Scripts/Manager/UI.ts.
15:48:00.084 debug: Resolve cc from file:///F:/CocosProject/PLY_Roomtopia_Cocos/assets/7.Scripts/MyScript/Utils/WinReact.ts as cce:/internal/x/cc.
15:48:00.084 debug: Resolve cc from file:///F:/CocosProject/PLY_Roomtopia_Cocos/assets/7.Scripts/MyScript/Utils/WinReact.ts as cce:/internal/x/cc.
15:48:00.084 debug: Resolve cc from file:///F:/CocosProject/PLY_Roomtopia_Cocos/assets/7.Scripts/MyScript/Utils/WinReact.ts as cce:/internal/x/cc.
15:48:00.084 debug: Resolve cce:/internal/code-quality/cr.mjs from file:///F:/CocosProject/PLY_Roomtopia_Cocos/assets/7.Scripts/MyScript/Manager/ModelRotate.ts as cce:/internal/code-quality/cr.mjs.
15:48:00.084 debug: Resolve cc from file:///F:/CocosProject/PLY_Roomtopia_Cocos/assets/7.Scripts/MyScript/Manager/ModelRotate.ts as cce:/internal/x/cc.
15:48:00.084 debug: Resolve cc from file:///F:/CocosProject/PLY_Roomtopia_Cocos/assets/7.Scripts/MyScript/Manager/ModelRotate.ts as cce:/internal/x/cc.
15:48:00.084 debug: Resolve cc from file:///F:/CocosProject/PLY_Roomtopia_Cocos/assets/7.Scripts/MyScript/Manager/ModelRotate.ts as cce:/internal/x/cc.
15:48:00.084 debug: Resolve cc/env from file:///F:/CocosProject/PLY_Roomtopia_Cocos/assets/7.Scripts/MyScript/Manager/ModelRotate.ts as external dependency cc/env.
15:48:00.084 debug: Resolve ../Item/BottomBar from file:///F:/CocosProject/PLY_Roomtopia_Cocos/assets/7.Scripts/MyScript/Manager/ModelRotate.ts as file:///F:/CocosProject/PLY_Roomtopia_Cocos/assets/7.Scripts/MyScript/Item/BottomBar.ts.
15:48:00.084 debug: Resolve ./ItemManager from file:///F:/CocosProject/PLY_Roomtopia_Cocos/assets/7.Scripts/MyScript/Manager/ModelRotate.ts as file:///F:/CocosProject/PLY_Roomtopia_Cocos/assets/7.Scripts/MyScript/Manager/ItemManager.ts.
15:48:00.084 debug: Resolve cc from file:///F:/CocosProject/PLY_Roomtopia_Cocos/assets/7.Scripts/MyScript/ScriptTemplate/ComponentCache.ts as cce:/internal/x/cc.
15:48:00.084 debug: Resolve cc from file:///F:/CocosProject/PLY_Roomtopia_Cocos/assets/7.Scripts/MyScript/ScriptTemplate/ComponentCache.ts as cce:/internal/x/cc.
15:48:00.085 debug: Resolve cc from file:///F:/CocosProject/PLY_Roomtopia_Cocos/assets/7.Scripts/MyScript/ScriptTemplate/Yielders.ts as cce:/internal/x/cc.
15:48:00.085 debug: Resolve cce:/internal/code-quality/cr.mjs from file:///F:/CocosProject/PLY_Roomtopia_Cocos/assets/7.Scripts/Pool/PoolControl.ts as cce:/internal/code-quality/cr.mjs.
15:48:00.085 debug: Resolve cc from file:///F:/CocosProject/PLY_Roomtopia_Cocos/assets/7.Scripts/Pool/PoolControl.ts as cce:/internal/x/cc.
15:48:00.085 debug: Resolve cc from file:///F:/CocosProject/PLY_Roomtopia_Cocos/assets/7.Scripts/Pool/PoolControl.ts as cce:/internal/x/cc.
15:48:00.085 debug: Resolve cc from file:///F:/CocosProject/PLY_Roomtopia_Cocos/assets/7.Scripts/Pool/PoolControl.ts as cce:/internal/x/cc.
15:48:00.085 debug: Resolve cce:/internal/code-quality/cr.mjs from file:///F:/CocosProject/PLY_Roomtopia_Cocos/assets/7.Scripts/Pool/PoolManager.ts as cce:/internal/code-quality/cr.mjs.
15:48:00.085 debug: Resolve cc from file:///F:/CocosProject/PLY_Roomtopia_Cocos/assets/7.Scripts/Pool/PoolManager.ts as cce:/internal/x/cc.
15:48:00.085 debug: Resolve cc from file:///F:/CocosProject/PLY_Roomtopia_Cocos/assets/7.Scripts/Pool/PoolManager.ts as cce:/internal/x/cc.
15:48:00.085 debug: Resolve cc from file:///F:/CocosProject/PLY_Roomtopia_Cocos/assets/7.Scripts/Pool/PoolManager.ts as cce:/internal/x/cc.
15:48:00.085 debug: Resolve ./PoolMember from file:///F:/CocosProject/PLY_Roomtopia_Cocos/assets/7.Scripts/Pool/PoolManager.ts as file:///F:/CocosProject/PLY_Roomtopia_Cocos/assets/7.Scripts/Pool/PoolMember.ts.
15:48:00.085 debug: Resolve ./PoolControl from file:///F:/CocosProject/PLY_Roomtopia_Cocos/assets/7.Scripts/Pool/PoolManager.ts as file:///F:/CocosProject/PLY_Roomtopia_Cocos/assets/7.Scripts/Pool/PoolControl.ts.
15:48:00.085 debug: Resolve cce:/internal/code-quality/cr.mjs from file:///F:/CocosProject/PLY_Roomtopia_Cocos/assets/7.Scripts/Sand/SandSimulation.ts as cce:/internal/code-quality/cr.mjs.
15:48:00.085 debug: Resolve cc from file:///F:/CocosProject/PLY_Roomtopia_Cocos/assets/7.Scripts/Sand/SandSimulation.ts as cce:/internal/x/cc.
15:48:00.085 debug: Resolve cc from file:///F:/CocosProject/PLY_Roomtopia_Cocos/assets/7.Scripts/Sand/SandSimulation.ts as cce:/internal/x/cc.
15:48:00.085 debug: Resolve cc from file:///F:/CocosProject/PLY_Roomtopia_Cocos/assets/7.Scripts/Sand/SandSimulation.ts as cce:/internal/x/cc.
15:48:00.085 debug: Resolve ../Gameplay/Data from file:///F:/CocosProject/PLY_Roomtopia_Cocos/assets/7.Scripts/Sand/SandSimulation.ts as file:///F:/CocosProject/PLY_Roomtopia_Cocos/assets/7.Scripts/Gameplay/Data.ts.
15:48:00.100 debug: Target(editor) ends with cost 309.0722999999998ms.
15:48:00.101 debug: Target(preview) build started.
15:48:00.109 debug: Detected change: cce:/internal/x/cc. Last mtime: Thu Jan 01 1970 07:00:05 GMT+0700 (Indochina Time), Current mtime: Thu Jan 01 1970 07:00:09 GMT+0700 (Indochina Time)
15:48:00.109 debug: Inspect cce:/internal/x/cc
15:48:00.150 debug: transform url: 'cce:/internal/x/cc' costs: 40.90 ms
15:48:00.151 debug: Resolve cce:/internal/x/cc-fu/2d from cce:/internal/x/cc as external dependency cce:/internal/x/cc-fu/2d.
15:48:00.151 debug: Resolve cce:/internal/x/cc-fu/sorting from cce:/internal/x/cc as external dependency cce:/internal/x/cc-fu/sorting.
15:48:00.151 debug: Resolve cce:/internal/x/cc-fu/3d from cce:/internal/x/cc as external dependency cce:/internal/x/cc-fu/3d.
15:48:00.151 debug: Resolve cce:/internal/x/cc-fu/animation from cce:/internal/x/cc as external dependency cce:/internal/x/cc-fu/animation.
15:48:00.151 debug: Resolve cce:/internal/x/cc-fu/audio from cce:/internal/x/cc as external dependency cce:/internal/x/cc-fu/audio.
15:48:00.151 debug: Resolve cce:/internal/x/cc-fu/base from cce:/internal/x/cc as external dependency cce:/internal/x/cc-fu/base.
15:48:00.151 debug: Resolve cce:/internal/x/cc-fu/custom-pipeline from cce:/internal/x/cc as external dependency cce:/internal/x/cc-fu/custom-pipeline.
15:48:00.151 debug: Resolve cce:/internal/x/cc-fu/custom-pipeline-post-process from cce:/internal/x/cc as external dependency cce:/internal/x/cc-fu/custom-pipeline-post-process.
15:48:00.151 debug: Resolve cce:/internal/x/cc-fu/gfx-webgl from cce:/internal/x/cc as external dependency cce:/internal/x/cc-fu/gfx-webgl.
15:48:00.151 debug: Resolve cce:/internal/x/cc-fu/gfx-webgl2 from cce:/internal/x/cc as external dependency cce:/internal/x/cc-fu/gfx-webgl2.
15:48:00.152 debug: Resolve cce:/internal/x/cc-fu/graphics from cce:/internal/x/cc as external dependency cce:/internal/x/cc-fu/graphics.
15:48:00.152 debug: Resolve cce:/internal/x/cc-fu/intersection-2d from cce:/internal/x/cc as external dependency cce:/internal/x/cc-fu/intersection-2d.
15:48:00.152 debug: Resolve cce:/internal/x/cc-fu/light-probe from cce:/internal/x/cc as external dependency cce:/internal/x/cc-fu/light-probe.
15:48:00.152 debug: Resolve cce:/internal/x/cc-fu/mask from cce:/internal/x/cc as external dependency cce:/internal/x/cc-fu/mask.
15:48:00.152 debug: Resolve cce:/internal/x/cc-fu/particle from cce:/internal/x/cc as external dependency cce:/internal/x/cc-fu/particle.
15:48:00.152 debug: Resolve cce:/internal/x/cc-fu/particle-2d from cce:/internal/x/cc as external dependency cce:/internal/x/cc-fu/particle-2d.
15:48:00.152 debug: Resolve cce:/internal/x/cc-fu/physics-ammo from cce:/internal/x/cc as external dependency cce:/internal/x/cc-fu/physics-ammo.
15:48:00.152 debug: Resolve cce:/internal/x/cc-fu/physics-framework from cce:/internal/x/cc as external dependency cce:/internal/x/cc-fu/physics-framework.
15:48:00.152 debug: Resolve cce:/internal/x/cc-fu/primitive from cce:/internal/x/cc as external dependency cce:/internal/x/cc-fu/primitive.
15:48:00.152 debug: Resolve cce:/internal/x/cc-fu/profiler from cce:/internal/x/cc as external dependency cce:/internal/x/cc-fu/profiler.
15:48:00.152 debug: Resolve cce:/internal/x/cc-fu/skeletal-animation from cce:/internal/x/cc as external dependency cce:/internal/x/cc-fu/skeletal-animation.
15:48:00.152 debug: Resolve cce:/internal/x/cc-fu/spine from cce:/internal/x/cc as external dependency cce:/internal/x/cc-fu/spine.
15:48:00.152 debug: Resolve cce:/internal/x/cc-fu/tiled-map from cce:/internal/x/cc as external dependency cce:/internal/x/cc-fu/tiled-map.
15:48:00.152 debug: Resolve cce:/internal/x/cc-fu/tween from cce:/internal/x/cc as external dependency cce:/internal/x/cc-fu/tween.
15:48:00.152 debug: Resolve cce:/internal/x/cc-fu/ui from cce:/internal/x/cc as external dependency cce:/internal/x/cc-fu/ui.
15:48:00.152 debug: Resolve cce:/internal/x/cc-fu/webview from cce:/internal/x/cc as external dependency cce:/internal/x/cc-fu/webview.
15:48:00.152 debug: Detected change: cce:/internal/x/prerequisite-imports. Last mtime: Thu Jan 01 1970 07:02:18 GMT+0700 (Indochina Time), Current mtime: Thu Jan 01 1970 07:00:09 GMT+0700 (Indochina Time)
15:48:00.153 debug: Inspect cce:/internal/x/prerequisite-imports
15:48:00.176 debug: transform url: 'cce:/internal/x/prerequisite-imports' costs: 23.00 ms
15:48:00.178 debug: Resolve file:///C:/ProgramData/cocos/editors/Creator/3.8.8/resources/resources/3d/engine/editor/assets/default_renderpipeline/builtin-dof-pass.ts from cce:/internal/x/prerequisite-imports as file:///C:/ProgramData/cocos/editors/Creator/3.8.8/resources/resources/3d/engine/editor/assets/default_renderpipeline/builtin-dof-pass.ts.
15:48:00.179 debug: Resolve file:///C:/ProgramData/cocos/editors/Creator/3.8.8/resources/resources/3d/engine/editor/assets/default_renderpipeline/builtin-pipeline-pass.ts from cce:/internal/x/prerequisite-imports as file:///C:/ProgramData/cocos/editors/Creator/3.8.8/resources/resources/3d/engine/editor/assets/default_renderpipeline/builtin-pipeline-pass.ts.
15:48:00.180 debug: Resolve file:///C:/ProgramData/cocos/editors/Creator/3.8.8/resources/resources/3d/engine/editor/assets/default_renderpipeline/builtin-pipeline-settings.ts from cce:/internal/x/prerequisite-imports as file:///C:/ProgramData/cocos/editors/Creator/3.8.8/resources/resources/3d/engine/editor/assets/default_renderpipeline/builtin-pipeline-settings.ts.
15:48:00.182 debug: Resolve file:///C:/ProgramData/cocos/editors/Creator/3.8.8/resources/resources/3d/engine/editor/assets/default_renderpipeline/builtin-pipeline-types.ts from cce:/internal/x/prerequisite-imports as file:///C:/ProgramData/cocos/editors/Creator/3.8.8/resources/resources/3d/engine/editor/assets/default_renderpipeline/builtin-pipeline-types.ts.
15:48:00.182 debug: Resolve file:///C:/ProgramData/cocos/editors/Creator/3.8.8/resources/resources/3d/engine/editor/assets/default_renderpipeline/builtin-pipeline.ts from cce:/internal/x/prerequisite-imports as file:///C:/ProgramData/cocos/editors/Creator/3.8.8/resources/resources/3d/engine/editor/assets/default_renderpipeline/builtin-pipeline.ts.
15:48:00.183 debug: Resolve file:///C:/ProgramData/cocos/editors/Creator/3.8.8/resources/resources/3d/engine/editor/assets/tools/debug-view-runtime-control.ts from cce:/internal/x/prerequisite-imports as file:///C:/ProgramData/cocos/editors/Creator/3.8.8/resources/resources/3d/engine/editor/assets/tools/debug-view-runtime-control.ts.
15:48:00.184 debug: Resolve file:///F:/CocosProject/PLY_Roomtopia_Cocos/assets/7.Scripts/Gameplay/Data.ts from cce:/internal/x/prerequisite-imports as file:///F:/CocosProject/PLY_Roomtopia_Cocos/assets/7.Scripts/Gameplay/Data.ts.
15:48:00.184 debug: Resolve file:///F:/CocosProject/PLY_Roomtopia_Cocos/assets/7.Scripts/Manager/AssetsManagerCustom.ts from cce:/internal/x/prerequisite-imports as file:///F:/CocosProject/PLY_Roomtopia_Cocos/assets/7.Scripts/Manager/AssetsManagerCustom.ts.
15:48:00.185 debug: Resolve file:///F:/CocosProject/PLY_Roomtopia_Cocos/assets/7.Scripts/Manager/Clock.ts from cce:/internal/x/prerequisite-imports as file:///F:/CocosProject/PLY_Roomtopia_Cocos/assets/7.Scripts/Manager/Clock.ts.
15:48:00.185 debug: Resolve file:///F:/CocosProject/PLY_Roomtopia_Cocos/assets/7.Scripts/Manager/InputManager.ts from cce:/internal/x/prerequisite-imports as file:///F:/CocosProject/PLY_Roomtopia_Cocos/assets/7.Scripts/Manager/InputManager.ts.
15:48:00.185 debug: Resolve file:///F:/CocosProject/PLY_Roomtopia_Cocos/assets/7.Scripts/Manager/Joystick.ts from cce:/internal/x/prerequisite-imports as file:///F:/CocosProject/PLY_Roomtopia_Cocos/assets/7.Scripts/Manager/Joystick.ts.
15:48:00.186 debug: Resolve file:///F:/CocosProject/PLY_Roomtopia_Cocos/assets/7.Scripts/Manager/MainCamera.ts from cce:/internal/x/prerequisite-imports as file:///F:/CocosProject/PLY_Roomtopia_Cocos/assets/7.Scripts/Manager/MainCamera.ts.
15:48:00.186 debug: Resolve file:///F:/CocosProject/PLY_Roomtopia_Cocos/assets/7.Scripts/Manager/PointerController.ts from cce:/internal/x/prerequisite-imports as file:///F:/CocosProject/PLY_Roomtopia_Cocos/assets/7.Scripts/Manager/PointerController.ts.
15:48:00.186 debug: Resolve file:///F:/CocosProject/PLY_Roomtopia_Cocos/assets/7.Scripts/Manager/SoundManager.ts from cce:/internal/x/prerequisite-imports as file:///F:/CocosProject/PLY_Roomtopia_Cocos/assets/7.Scripts/Manager/SoundManager.ts.
15:48:00.187 debug: Resolve file:///F:/CocosProject/PLY_Roomtopia_Cocos/assets/7.Scripts/Manager/UI.ts from cce:/internal/x/prerequisite-imports as file:///F:/CocosProject/PLY_Roomtopia_Cocos/assets/7.Scripts/Manager/UI.ts.
15:48:00.187 debug: Resolve file:///F:/CocosProject/PLY_Roomtopia_Cocos/assets/7.Scripts/Manager/VFX.ts from cce:/internal/x/prerequisite-imports as file:///F:/CocosProject/PLY_Roomtopia_Cocos/assets/7.Scripts/Manager/VFX.ts.
15:48:00.188 debug: Resolve file:///F:/CocosProject/PLY_Roomtopia_Cocos/assets/7.Scripts/Manager/World.ts from cce:/internal/x/prerequisite-imports as file:///F:/CocosProject/PLY_Roomtopia_Cocos/assets/7.Scripts/Manager/World.ts.
15:48:00.188 debug: Resolve file:///F:/CocosProject/PLY_Roomtopia_Cocos/assets/7.Scripts/MatchAsset/MatchSprite.ts from cce:/internal/x/prerequisite-imports as file:///F:/CocosProject/PLY_Roomtopia_Cocos/assets/7.Scripts/MatchAsset/MatchSprite.ts.
15:48:00.188 debug: Resolve file:///F:/CocosProject/PLY_Roomtopia_Cocos/assets/7.Scripts/MatchAsset/NodeOrder.ts from cce:/internal/x/prerequisite-imports as file:///F:/CocosProject/PLY_Roomtopia_Cocos/assets/7.Scripts/MatchAsset/NodeOrder.ts.
15:48:00.189 debug: Resolve file:///F:/CocosProject/PLY_Roomtopia_Cocos/assets/7.Scripts/MatchAsset/ReadImagePixel.ts from cce:/internal/x/prerequisite-imports as file:///F:/CocosProject/PLY_Roomtopia_Cocos/assets/7.Scripts/MatchAsset/ReadImagePixel.ts.
15:48:00.189 debug: Resolve file:///F:/CocosProject/PLY_Roomtopia_Cocos/assets/7.Scripts/MatchAsset/SpriteSizeSetter.ts from cce:/internal/x/prerequisite-imports as file:///F:/CocosProject/PLY_Roomtopia_Cocos/assets/7.Scripts/MatchAsset/SpriteSizeSetter.ts.
15:48:00.189 debug: Resolve file:///F:/CocosProject/PLY_Roomtopia_Cocos/assets/7.Scripts/MatchAsset/Ulis.ts from cce:/internal/x/prerequisite-imports as file:///F:/CocosProject/PLY_Roomtopia_Cocos/assets/7.Scripts/MatchAsset/Ulis.ts.
15:48:00.190 debug: Resolve file:///F:/CocosProject/PLY_Roomtopia_Cocos/assets/7.Scripts/Misc/AStar.ts from cce:/internal/x/prerequisite-imports as file:///F:/CocosProject/PLY_Roomtopia_Cocos/assets/7.Scripts/Misc/AStar.ts.
15:48:00.190 debug: Resolve file:///F:/CocosProject/PLY_Roomtopia_Cocos/assets/7.Scripts/Misc/Black.ts from cce:/internal/x/prerequisite-imports as file:///F:/CocosProject/PLY_Roomtopia_Cocos/assets/7.Scripts/Misc/Black.ts.
15:48:00.191 debug: Resolve file:///F:/CocosProject/PLY_Roomtopia_Cocos/assets/7.Scripts/Misc/Cloud.ts from cce:/internal/x/prerequisite-imports as file:///F:/CocosProject/PLY_Roomtopia_Cocos/assets/7.Scripts/Misc/Cloud.ts.
15:48:00.192 debug: Resolve file:///F:/CocosProject/PLY_Roomtopia_Cocos/assets/7.Scripts/Misc/IQ.ts from cce:/internal/x/prerequisite-imports as file:///F:/CocosProject/PLY_Roomtopia_Cocos/assets/7.Scripts/Misc/IQ.ts.
15:48:00.192 debug: Resolve file:///F:/CocosProject/PLY_Roomtopia_Cocos/assets/7.Scripts/Misc/Mats.ts from cce:/internal/x/prerequisite-imports as file:///F:/CocosProject/PLY_Roomtopia_Cocos/assets/7.Scripts/Misc/Mats.ts.
15:48:00.192 debug: Resolve file:///F:/CocosProject/PLY_Roomtopia_Cocos/assets/7.Scripts/Misc/MeshLoader.ts from cce:/internal/x/prerequisite-imports as file:///F:/CocosProject/PLY_Roomtopia_Cocos/assets/7.Scripts/Misc/MeshLoader.ts.
15:48:00.193 debug: Resolve file:///F:/CocosProject/PLY_Roomtopia_Cocos/assets/7.Scripts/Misc/SkinManager.ts from cce:/internal/x/prerequisite-imports as file:///F:/CocosProject/PLY_Roomtopia_Cocos/assets/7.Scripts/Misc/SkinManager.ts.
15:48:00.193 debug: Resolve file:///F:/CocosProject/PLY_Roomtopia_Cocos/assets/7.Scripts/Misc/SplineLineRenderer.ts from cce:/internal/x/prerequisite-imports as file:///F:/CocosProject/PLY_Roomtopia_Cocos/assets/7.Scripts/Misc/SplineLineRenderer.ts.
15:48:00.193 debug: Resolve file:///F:/CocosProject/PLY_Roomtopia_Cocos/assets/7.Scripts/Misc/Tool.ts from cce:/internal/x/prerequisite-imports as file:///F:/CocosProject/PLY_Roomtopia_Cocos/assets/7.Scripts/Misc/Tool.ts.
15:48:00.194 debug: Resolve file:///F:/CocosProject/PLY_Roomtopia_Cocos/assets/7.Scripts/Misc/Tooth.ts from cce:/internal/x/prerequisite-imports as file:///F:/CocosProject/PLY_Roomtopia_Cocos/assets/7.Scripts/Misc/Tooth.ts.
15:48:00.194 debug: Resolve file:///F:/CocosProject/PLY_Roomtopia_Cocos/assets/7.Scripts/Misc/Ulis.ts from cce:/internal/x/prerequisite-imports as file:///F:/CocosProject/PLY_Roomtopia_Cocos/assets/7.Scripts/Misc/Ulis.ts.
15:48:00.195 debug: Resolve file:///F:/CocosProject/PLY_Roomtopia_Cocos/assets/7.Scripts/MyScript/Config/TrayConfig.ts from cce:/internal/x/prerequisite-imports as file:///F:/CocosProject/PLY_Roomtopia_Cocos/assets/7.Scripts/MyScript/Config/TrayConfig.ts.
15:48:00.195 debug: Resolve file:///F:/CocosProject/PLY_Roomtopia_Cocos/assets/7.Scripts/MyScript/Item/BottomBar.ts from cce:/internal/x/prerequisite-imports as file:///F:/CocosProject/PLY_Roomtopia_Cocos/assets/7.Scripts/MyScript/Item/BottomBar.ts.
15:48:00.196 debug: Resolve file:///F:/CocosProject/PLY_Roomtopia_Cocos/assets/7.Scripts/MyScript/Item/BoxBg.ts from cce:/internal/x/prerequisite-imports as file:///F:/CocosProject/PLY_Roomtopia_Cocos/assets/7.Scripts/MyScript/Item/BoxBg.ts.
15:48:00.196 debug: Resolve file:///F:/CocosProject/PLY_Roomtopia_Cocos/assets/7.Scripts/MyScript/Item/FitInBox.ts from cce:/internal/x/prerequisite-imports as file:///F:/CocosProject/PLY_Roomtopia_Cocos/assets/7.Scripts/MyScript/Item/FitInBox.ts.
15:48:00.197 debug: Resolve file:///F:/CocosProject/PLY_Roomtopia_Cocos/assets/7.Scripts/MyScript/Item/ItemController.ts from cce:/internal/x/prerequisite-imports as file:///F:/CocosProject/PLY_Roomtopia_Cocos/assets/7.Scripts/MyScript/Item/ItemController.ts.
15:48:00.197 debug: Resolve file:///F:/CocosProject/PLY_Roomtopia_Cocos/assets/7.Scripts/MyScript/Item/ItemGraphic.ts from cce:/internal/x/prerequisite-imports as file:///F:/CocosProject/PLY_Roomtopia_Cocos/assets/7.Scripts/MyScript/Item/ItemGraphic.ts.
15:48:00.197 debug: Resolve file:///F:/CocosProject/PLY_Roomtopia_Cocos/assets/7.Scripts/MyScript/Item/ItemMovement.ts from cce:/internal/x/prerequisite-imports as file:///F:/CocosProject/PLY_Roomtopia_Cocos/assets/7.Scripts/MyScript/Item/ItemMovement.ts.
15:48:00.198 debug: Resolve file:///F:/CocosProject/PLY_Roomtopia_Cocos/assets/7.Scripts/MyScript/Item/QuadImage.ts from cce:/internal/x/prerequisite-imports as file:///F:/CocosProject/PLY_Roomtopia_Cocos/assets/7.Scripts/MyScript/Item/QuadImage.ts.
15:48:00.198 debug: Resolve file:///F:/CocosProject/PLY_Roomtopia_Cocos/assets/7.Scripts/MyScript/Manager/GameManager.ts from cce:/internal/x/prerequisite-imports as file:///F:/CocosProject/PLY_Roomtopia_Cocos/assets/7.Scripts/MyScript/Manager/GameManager.ts.
15:48:00.199 debug: Resolve file:///F:/CocosProject/PLY_Roomtopia_Cocos/assets/7.Scripts/MyScript/Manager/HandHintManager.ts from cce:/internal/x/prerequisite-imports as file:///F:/CocosProject/PLY_Roomtopia_Cocos/assets/7.Scripts/MyScript/Manager/HandHintManager.ts.
15:48:00.199 debug: Resolve file:///F:/CocosProject/PLY_Roomtopia_Cocos/assets/7.Scripts/MyScript/Manager/ItemManager.ts from cce:/internal/x/prerequisite-imports as file:///F:/CocosProject/PLY_Roomtopia_Cocos/assets/7.Scripts/MyScript/Manager/ItemManager.ts.
15:48:00.199 debug: Resolve file:///F:/CocosProject/PLY_Roomtopia_Cocos/assets/7.Scripts/MyScript/Manager/ModelRotate.ts from cce:/internal/x/prerequisite-imports as file:///F:/CocosProject/PLY_Roomtopia_Cocos/assets/7.Scripts/MyScript/Manager/ModelRotate.ts.
15:48:00.200 debug: Resolve file:///F:/CocosProject/PLY_Roomtopia_Cocos/assets/7.Scripts/MyScript/ScriptTemplate/ComponentCache.ts from cce:/internal/x/prerequisite-imports as file:///F:/CocosProject/PLY_Roomtopia_Cocos/assets/7.Scripts/MyScript/ScriptTemplate/ComponentCache.ts.
15:48:00.200 debug: Resolve file:///F:/CocosProject/PLY_Roomtopia_Cocos/assets/7.Scripts/MyScript/ScriptTemplate/Ply_GameUnit.ts from cce:/internal/x/prerequisite-imports as file:///F:/CocosProject/PLY_Roomtopia_Cocos/assets/7.Scripts/MyScript/ScriptTemplate/Ply_GameUnit.ts.
15:48:00.201 debug: Resolve file:///F:/CocosProject/PLY_Roomtopia_Cocos/assets/7.Scripts/MyScript/ScriptTemplate/Ply_Pool.ts from cce:/internal/x/prerequisite-imports as file:///F:/CocosProject/PLY_Roomtopia_Cocos/assets/7.Scripts/MyScript/ScriptTemplate/Ply_Pool.ts.
15:48:00.202 debug: Resolve file:///F:/CocosProject/PLY_Roomtopia_Cocos/assets/7.Scripts/MyScript/ScriptTemplate/Ply_Singleton.ts from cce:/internal/x/prerequisite-imports as file:///F:/CocosProject/PLY_Roomtopia_Cocos/assets/7.Scripts/MyScript/ScriptTemplate/Ply_Singleton.ts.
15:48:00.204 debug: Resolve file:///F:/CocosProject/PLY_Roomtopia_Cocos/assets/7.Scripts/MyScript/ScriptTemplate/Ply_SoundManager.ts from cce:/internal/x/prerequisite-imports as file:///F:/CocosProject/PLY_Roomtopia_Cocos/assets/7.Scripts/MyScript/ScriptTemplate/Ply_SoundManager.ts.
15:48:00.204 debug: Resolve file:///F:/CocosProject/PLY_Roomtopia_Cocos/assets/7.Scripts/MyScript/ScriptTemplate/Ply_Types.ts from cce:/internal/x/prerequisite-imports as file:///F:/CocosProject/PLY_Roomtopia_Cocos/assets/7.Scripts/MyScript/ScriptTemplate/Ply_Types.ts.
15:48:00.204 debug: Resolve file:///F:/CocosProject/PLY_Roomtopia_Cocos/assets/7.Scripts/MyScript/ScriptTemplate/Yielders.ts from cce:/internal/x/prerequisite-imports as file:///F:/CocosProject/PLY_Roomtopia_Cocos/assets/7.Scripts/MyScript/ScriptTemplate/Yielders.ts.
15:48:00.205 debug: Resolve file:///F:/CocosProject/PLY_Roomtopia_Cocos/assets/7.Scripts/MyScript/Utils/SnapEffect.ts from cce:/internal/x/prerequisite-imports as file:///F:/CocosProject/PLY_Roomtopia_Cocos/assets/7.Scripts/MyScript/Utils/SnapEffect.ts.
15:48:00.205 debug: Resolve file:///F:/CocosProject/PLY_Roomtopia_Cocos/assets/7.Scripts/MyScript/Utils/WinReact.ts from cce:/internal/x/prerequisite-imports as file:///F:/CocosProject/PLY_Roomtopia_Cocos/assets/7.Scripts/MyScript/Utils/WinReact.ts.
15:48:00.206 debug: Resolve file:///F:/CocosProject/PLY_Roomtopia_Cocos/assets/7.Scripts/Pool/PoolControl.ts from cce:/internal/x/prerequisite-imports as file:///F:/CocosProject/PLY_Roomtopia_Cocos/assets/7.Scripts/Pool/PoolControl.ts.
15:48:00.206 debug: Resolve file:///F:/CocosProject/PLY_Roomtopia_Cocos/assets/7.Scripts/Pool/PoolManager.ts from cce:/internal/x/prerequisite-imports as file:///F:/CocosProject/PLY_Roomtopia_Cocos/assets/7.Scripts/Pool/PoolManager.ts.
15:48:00.206 debug: Resolve file:///F:/CocosProject/PLY_Roomtopia_Cocos/assets/7.Scripts/Pool/PoolMember.ts from cce:/internal/x/prerequisite-imports as file:///F:/CocosProject/PLY_Roomtopia_Cocos/assets/7.Scripts/Pool/PoolMember.ts.
15:48:00.207 debug: Resolve file:///F:/CocosProject/PLY_Roomtopia_Cocos/assets/7.Scripts/Sand/SandSimulation.ts from cce:/internal/x/prerequisite-imports as file:///F:/CocosProject/PLY_Roomtopia_Cocos/assets/7.Scripts/Sand/SandSimulation.ts.
15:48:00.208 debug: Resolve file:///F:/CocosProject/PLY_Roomtopia_Cocos/assets/7.Scripts/Tool/AppLovinAnalytics.ts from cce:/internal/x/prerequisite-imports as file:///F:/CocosProject/PLY_Roomtopia_Cocos/assets/7.Scripts/Tool/AppLovinAnalytics.ts.
15:48:00.208 debug: Resolve file:///F:/CocosProject/PLY_Roomtopia_Cocos/assets/7.Scripts/Tool/GameController.ts from cce:/internal/x/prerequisite-imports as file:///F:/CocosProject/PLY_Roomtopia_Cocos/assets/7.Scripts/Tool/GameController.ts.
15:48:00.209 debug: Resolve cce:/internal/code-quality/cr.mjs from file:///C:/ProgramData/cocos/editors/Creator/3.8.8/resources/resources/3d/engine/editor/assets/default_renderpipeline/builtin-dof-pass.ts as cce:/internal/code-quality/cr.mjs.
15:48:00.209 debug: Detected change: cce:/internal/code-quality/cr.mjs. Last mtime: Tue Sep 22 2026 15:43:27 GMT+0700 (Indochina Time), Current mtime: Tue Sep 22 2026 15:47:50 GMT+0700 (Indochina Time)
15:48:00.209 debug: Inspect cce:/internal/code-quality/cr.mjs
15:48:00.227 debug: transform url: 'cce:/internal/code-quality/cr.mjs' costs: 17.80 ms
15:48:00.228 debug: Resolve cc from file:///C:/ProgramData/cocos/editors/Creator/3.8.8/resources/resources/3d/engine/editor/assets/default_renderpipeline/builtin-dof-pass.ts as cce:/internal/x/cc.
15:48:00.229 debug: Resolve cc from file:///C:/ProgramData/cocos/editors/Creator/3.8.8/resources/resources/3d/engine/editor/assets/default_renderpipeline/builtin-dof-pass.ts as cce:/internal/x/cc.
15:48:00.229 debug: Resolve cc from file:///C:/ProgramData/cocos/editors/Creator/3.8.8/resources/resources/3d/engine/editor/assets/default_renderpipeline/builtin-dof-pass.ts as cce:/internal/x/cc.
15:48:00.229 debug: Resolve cc/env from file:///C:/ProgramData/cocos/editors/Creator/3.8.8/resources/resources/3d/engine/editor/assets/default_renderpipeline/builtin-dof-pass.ts as external dependency cc/env.
15:48:00.230 debug: Resolve ./builtin-pipeline-settings from file:///C:/ProgramData/cocos/editors/Creator/3.8.8/resources/resources/3d/engine/editor/assets/default_renderpipeline/builtin-dof-pass.ts as file:///C:/ProgramData/cocos/editors/Creator/3.8.8/resources/resources/3d/engine/editor/assets/default_renderpipeline/builtin-pipeline-settings.ts.
15:48:00.231 debug: Resolve ./builtin-pipeline-pass from file:///C:/ProgramData/cocos/editors/Creator/3.8.8/resources/resources/3d/engine/editor/assets/default_renderpipeline/builtin-dof-pass.ts as file:///C:/ProgramData/cocos/editors/Creator/3.8.8/resources/resources/3d/engine/editor/assets/default_renderpipeline/builtin-pipeline-pass.ts.
15:48:00.232 debug: Resolve ./builtin-pipeline from file:///C:/ProgramData/cocos/editors/Creator/3.8.8/resources/resources/3d/engine/editor/assets/default_renderpipeline/builtin-dof-pass.ts as file:///C:/ProgramData/cocos/editors/Creator/3.8.8/resources/resources/3d/engine/editor/assets/default_renderpipeline/builtin-pipeline.ts.
15:48:00.232 debug: Resolve cce:/internal/code-quality/cr.mjs from file:///C:/ProgramData/cocos/editors/Creator/3.8.8/resources/resources/3d/engine/editor/assets/default_renderpipeline/builtin-pipeline-settings.ts as cce:/internal/code-quality/cr.mjs.
15:48:00.232 debug: Resolve cc from file:///C:/ProgramData/cocos/editors/Creator/3.8.8/resources/resources/3d/engine/editor/assets/default_renderpipeline/builtin-pipeline-settings.ts as cce:/internal/x/cc.
15:48:00.232 debug: Resolve cc from file:///C:/ProgramData/cocos/editors/Creator/3.8.8/resources/resources/3d/engine/editor/assets/default_renderpipeline/builtin-pipeline-settings.ts as cce:/internal/x/cc.
15:48:00.232 debug: Resolve cc from file:///C:/ProgramData/cocos/editors/Creator/3.8.8/resources/resources/3d/engine/editor/assets/default_renderpipeline/builtin-pipeline-settings.ts as cce:/internal/x/cc.
15:48:00.232 debug: Resolve cc/env from file:///C:/ProgramData/cocos/editors/Creator/3.8.8/resources/resources/3d/engine/editor/assets/default_renderpipeline/builtin-pipeline-settings.ts as external dependency cc/env.
15:48:00.233 debug: Resolve ./builtin-pipeline-types from file:///C:/ProgramData/cocos/editors/Creator/3.8.8/resources/resources/3d/engine/editor/assets/default_renderpipeline/builtin-pipeline-settings.ts as file:///C:/ProgramData/cocos/editors/Creator/3.8.8/resources/resources/3d/engine/editor/assets/default_renderpipeline/builtin-pipeline-types.ts.
15:48:00.233 debug: Resolve cc from file:///C:/ProgramData/cocos/editors/Creator/3.8.8/resources/resources/3d/engine/editor/assets/default_renderpipeline/builtin-pipeline-types.ts as cce:/internal/x/cc.
15:48:00.233 debug: Resolve cc from file:///C:/ProgramData/cocos/editors/Creator/3.8.8/resources/resources/3d/engine/editor/assets/default_renderpipeline/builtin-pipeline-types.ts as cce:/internal/x/cc.
15:48:00.233 debug: Resolve cc from file:///C:/ProgramData/cocos/editors/Creator/3.8.8/resources/resources/3d/engine/editor/assets/default_renderpipeline/builtin-pipeline-types.ts as cce:/internal/x/cc.
15:48:00.233 debug: Resolve cce:/internal/code-quality/cr.mjs from file:///C:/ProgramData/cocos/editors/Creator/3.8.8/resources/resources/3d/engine/editor/assets/default_renderpipeline/builtin-pipeline-pass.ts as cce:/internal/code-quality/cr.mjs.
15:48:00.234 debug: Resolve cc from file:///C:/ProgramData/cocos/editors/Creator/3.8.8/resources/resources/3d/engine/editor/assets/default_renderpipeline/builtin-pipeline-pass.ts as cce:/internal/x/cc.
15:48:00.234 debug: Resolve cc from file:///C:/ProgramData/cocos/editors/Creator/3.8.8/resources/resources/3d/engine/editor/assets/default_renderpipeline/builtin-pipeline-pass.ts as cce:/internal/x/cc.
15:48:00.234 debug: Resolve cc from file:///C:/ProgramData/cocos/editors/Creator/3.8.8/resources/resources/3d/engine/editor/assets/default_renderpipeline/builtin-pipeline-pass.ts as cce:/internal/x/cc.
15:48:00.234 debug: Resolve ./builtin-pipeline-settings from file:///C:/ProgramData/cocos/editors/Creator/3.8.8/resources/resources/3d/engine/editor/assets/default_renderpipeline/builtin-pipeline-pass.ts as file:///C:/ProgramData/cocos/editors/Creator/3.8.8/resources/resources/3d/engine/editor/assets/default_renderpipeline/builtin-pipeline-settings.ts.
15:48:00.234 debug: Resolve cc/env from file:///C:/ProgramData/cocos/editors/Creator/3.8.8/resources/resources/3d/engine/editor/assets/default_renderpipeline/builtin-pipeline-pass.ts as external dependency cc/env.
15:48:00.234 debug: Resolve cce:/internal/code-quality/cr.mjs from file:///C:/ProgramData/cocos/editors/Creator/3.8.8/resources/resources/3d/engine/editor/assets/default_renderpipeline/builtin-pipeline.ts as cce:/internal/code-quality/cr.mjs.
15:48:00.235 debug: Resolve cc from file:///C:/ProgramData/cocos/editors/Creator/3.8.8/resources/resources/3d/engine/editor/assets/default_renderpipeline/builtin-pipeline.ts as cce:/internal/x/cc.
15:48:00.235 debug: Resolve cc from file:///C:/ProgramData/cocos/editors/Creator/3.8.8/resources/resources/3d/engine/editor/assets/default_renderpipeline/builtin-pipeline.ts as cce:/internal/x/cc.
15:48:00.235 debug: Resolve cc from file:///C:/ProgramData/cocos/editors/Creator/3.8.8/resources/resources/3d/engine/editor/assets/default_renderpipeline/builtin-pipeline.ts as cce:/internal/x/cc.
15:48:00.235 debug: Resolve cc/env from file:///C:/ProgramData/cocos/editors/Creator/3.8.8/resources/resources/3d/engine/editor/assets/default_renderpipeline/builtin-pipeline.ts as external dependency cc/env.
15:48:00.235 debug: Resolve ./builtin-pipeline-types from file:///C:/ProgramData/cocos/editors/Creator/3.8.8/resources/resources/3d/engine/editor/assets/default_renderpipeline/builtin-pipeline.ts as file:///C:/ProgramData/cocos/editors/Creator/3.8.8/resources/resources/3d/engine/editor/assets/default_renderpipeline/builtin-pipeline-types.ts.
15:48:00.235 debug: Resolve cc from file:///C:/ProgramData/cocos/editors/Creator/3.8.8/resources/resources/3d/engine/editor/assets/tools/debug-view-runtime-control.ts as cce:/internal/x/cc.
15:48:00.235 debug: Resolve cc from file:///C:/ProgramData/cocos/editors/Creator/3.8.8/resources/resources/3d/engine/editor/assets/tools/debug-view-runtime-control.ts as cce:/internal/x/cc.
15:48:00.236 debug: Resolve cc from file:///C:/ProgramData/cocos/editors/Creator/3.8.8/resources/resources/3d/engine/editor/assets/tools/debug-view-runtime-control.ts as cce:/internal/x/cc.
15:48:00.236 debug: Resolve cc from file:///F:/CocosProject/PLY_Roomtopia_Cocos/assets/7.Scripts/Gameplay/Data.ts as cce:/internal/x/cc.
15:48:00.236 debug: Resolve cc from file:///F:/CocosProject/PLY_Roomtopia_Cocos/assets/7.Scripts/Gameplay/Data.ts as cce:/internal/x/cc.
15:48:00.236 debug: Resolve cc from file:///F:/CocosProject/PLY_Roomtopia_Cocos/assets/7.Scripts/Manager/AssetsManagerCustom.ts as cce:/internal/x/cc.
15:48:00.236 debug: Resolve cc from file:///F:/CocosProject/PLY_Roomtopia_Cocos/assets/7.Scripts/Manager/AssetsManagerCustom.ts as cce:/internal/x/cc.
15:48:00.236 debug: Resolve cc from file:///F:/CocosProject/PLY_Roomtopia_Cocos/assets/7.Scripts/Manager/AssetsManagerCustom.ts as cce:/internal/x/cc.
15:48:00.236 debug: Resolve cc from file:///F:/CocosProject/PLY_Roomtopia_Cocos/assets/7.Scripts/Manager/Clock.ts as cce:/internal/x/cc.
15:48:00.236 debug: Resolve cc from file:///F:/CocosProject/PLY_Roomtopia_Cocos/assets/7.Scripts/Manager/Clock.ts as cce:/internal/x/cc.
15:48:00.236 debug: Resolve cc from file:///F:/CocosProject/PLY_Roomtopia_Cocos/assets/7.Scripts/Manager/Clock.ts as cce:/internal/x/cc.
15:48:00.236 debug: Resolve cc from file:///F:/CocosProject/PLY_Roomtopia_Cocos/assets/7.Scripts/Manager/InputManager.ts as cce:/internal/x/cc.
15:48:00.236 debug: Resolve cc from file:///F:/CocosProject/PLY_Roomtopia_Cocos/assets/7.Scripts/Manager/InputManager.ts as cce:/internal/x/cc.
15:48:00.236 debug: Resolve cc from file:///F:/CocosProject/PLY_Roomtopia_Cocos/assets/7.Scripts/Manager/InputManager.ts as cce:/internal/x/cc.
15:48:00.236 debug: Resolve cc from file:///F:/CocosProject/PLY_Roomtopia_Cocos/assets/7.Scripts/Manager/Joystick.ts as cce:/internal/x/cc.
15:48:00.236 debug: Resolve cc from file:///F:/CocosProject/PLY_Roomtopia_Cocos/assets/7.Scripts/Manager/Joystick.ts as cce:/internal/x/cc.
15:48:00.236 debug: Resolve cc from file:///F:/CocosProject/PLY_Roomtopia_Cocos/assets/7.Scripts/Manager/Joystick.ts as cce:/internal/x/cc.
15:48:00.236 debug: Resolve cc from file:///F:/CocosProject/PLY_Roomtopia_Cocos/assets/7.Scripts/Manager/MainCamera.ts as cce:/internal/x/cc.
15:48:00.236 debug: Resolve cc from file:///F:/CocosProject/PLY_Roomtopia_Cocos/assets/7.Scripts/Manager/MainCamera.ts as cce:/internal/x/cc.
15:48:00.236 debug: Resolve cc from file:///F:/CocosProject/PLY_Roomtopia_Cocos/assets/7.Scripts/Manager/MainCamera.ts as cce:/internal/x/cc.
15:48:00.236 debug: Resolve cce:/internal/code-quality/cr.mjs from file:///F:/CocosProject/PLY_Roomtopia_Cocos/assets/7.Scripts/Manager/PointerController.ts as cce:/internal/code-quality/cr.mjs.
15:48:00.236 debug: Resolve cc from file:///F:/CocosProject/PLY_Roomtopia_Cocos/assets/7.Scripts/Manager/PointerController.ts as cce:/internal/x/cc.
15:48:00.236 debug: Resolve cc from file:///F:/CocosProject/PLY_Roomtopia_Cocos/assets/7.Scripts/Manager/PointerController.ts as cce:/internal/x/cc.
15:48:00.237 debug: Resolve cc from file:///F:/CocosProject/PLY_Roomtopia_Cocos/assets/7.Scripts/Manager/PointerController.ts as cce:/internal/x/cc.
15:48:00.237 debug: Resolve ./UI from file:///F:/CocosProject/PLY_Roomtopia_Cocos/assets/7.Scripts/Manager/PointerController.ts as file:///F:/CocosProject/PLY_Roomtopia_Cocos/assets/7.Scripts/Manager/UI.ts.
15:48:00.237 debug: Resolve ./SoundManager from file:///F:/CocosProject/PLY_Roomtopia_Cocos/assets/7.Scripts/Manager/PointerController.ts as file:///F:/CocosProject/PLY_Roomtopia_Cocos/assets/7.Scripts/Manager/SoundManager.ts.
15:48:00.238 debug: Resolve cce:/internal/code-quality/cr.mjs from file:///F:/CocosProject/PLY_Roomtopia_Cocos/assets/7.Scripts/Manager/UI.ts as cce:/internal/code-quality/cr.mjs.
15:48:00.238 debug: Resolve cc from file:///F:/CocosProject/PLY_Roomtopia_Cocos/assets/7.Scripts/Manager/UI.ts as cce:/internal/x/cc.
15:48:00.238 debug: Resolve cc from file:///F:/CocosProject/PLY_Roomtopia_Cocos/assets/7.Scripts/Manager/UI.ts as cce:/internal/x/cc.
15:48:00.238 debug: Resolve cc from file:///F:/CocosProject/PLY_Roomtopia_Cocos/assets/7.Scripts/Manager/UI.ts as cce:/internal/x/cc.
15:48:00.238 debug: Resolve cc/env from file:///F:/CocosProject/PLY_Roomtopia_Cocos/assets/7.Scripts/Manager/UI.ts as external dependency cc/env.
15:48:00.238 debug: Resolve ./PointerController from file:///F:/CocosProject/PLY_Roomtopia_Cocos/assets/7.Scripts/Manager/UI.ts as file:///F:/CocosProject/PLY_Roomtopia_Cocos/assets/7.Scripts/Manager/PointerController.ts.
15:48:00.239 debug: Resolve ./SoundManager from file:///F:/CocosProject/PLY_Roomtopia_Cocos/assets/7.Scripts/Manager/UI.ts as file:///F:/CocosProject/PLY_Roomtopia_Cocos/assets/7.Scripts/Manager/SoundManager.ts.
15:48:00.239 debug: Resolve ../Tool/GameController from file:///F:/CocosProject/PLY_Roomtopia_Cocos/assets/7.Scripts/Manager/UI.ts as file:///F:/CocosProject/PLY_Roomtopia_Cocos/assets/7.Scripts/Tool/GameController.ts.
15:48:00.240 debug: Resolve ../Tool/AppLovinAnalytics from file:///F:/CocosProject/PLY_Roomtopia_Cocos/assets/7.Scripts/Manager/UI.ts as file:///F:/CocosProject/PLY_Roomtopia_Cocos/assets/7.Scripts/Tool/AppLovinAnalytics.ts.
15:48:00.240 debug: Resolve cc from file:///F:/CocosProject/PLY_Roomtopia_Cocos/assets/7.Scripts/Manager/SoundManager.ts as cce:/internal/x/cc.
15:48:00.240 debug: Resolve cc from file:///F:/CocosProject/PLY_Roomtopia_Cocos/assets/7.Scripts/Manager/SoundManager.ts as cce:/internal/x/cc.
15:48:00.240 debug: Resolve cc from file:///F:/CocosProject/PLY_Roomtopia_Cocos/assets/7.Scripts/Manager/SoundManager.ts as cce:/internal/x/cc.
15:48:00.240 debug: Resolve cc from file:///F:/CocosProject/PLY_Roomtopia_Cocos/assets/7.Scripts/Tool/GameController.ts as cce:/internal/x/cc.
15:48:00.240 debug: Resolve cc from file:///F:/CocosProject/PLY_Roomtopia_Cocos/assets/7.Scripts/Tool/GameController.ts as cce:/internal/x/cc.
15:48:00.240 debug: Resolve cc from file:///F:/CocosProject/PLY_Roomtopia_Cocos/assets/7.Scripts/Tool/GameController.ts as cce:/internal/x/cc.
15:48:00.240 debug: Resolve cc/env from file:///F:/CocosProject/PLY_Roomtopia_Cocos/assets/7.Scripts/Tool/GameController.ts as external dependency cc/env.
15:48:00.240 debug: Resolve cc from file:///F:/CocosProject/PLY_Roomtopia_Cocos/assets/7.Scripts/Tool/AppLovinAnalytics.ts as cce:/internal/x/cc.
15:48:00.240 debug: Resolve cc from file:///F:/CocosProject/PLY_Roomtopia_Cocos/assets/7.Scripts/Tool/AppLovinAnalytics.ts as cce:/internal/x/cc.
15:48:00.241 debug: Resolve cc from file:///F:/CocosProject/PLY_Roomtopia_Cocos/assets/7.Scripts/Tool/AppLovinAnalytics.ts as cce:/internal/x/cc.
15:48:00.241 debug: Resolve cce:/internal/code-quality/cr.mjs from file:///F:/CocosProject/PLY_Roomtopia_Cocos/assets/7.Scripts/Manager/VFX.ts as cce:/internal/code-quality/cr.mjs.
15:48:00.241 debug: Resolve cc from file:///F:/CocosProject/PLY_Roomtopia_Cocos/assets/7.Scripts/Manager/VFX.ts as cce:/internal/x/cc.
15:48:00.241 debug: Resolve cc from file:///F:/CocosProject/PLY_Roomtopia_Cocos/assets/7.Scripts/Manager/VFX.ts as cce:/internal/x/cc.
15:48:00.241 debug: Resolve cc from file:///F:/CocosProject/PLY_Roomtopia_Cocos/assets/7.Scripts/Manager/VFX.ts as cce:/internal/x/cc.
15:48:00.242 debug: Resolve ../Pool/PoolMember from file:///F:/CocosProject/PLY_Roomtopia_Cocos/assets/7.Scripts/Manager/VFX.ts as file:///F:/CocosProject/PLY_Roomtopia_Cocos/assets/7.Scripts/Pool/PoolMember.ts.
15:48:00.243 debug: Resolve ./World from file:///F:/CocosProject/PLY_Roomtopia_Cocos/assets/7.Scripts/Manager/VFX.ts as file:///F:/CocosProject/PLY_Roomtopia_Cocos/assets/7.Scripts/Manager/World.ts.
15:48:00.243 debug: Resolve cc from file:///F:/CocosProject/PLY_Roomtopia_Cocos/assets/7.Scripts/Pool/PoolMember.ts as cce:/internal/x/cc.
15:48:00.243 debug: Resolve cc from file:///F:/CocosProject/PLY_Roomtopia_Cocos/assets/7.Scripts/Pool/PoolMember.ts as cce:/internal/x/cc.
15:48:00.243 debug: Resolve cc from file:///F:/CocosProject/PLY_Roomtopia_Cocos/assets/7.Scripts/Pool/PoolMember.ts as cce:/internal/x/cc.
15:48:00.243 debug: Resolve cce:/internal/code-quality/cr.mjs from file:///F:/CocosProject/PLY_Roomtopia_Cocos/assets/7.Scripts/Manager/World.ts as cce:/internal/code-quality/cr.mjs.
15:48:00.243 debug: Resolve cc from file:///F:/CocosProject/PLY_Roomtopia_Cocos/assets/7.Scripts/Manager/World.ts as cce:/internal/x/cc.
15:48:00.243 debug: Resolve cc from file:///F:/CocosProject/PLY_Roomtopia_Cocos/assets/7.Scripts/Manager/World.ts as cce:/internal/x/cc.
15:48:00.243 debug: Resolve cc from file:///F:/CocosProject/PLY_Roomtopia_Cocos/assets/7.Scripts/Manager/World.ts as cce:/internal/x/cc.
15:48:00.243 debug: Resolve ./UI from file:///F:/CocosProject/PLY_Roomtopia_Cocos/assets/7.Scripts/Manager/World.ts as file:///F:/CocosProject/PLY_Roomtopia_Cocos/assets/7.Scripts/Manager/UI.ts.
15:48:00.244 debug: Resolve ./MainCamera from file:///F:/CocosProject/PLY_Roomtopia_Cocos/assets/7.Scripts/Manager/World.ts as file:///F:/CocosProject/PLY_Roomtopia_Cocos/assets/7.Scripts/Manager/MainCamera.ts.
15:48:00.244 debug: Resolve ../Tool/GameController from file:///F:/CocosProject/PLY_Roomtopia_Cocos/assets/7.Scripts/Manager/World.ts as file:///F:/CocosProject/PLY_Roomtopia_Cocos/assets/7.Scripts/Tool/GameController.ts.
15:48:00.245 debug: Resolve ../MyScript/ScriptTemplate/Ply_Pool from file:///F:/CocosProject/PLY_Roomtopia_Cocos/assets/7.Scripts/Manager/World.ts as file:///F:/CocosProject/PLY_Roomtopia_Cocos/assets/7.Scripts/MyScript/ScriptTemplate/Ply_Pool.ts.
15:48:00.245 debug: Resolve ../MyScript/ScriptTemplate/Ply_SoundManager from file:///F:/CocosProject/PLY_Roomtopia_Cocos/assets/7.Scripts/Manager/World.ts as file:///F:/CocosProject/PLY_Roomtopia_Cocos/assets/7.Scripts/MyScript/ScriptTemplate/Ply_SoundManager.ts.
15:48:00.245 debug: Resolve cce:/internal/code-quality/cr.mjs from file:///F:/CocosProject/PLY_Roomtopia_Cocos/assets/7.Scripts/MyScript/ScriptTemplate/Ply_Pool.ts as cce:/internal/code-quality/cr.mjs.
15:48:00.245 debug: Resolve cc from file:///F:/CocosProject/PLY_Roomtopia_Cocos/assets/7.Scripts/MyScript/ScriptTemplate/Ply_Pool.ts as cce:/internal/x/cc.
15:48:00.245 debug: Resolve cc from file:///F:/CocosProject/PLY_Roomtopia_Cocos/assets/7.Scripts/MyScript/ScriptTemplate/Ply_Pool.ts as cce:/internal/x/cc.
15:48:00.245 debug: Resolve cc from file:///F:/CocosProject/PLY_Roomtopia_Cocos/assets/7.Scripts/MyScript/ScriptTemplate/Ply_Pool.ts as cce:/internal/x/cc.
15:48:00.246 debug: Resolve ./Ply_Singleton from file:///F:/CocosProject/PLY_Roomtopia_Cocos/assets/7.Scripts/MyScript/ScriptTemplate/Ply_Pool.ts as file:///F:/CocosProject/PLY_Roomtopia_Cocos/assets/7.Scripts/MyScript/ScriptTemplate/Ply_Singleton.ts.
15:48:00.246 debug: Resolve ./Ply_GameUnit from file:///F:/CocosProject/PLY_Roomtopia_Cocos/assets/7.Scripts/MyScript/ScriptTemplate/Ply_Pool.ts as file:///F:/CocosProject/PLY_Roomtopia_Cocos/assets/7.Scripts/MyScript/ScriptTemplate/Ply_GameUnit.ts.
15:48:00.247 debug: Resolve ./Ply_Types from file:///F:/CocosProject/PLY_Roomtopia_Cocos/assets/7.Scripts/MyScript/ScriptTemplate/Ply_Pool.ts as file:///F:/CocosProject/PLY_Roomtopia_Cocos/assets/7.Scripts/MyScript/ScriptTemplate/Ply_Types.ts.
15:48:00.247 debug: Resolve cc from file:///F:/CocosProject/PLY_Roomtopia_Cocos/assets/7.Scripts/MyScript/ScriptTemplate/Ply_Singleton.ts as cce:/internal/x/cc.
15:48:00.247 debug: Resolve cc from file:///F:/CocosProject/PLY_Roomtopia_Cocos/assets/7.Scripts/MyScript/ScriptTemplate/Ply_Singleton.ts as cce:/internal/x/cc.
15:48:00.247 debug: Resolve cc from file:///F:/CocosProject/PLY_Roomtopia_Cocos/assets/7.Scripts/MyScript/ScriptTemplate/Ply_Singleton.ts as cce:/internal/x/cc.
15:48:00.247 debug: Resolve cce:/internal/code-quality/cr.mjs from file:///F:/CocosProject/PLY_Roomtopia_Cocos/assets/7.Scripts/MyScript/ScriptTemplate/Ply_GameUnit.ts as cce:/internal/code-quality/cr.mjs.
15:48:00.247 debug: Resolve cc from file:///F:/CocosProject/PLY_Roomtopia_Cocos/assets/7.Scripts/MyScript/ScriptTemplate/Ply_GameUnit.ts as cce:/internal/x/cc.
15:48:00.247 debug: Resolve cc from file:///F:/CocosProject/PLY_Roomtopia_Cocos/assets/7.Scripts/MyScript/ScriptTemplate/Ply_GameUnit.ts as cce:/internal/x/cc.
15:48:00.247 debug: Resolve cc from file:///F:/CocosProject/PLY_Roomtopia_Cocos/assets/7.Scripts/MyScript/ScriptTemplate/Ply_GameUnit.ts as cce:/internal/x/cc.
15:48:00.248 debug: Resolve ./Ply_Types from file:///F:/CocosProject/PLY_Roomtopia_Cocos/assets/7.Scripts/MyScript/ScriptTemplate/Ply_GameUnit.ts as file:///F:/CocosProject/PLY_Roomtopia_Cocos/assets/7.Scripts/MyScript/ScriptTemplate/Ply_Types.ts.
15:48:00.248 debug: Resolve ./Ply_Pool from file:///F:/CocosProject/PLY_Roomtopia_Cocos/assets/7.Scripts/MyScript/ScriptTemplate/Ply_GameUnit.ts as file:///F:/CocosProject/PLY_Roomtopia_Cocos/assets/7.Scripts/MyScript/ScriptTemplate/Ply_Pool.ts.
15:48:00.248 debug: Resolve cc from file:///F:/CocosProject/PLY_Roomtopia_Cocos/assets/7.Scripts/MyScript/ScriptTemplate/Ply_Types.ts as cce:/internal/x/cc.
15:48:00.248 debug: Resolve cc from file:///F:/CocosProject/PLY_Roomtopia_Cocos/assets/7.Scripts/MyScript/ScriptTemplate/Ply_Types.ts as cce:/internal/x/cc.
15:48:00.249 debug: Resolve cc from file:///F:/CocosProject/PLY_Roomtopia_Cocos/assets/7.Scripts/MyScript/ScriptTemplate/Ply_Types.ts as cce:/internal/x/cc.
15:48:00.249 debug: Resolve cce:/internal/code-quality/cr.mjs from file:///F:/CocosProject/PLY_Roomtopia_Cocos/assets/7.Scripts/MyScript/ScriptTemplate/Ply_SoundManager.ts as cce:/internal/code-quality/cr.mjs.
15:48:00.249 debug: Resolve cc from file:///F:/CocosProject/PLY_Roomtopia_Cocos/assets/7.Scripts/MyScript/ScriptTemplate/Ply_SoundManager.ts as cce:/internal/x/cc.
15:48:00.249 debug: Resolve cc from file:///F:/CocosProject/PLY_Roomtopia_Cocos/assets/7.Scripts/MyScript/ScriptTemplate/Ply_SoundManager.ts as cce:/internal/x/cc.
15:48:00.249 debug: Resolve cc from file:///F:/CocosProject/PLY_Roomtopia_Cocos/assets/7.Scripts/MyScript/ScriptTemplate/Ply_SoundManager.ts as cce:/internal/x/cc.
15:48:00.249 debug: Resolve ./Ply_Singleton from file:///F:/CocosProject/PLY_Roomtopia_Cocos/assets/7.Scripts/MyScript/ScriptTemplate/Ply_SoundManager.ts as file:///F:/CocosProject/PLY_Roomtopia_Cocos/assets/7.Scripts/MyScript/ScriptTemplate/Ply_Singleton.ts.
15:48:00.249 debug: Resolve cce:/internal/code-quality/cr.mjs from file:///F:/CocosProject/PLY_Roomtopia_Cocos/assets/7.Scripts/MatchAsset/MatchSprite.ts as cce:/internal/code-quality/cr.mjs.
15:48:00.249 debug: Resolve cc from file:///F:/CocosProject/PLY_Roomtopia_Cocos/assets/7.Scripts/MatchAsset/MatchSprite.ts as cce:/internal/x/cc.
15:48:00.249 debug: Resolve cc from file:///F:/CocosProject/PLY_Roomtopia_Cocos/assets/7.Scripts/MatchAsset/MatchSprite.ts as cce:/internal/x/cc.
15:48:00.249 debug: Resolve cc from file:///F:/CocosProject/PLY_Roomtopia_Cocos/assets/7.Scripts/MatchAsset/MatchSprite.ts as cce:/internal/x/cc.
15:48:00.250 debug: Resolve ./NodeOrder from file:///F:/CocosProject/PLY_Roomtopia_Cocos/assets/7.Scripts/MatchAsset/MatchSprite.ts as file:///F:/CocosProject/PLY_Roomtopia_Cocos/assets/7.Scripts/MatchAsset/NodeOrder.ts.
15:48:00.250 debug: Resolve cc from file:///F:/CocosProject/PLY_Roomtopia_Cocos/assets/7.Scripts/MatchAsset/NodeOrder.ts as cce:/internal/x/cc.
15:48:00.250 debug: Resolve cc from file:///F:/CocosProject/PLY_Roomtopia_Cocos/assets/7.Scripts/MatchAsset/NodeOrder.ts as cce:/internal/x/cc.
15:48:00.250 debug: Resolve cc from file:///F:/CocosProject/PLY_Roomtopia_Cocos/assets/7.Scripts/MatchAsset/NodeOrder.ts as cce:/internal/x/cc.
15:48:00.250 debug: Resolve cc from file:///F:/CocosProject/PLY_Roomtopia_Cocos/assets/7.Scripts/MatchAsset/ReadImagePixel.ts as cce:/internal/x/cc.
15:48:00.250 debug: Resolve cc from file:///F:/CocosProject/PLY_Roomtopia_Cocos/assets/7.Scripts/MatchAsset/ReadImagePixel.ts as cce:/internal/x/cc.
15:48:00.250 debug: Resolve cc from file:///F:/CocosProject/PLY_Roomtopia_Cocos/assets/7.Scripts/MatchAsset/ReadImagePixel.ts as cce:/internal/x/cc.
15:48:00.250 debug: Resolve cc from file:///F:/CocosProject/PLY_Roomtopia_Cocos/assets/7.Scripts/MatchAsset/SpriteSizeSetter.ts as cce:/internal/x/cc.
15:48:00.250 debug: Resolve cc from file:///F:/CocosProject/PLY_Roomtopia_Cocos/assets/7.Scripts/MatchAsset/SpriteSizeSetter.ts as cce:/internal/x/cc.
15:48:00.250 debug: Resolve cc from file:///F:/CocosProject/PLY_Roomtopia_Cocos/assets/7.Scripts/MatchAsset/SpriteSizeSetter.ts as cce:/internal/x/cc.
15:48:00.250 debug: Resolve cc from file:///F:/CocosProject/PLY_Roomtopia_Cocos/assets/7.Scripts/MatchAsset/Ulis.ts as cce:/internal/x/cc.
15:48:00.250 debug: Resolve cc from file:///F:/CocosProject/PLY_Roomtopia_Cocos/assets/7.Scripts/MatchAsset/Ulis.ts as cce:/internal/x/cc.
15:48:00.250 debug: Resolve cc from file:///F:/CocosProject/PLY_Roomtopia_Cocos/assets/7.Scripts/MatchAsset/Ulis.ts as cce:/internal/x/cc.
15:48:00.250 debug: Resolve cce:/internal/code-quality/cr.mjs from file:///F:/CocosProject/PLY_Roomtopia_Cocos/assets/7.Scripts/Misc/AStar.ts as cce:/internal/code-quality/cr.mjs.
15:48:00.250 debug: Resolve cc from file:///F:/CocosProject/PLY_Roomtopia_Cocos/assets/7.Scripts/Misc/AStar.ts as cce:/internal/x/cc.
15:48:00.250 debug: Resolve cc from file:///F:/CocosProject/PLY_Roomtopia_Cocos/assets/7.Scripts/Misc/AStar.ts as cce:/internal/x/cc.
15:48:00.250 debug: Resolve cc from file:///F:/CocosProject/PLY_Roomtopia_Cocos/assets/7.Scripts/Misc/AStar.ts as cce:/internal/x/cc.
15:48:00.251 debug: Resolve ./Ulis from file:///F:/CocosProject/PLY_Roomtopia_Cocos/assets/7.Scripts/Misc/AStar.ts as file:///F:/CocosProject/PLY_Roomtopia_Cocos/assets/7.Scripts/Misc/Ulis.ts.
15:48:00.251 debug: Resolve cce:/internal/code-quality/cr.mjs from file:///F:/CocosProject/PLY_Roomtopia_Cocos/assets/7.Scripts/Misc/Ulis.ts as cce:/internal/code-quality/cr.mjs.
15:48:00.251 debug: Resolve cc from file:///F:/CocosProject/PLY_Roomtopia_Cocos/assets/7.Scripts/Misc/Ulis.ts as cce:/internal/x/cc.
15:48:00.251 debug: Resolve cc from file:///F:/CocosProject/PLY_Roomtopia_Cocos/assets/7.Scripts/Misc/Ulis.ts as cce:/internal/x/cc.
15:48:00.251 debug: Resolve cc from file:///F:/CocosProject/PLY_Roomtopia_Cocos/assets/7.Scripts/Misc/Ulis.ts as cce:/internal/x/cc.
15:48:00.251 debug: Resolve ../Manager/PointerController from file:///F:/CocosProject/PLY_Roomtopia_Cocos/assets/7.Scripts/Misc/Ulis.ts as file:///F:/CocosProject/PLY_Roomtopia_Cocos/assets/7.Scripts/Manager/PointerController.ts.
15:48:00.252 debug: Resolve ../Manager/UI from file:///F:/CocosProject/PLY_Roomtopia_Cocos/assets/7.Scripts/Misc/Ulis.ts as file:///F:/CocosProject/PLY_Roomtopia_Cocos/assets/7.Scripts/Manager/UI.ts.
15:48:00.252 debug: Resolve cce:/internal/code-quality/cr.mjs from file:///F:/CocosProject/PLY_Roomtopia_Cocos/assets/7.Scripts/Misc/Black.ts as cce:/internal/code-quality/cr.mjs.
15:48:00.252 debug: Resolve cc from file:///F:/CocosProject/PLY_Roomtopia_Cocos/assets/7.Scripts/Misc/Black.ts as cce:/internal/x/cc.
15:48:00.252 debug: Resolve cc from file:///F:/CocosProject/PLY_Roomtopia_Cocos/assets/7.Scripts/Misc/Black.ts as cce:/internal/x/cc.
15:48:00.252 debug: Resolve cc from file:///F:/CocosProject/PLY_Roomtopia_Cocos/assets/7.Scripts/Misc/Black.ts as cce:/internal/x/cc.
15:48:00.252 debug: Resolve ../Pool/PoolMember from file:///F:/CocosProject/PLY_Roomtopia_Cocos/assets/7.Scripts/Misc/Black.ts as file:///F:/CocosProject/PLY_Roomtopia_Cocos/assets/7.Scripts/Pool/PoolMember.ts.
15:48:00.252 debug: Resolve db://assets/7.Scripts/Manager/World from file:///F:/CocosProject/PLY_Roomtopia_Cocos/assets/7.Scripts/Misc/Black.ts as file:///F:/CocosProject/PLY_Roomtopia_Cocos/assets/7.Scripts/Manager/World.ts.
15:48:00.253 debug: Resolve ./Ulis from file:///F:/CocosProject/PLY_Roomtopia_Cocos/assets/7.Scripts/Misc/Black.ts as file:///F:/CocosProject/PLY_Roomtopia_Cocos/assets/7.Scripts/Misc/Ulis.ts.
15:48:00.253 debug: Resolve cce:/internal/code-quality/cr.mjs from file:///F:/CocosProject/PLY_Roomtopia_Cocos/assets/7.Scripts/Misc/Cloud.ts as cce:/internal/code-quality/cr.mjs.
15:48:00.253 debug: Resolve cc from file:///F:/CocosProject/PLY_Roomtopia_Cocos/assets/7.Scripts/Misc/Cloud.ts as cce:/internal/x/cc.
15:48:00.253 debug: Resolve cc from file:///F:/CocosProject/PLY_Roomtopia_Cocos/assets/7.Scripts/Misc/Cloud.ts as cce:/internal/x/cc.
15:48:00.253 debug: Resolve cc from file:///F:/CocosProject/PLY_Roomtopia_Cocos/assets/7.Scripts/Misc/Cloud.ts as cce:/internal/x/cc.
15:48:00.254 debug: Resolve ../Pool/PoolMember from file:///F:/CocosProject/PLY_Roomtopia_Cocos/assets/7.Scripts/Misc/Cloud.ts as file:///F:/CocosProject/PLY_Roomtopia_Cocos/assets/7.Scripts/Pool/PoolMember.ts.
15:48:00.254 debug: Resolve cc from file:///F:/CocosProject/PLY_Roomtopia_Cocos/assets/7.Scripts/Misc/IQ.ts as cce:/internal/x/cc.
15:48:00.254 debug: Resolve cc from file:///F:/CocosProject/PLY_Roomtopia_Cocos/assets/7.Scripts/Misc/IQ.ts as cce:/internal/x/cc.
15:48:00.254 debug: Resolve cc from file:///F:/CocosProject/PLY_Roomtopia_Cocos/assets/7.Scripts/Misc/IQ.ts as cce:/internal/x/cc.
15:48:00.254 debug: Resolve cce:/internal/code-quality/cr.mjs from file:///F:/CocosProject/PLY_Roomtopia_Cocos/assets/7.Scripts/Misc/Mats.ts as cce:/internal/code-quality/cr.mjs.
15:48:00.254 debug: Resolve cc from file:///F:/CocosProject/PLY_Roomtopia_Cocos/assets/7.Scripts/Misc/Mats.ts as cce:/internal/x/cc.
15:48:00.254 debug: Resolve cc from file:///F:/CocosProject/PLY_Roomtopia_Cocos/assets/7.Scripts/Misc/Mats.ts as cce:/internal/x/cc.
15:48:00.254 debug: Resolve cc from file:///F:/CocosProject/PLY_Roomtopia_Cocos/assets/7.Scripts/Misc/Mats.ts as cce:/internal/x/cc.
15:48:00.301 debug: Resolve ../Gameplay/Data from file:///F:/CocosProject/PLY_Roomtopia_Cocos/assets/7.Scripts/Misc/Mats.ts as file:///F:/CocosProject/PLY_Roomtopia_Cocos/assets/7.Scripts/Gameplay/Data.ts.
15:48:00.301 debug: Resolve cce:/internal/code-quality/cr.mjs from file:///F:/CocosProject/PLY_Roomtopia_Cocos/assets/7.Scripts/Misc/MeshLoader.ts as cce:/internal/code-quality/cr.mjs.
15:48:00.301 debug: Resolve cc from file:///F:/CocosProject/PLY_Roomtopia_Cocos/assets/7.Scripts/Misc/MeshLoader.ts as cce:/internal/x/cc.
15:48:00.301 debug: Resolve cc from file:///F:/CocosProject/PLY_Roomtopia_Cocos/assets/7.Scripts/Misc/MeshLoader.ts as cce:/internal/x/cc.
15:48:00.301 debug: Resolve cc from file:///F:/CocosProject/PLY_Roomtopia_Cocos/assets/7.Scripts/Misc/MeshLoader.ts as cce:/internal/x/cc.
15:48:00.301 debug: Resolve ../Pool/PoolMember from file:///F:/CocosProject/PLY_Roomtopia_Cocos/assets/7.Scripts/Misc/MeshLoader.ts as file:///F:/CocosProject/PLY_Roomtopia_Cocos/assets/7.Scripts/Pool/PoolMember.ts.
15:48:00.301 debug: Resolve cce:/internal/code-quality/cr.mjs from file:///F:/CocosProject/PLY_Roomtopia_Cocos/assets/7.Scripts/Misc/SkinManager.ts as cce:/internal/code-quality/cr.mjs.
15:48:00.301 debug: Resolve cc from file:///F:/CocosProject/PLY_Roomtopia_Cocos/assets/7.Scripts/Misc/SkinManager.ts as cce:/internal/x/cc.
15:48:00.301 debug: Resolve cc from file:///F:/CocosProject/PLY_Roomtopia_Cocos/assets/7.Scripts/Misc/SkinManager.ts as cce:/internal/x/cc.
15:48:00.301 debug: Resolve cc from file:///F:/CocosProject/PLY_Roomtopia_Cocos/assets/7.Scripts/Misc/SkinManager.ts as cce:/internal/x/cc.
15:48:00.301 debug: Resolve db://assets/7.Scripts/Manager/World from file:///F:/CocosProject/PLY_Roomtopia_Cocos/assets/7.Scripts/Misc/SkinManager.ts as file:///F:/CocosProject/PLY_Roomtopia_Cocos/assets/7.Scripts/Manager/World.ts.
15:48:00.301 debug: Resolve cc from file:///F:/CocosProject/PLY_Roomtopia_Cocos/assets/7.Scripts/Misc/SplineLineRenderer.ts as cce:/internal/x/cc.
15:48:00.301 debug: Resolve cc from file:///F:/CocosProject/PLY_Roomtopia_Cocos/assets/7.Scripts/Misc/SplineLineRenderer.ts as cce:/internal/x/cc.
15:48:00.301 debug: Resolve cc from file:///F:/CocosProject/PLY_Roomtopia_Cocos/assets/7.Scripts/Misc/SplineLineRenderer.ts as cce:/internal/x/cc.
15:48:00.301 debug: Resolve cce:/internal/code-quality/cr.mjs from file:///F:/CocosProject/PLY_Roomtopia_Cocos/assets/7.Scripts/Misc/Tool.ts as cce:/internal/code-quality/cr.mjs.
15:48:00.301 debug: Resolve cc from file:///F:/CocosProject/PLY_Roomtopia_Cocos/assets/7.Scripts/Misc/Tool.ts as cce:/internal/x/cc.
15:48:00.301 debug: Resolve cc from file:///F:/CocosProject/PLY_Roomtopia_Cocos/assets/7.Scripts/Misc/Tool.ts as cce:/internal/x/cc.
15:48:00.301 debug: Resolve cc from file:///F:/CocosProject/PLY_Roomtopia_Cocos/assets/7.Scripts/Misc/Tool.ts as cce:/internal/x/cc.
15:48:00.301 debug: Resolve ../Gameplay/Data from file:///F:/CocosProject/PLY_Roomtopia_Cocos/assets/7.Scripts/Misc/Tool.ts as file:///F:/CocosProject/PLY_Roomtopia_Cocos/assets/7.Scripts/Gameplay/Data.ts.
15:48:00.301 debug: Resolve cce:/internal/code-quality/cr.mjs from file:///F:/CocosProject/PLY_Roomtopia_Cocos/assets/7.Scripts/Misc/Tooth.ts as cce:/internal/code-quality/cr.mjs.
15:48:00.301 debug: Resolve cc from file:///F:/CocosProject/PLY_Roomtopia_Cocos/assets/7.Scripts/Misc/Tooth.ts as cce:/internal/x/cc.
15:48:00.301 debug: Resolve cc from file:///F:/CocosProject/PLY_Roomtopia_Cocos/assets/7.Scripts/Misc/Tooth.ts as cce:/internal/x/cc.
15:48:00.301 debug: Resolve cc from file:///F:/CocosProject/PLY_Roomtopia_Cocos/assets/7.Scripts/Misc/Tooth.ts as cce:/internal/x/cc.
15:48:00.301 debug: Resolve ./MeshLoader from file:///F:/CocosProject/PLY_Roomtopia_Cocos/assets/7.Scripts/Misc/Tooth.ts as file:///F:/CocosProject/PLY_Roomtopia_Cocos/assets/7.Scripts/Misc/MeshLoader.ts.
15:48:00.301 debug: Resolve ../Manager/AssetsManagerCustom from file:///F:/CocosProject/PLY_Roomtopia_Cocos/assets/7.Scripts/Misc/Tooth.ts as file:///F:/CocosProject/PLY_Roomtopia_Cocos/assets/7.Scripts/Manager/AssetsManagerCustom.ts.
15:48:00.301 debug: Resolve cc from file:///F:/CocosProject/PLY_Roomtopia_Cocos/assets/7.Scripts/MyScript/Config/TrayConfig.ts as cce:/internal/x/cc.
15:48:00.301 debug: Resolve cc from file:///F:/CocosProject/PLY_Roomtopia_Cocos/assets/7.Scripts/MyScript/Config/TrayConfig.ts as cce:/internal/x/cc.
15:48:00.301 debug: Resolve cc from file:///F:/CocosProject/PLY_Roomtopia_Cocos/assets/7.Scripts/MyScript/Config/TrayConfig.ts as cce:/internal/x/cc.
15:48:00.301 debug: Resolve cce:/internal/code-quality/cr.mjs from file:///F:/CocosProject/PLY_Roomtopia_Cocos/assets/7.Scripts/MyScript/Item/BottomBar.ts as cce:/internal/code-quality/cr.mjs.
15:48:00.301 debug: Resolve cc from file:///F:/CocosProject/PLY_Roomtopia_Cocos/assets/7.Scripts/MyScript/Item/BottomBar.ts as cce:/internal/x/cc.
15:48:00.301 debug: Resolve cc from file:///F:/CocosProject/PLY_Roomtopia_Cocos/assets/7.Scripts/MyScript/Item/BottomBar.ts as cce:/internal/x/cc.
15:48:00.301 debug: Resolve cc from file:///F:/CocosProject/PLY_Roomtopia_Cocos/assets/7.Scripts/MyScript/Item/BottomBar.ts as cce:/internal/x/cc.
15:48:00.302 debug: Resolve ../../Manager/UI from file:///F:/CocosProject/PLY_Roomtopia_Cocos/assets/7.Scripts/MyScript/Item/BottomBar.ts as file:///F:/CocosProject/PLY_Roomtopia_Cocos/assets/7.Scripts/Manager/UI.ts.
15:48:00.302 debug: Resolve ../Config/TrayConfig from file:///F:/CocosProject/PLY_Roomtopia_Cocos/assets/7.Scripts/MyScript/Item/BottomBar.ts as file:///F:/CocosProject/PLY_Roomtopia_Cocos/assets/7.Scripts/MyScript/Config/TrayConfig.ts.
15:48:00.302 debug: Resolve ./BoxBg from file:///F:/CocosProject/PLY_Roomtopia_Cocos/assets/7.Scripts/MyScript/Item/BottomBar.ts as file:///F:/CocosProject/PLY_Roomtopia_Cocos/assets/7.Scripts/MyScript/Item/BoxBg.ts.
15:48:00.302 debug: Resolve cce:/internal/code-quality/cr.mjs from file:///F:/CocosProject/PLY_Roomtopia_Cocos/assets/7.Scripts/MyScript/Item/BoxBg.ts as cce:/internal/code-quality/cr.mjs.
15:48:00.302 debug: Resolve cc from file:///F:/CocosProject/PLY_Roomtopia_Cocos/assets/7.Scripts/MyScript/Item/BoxBg.ts as cce:/internal/x/cc.
15:48:00.302 debug: Resolve cc from file:///F:/CocosProject/PLY_Roomtopia_Cocos/assets/7.Scripts/MyScript/Item/BoxBg.ts as cce:/internal/x/cc.
15:48:00.302 debug: Resolve cc from file:///F:/CocosProject/PLY_Roomtopia_Cocos/assets/7.Scripts/MyScript/Item/BoxBg.ts as cce:/internal/x/cc.
15:48:00.302 debug: Resolve ../Config/TrayConfig from file:///F:/CocosProject/PLY_Roomtopia_Cocos/assets/7.Scripts/MyScript/Item/BoxBg.ts as file:///F:/CocosProject/PLY_Roomtopia_Cocos/assets/7.Scripts/MyScript/Config/TrayConfig.ts.
15:48:00.302 debug: Resolve cce:/internal/code-quality/cr.mjs from file:///F:/CocosProject/PLY_Roomtopia_Cocos/assets/7.Scripts/MyScript/Item/FitInBox.ts as cce:/internal/code-quality/cr.mjs.
15:48:00.302 debug: Resolve cc from file:///F:/CocosProject/PLY_Roomtopia_Cocos/assets/7.Scripts/MyScript/Item/FitInBox.ts as cce:/internal/x/cc.
15:48:00.302 debug: Resolve cc from file:///F:/CocosProject/PLY_Roomtopia_Cocos/assets/7.Scripts/MyScript/Item/FitInBox.ts as cce:/internal/x/cc.
15:48:00.302 debug: Resolve cc from file:///F:/CocosProject/PLY_Roomtopia_Cocos/assets/7.Scripts/MyScript/Item/FitInBox.ts as cce:/internal/x/cc.
15:48:00.302 debug: Resolve ./BoxBg from file:///F:/CocosProject/PLY_Roomtopia_Cocos/assets/7.Scripts/MyScript/Item/FitInBox.ts as file:///F:/CocosProject/PLY_Roomtopia_Cocos/assets/7.Scripts/MyScript/Item/BoxBg.ts.
15:48:00.302 debug: Resolve cce:/internal/code-quality/cr.mjs from file:///F:/CocosProject/PLY_Roomtopia_Cocos/assets/7.Scripts/MyScript/Item/ItemController.ts as cce:/internal/code-quality/cr.mjs.
15:48:00.302 debug: Resolve cc from file:///F:/CocosProject/PLY_Roomtopia_Cocos/assets/7.Scripts/MyScript/Item/ItemController.ts as cce:/internal/x/cc.
15:48:00.302 debug: Resolve cc from file:///F:/CocosProject/PLY_Roomtopia_Cocos/assets/7.Scripts/MyScript/Item/ItemController.ts as cce:/internal/x/cc.
15:48:00.302 debug: Resolve cc from file:///F:/CocosProject/PLY_Roomtopia_Cocos/assets/7.Scripts/MyScript/Item/ItemController.ts as cce:/internal/x/cc.
15:48:00.302 debug: Resolve ./ItemGraphic from file:///F:/CocosProject/PLY_Roomtopia_Cocos/assets/7.Scripts/MyScript/Item/ItemController.ts as file:///F:/CocosProject/PLY_Roomtopia_Cocos/assets/7.Scripts/MyScript/Item/ItemGraphic.ts.
15:48:00.302 debug: Resolve ./ItemMovement from file:///F:/CocosProject/PLY_Roomtopia_Cocos/assets/7.Scripts/MyScript/Item/ItemController.ts as file:///F:/CocosProject/PLY_Roomtopia_Cocos/assets/7.Scripts/MyScript/Item/ItemMovement.ts.
15:48:00.302 debug: Resolve cce:/internal/code-quality/cr.mjs from file:///F:/CocosProject/PLY_Roomtopia_Cocos/assets/7.Scripts/MyScript/Item/ItemGraphic.ts as cce:/internal/code-quality/cr.mjs.
15:48:00.302 debug: Resolve cc from file:///F:/CocosProject/PLY_Roomtopia_Cocos/assets/7.Scripts/MyScript/Item/ItemGraphic.ts as cce:/internal/x/cc.
15:48:00.303 debug: Resolve cc from file:///F:/CocosProject/PLY_Roomtopia_Cocos/assets/7.Scripts/MyScript/Item/ItemGraphic.ts as cce:/internal/x/cc.
15:48:00.303 debug: Resolve cc from file:///F:/CocosProject/PLY_Roomtopia_Cocos/assets/7.Scripts/MyScript/Item/ItemGraphic.ts as cce:/internal/x/cc.
15:48:00.303 debug: Resolve ../Config/TrayConfig from file:///F:/CocosProject/PLY_Roomtopia_Cocos/assets/7.Scripts/MyScript/Item/ItemGraphic.ts as file:///F:/CocosProject/PLY_Roomtopia_Cocos/assets/7.Scripts/MyScript/Config/TrayConfig.ts.
15:48:00.303 debug: Resolve ./QuadImage from file:///F:/CocosProject/PLY_Roomtopia_Cocos/assets/7.Scripts/MyScript/Item/ItemGraphic.ts as file:///F:/CocosProject/PLY_Roomtopia_Cocos/assets/7.Scripts/MyScript/Item/QuadImage.ts.
15:48:00.303 debug: Resolve cc from file:///F:/CocosProject/PLY_Roomtopia_Cocos/assets/7.Scripts/MyScript/Item/QuadImage.ts as cce:/internal/x/cc.
15:48:00.303 debug: Resolve cc from file:///F:/CocosProject/PLY_Roomtopia_Cocos/assets/7.Scripts/MyScript/Item/QuadImage.ts as cce:/internal/x/cc.
15:48:00.303 debug: Resolve cc from file:///F:/CocosProject/PLY_Roomtopia_Cocos/assets/7.Scripts/MyScript/Item/QuadImage.ts as cce:/internal/x/cc.
15:48:00.303 debug: Resolve cce:/internal/code-quality/cr.mjs from file:///F:/CocosProject/PLY_Roomtopia_Cocos/assets/7.Scripts/MyScript/Item/ItemMovement.ts as cce:/internal/code-quality/cr.mjs.
15:48:00.303 debug: Resolve cc from file:///F:/CocosProject/PLY_Roomtopia_Cocos/assets/7.Scripts/MyScript/Item/ItemMovement.ts as cce:/internal/x/cc.
15:48:00.303 debug: Resolve cc from file:///F:/CocosProject/PLY_Roomtopia_Cocos/assets/7.Scripts/MyScript/Item/ItemMovement.ts as cce:/internal/x/cc.
15:48:00.303 debug: Resolve cc from file:///F:/CocosProject/PLY_Roomtopia_Cocos/assets/7.Scripts/MyScript/Item/ItemMovement.ts as cce:/internal/x/cc.
15:48:00.303 debug: Resolve ./ItemGraphic from file:///F:/CocosProject/PLY_Roomtopia_Cocos/assets/7.Scripts/MyScript/Item/ItemMovement.ts as file:///F:/CocosProject/PLY_Roomtopia_Cocos/assets/7.Scripts/MyScript/Item/ItemGraphic.ts.
15:48:00.303 debug: Resolve cc from file:///F:/CocosProject/PLY_Roomtopia_Cocos/assets/7.Scripts/MyScript/Manager/GameManager.ts as cce:/internal/x/cc.
15:48:00.303 debug: Resolve cc from file:///F:/CocosProject/PLY_Roomtopia_Cocos/assets/7.Scripts/MyScript/Manager/GameManager.ts as cce:/internal/x/cc.
15:48:00.303 debug: Resolve cc from file:///F:/CocosProject/PLY_Roomtopia_Cocos/assets/7.Scripts/MyScript/Manager/GameManager.ts as cce:/internal/x/cc.
15:48:00.303 debug: Resolve cce:/internal/code-quality/cr.mjs from file:///F:/CocosProject/PLY_Roomtopia_Cocos/assets/7.Scripts/MyScript/Manager/HandHintManager.ts as cce:/internal/code-quality/cr.mjs.
15:48:00.303 debug: Resolve cc from file:///F:/CocosProject/PLY_Roomtopia_Cocos/assets/7.Scripts/MyScript/Manager/HandHintManager.ts as cce:/internal/x/cc.
15:48:00.303 debug: Resolve cc from file:///F:/CocosProject/PLY_Roomtopia_Cocos/assets/7.Scripts/MyScript/Manager/HandHintManager.ts as cce:/internal/x/cc.
15:48:00.303 debug: Resolve cc from file:///F:/CocosProject/PLY_Roomtopia_Cocos/assets/7.Scripts/MyScript/Manager/HandHintManager.ts as cce:/internal/x/cc.
15:48:00.303 debug: Resolve cc/env from file:///F:/CocosProject/PLY_Roomtopia_Cocos/assets/7.Scripts/MyScript/Manager/HandHintManager.ts as external dependency cc/env.
15:48:00.303 debug: Resolve ../../Manager/UI from file:///F:/CocosProject/PLY_Roomtopia_Cocos/assets/7.Scripts/MyScript/Manager/HandHintManager.ts as file:///F:/CocosProject/PLY_Roomtopia_Cocos/assets/7.Scripts/Manager/UI.ts.
15:48:00.303 debug: Resolve ../Item/BoxBg from file:///F:/CocosProject/PLY_Roomtopia_Cocos/assets/7.Scripts/MyScript/Manager/HandHintManager.ts as file:///F:/CocosProject/PLY_Roomtopia_Cocos/assets/7.Scripts/MyScript/Item/BoxBg.ts.
15:48:00.303 debug: Resolve ../Item/ItemGraphic from file:///F:/CocosProject/PLY_Roomtopia_Cocos/assets/7.Scripts/MyScript/Manager/HandHintManager.ts as file:///F:/CocosProject/PLY_Roomtopia_Cocos/assets/7.Scripts/MyScript/Item/ItemGraphic.ts.
15:48:00.303 debug: Resolve ./ItemManager from file:///F:/CocosProject/PLY_Roomtopia_Cocos/assets/7.Scripts/MyScript/Manager/HandHintManager.ts as file:///F:/CocosProject/PLY_Roomtopia_Cocos/assets/7.Scripts/MyScript/Manager/ItemManager.ts.
15:48:00.303 debug: Resolve ./ModelRotate from file:///F:/CocosProject/PLY_Roomtopia_Cocos/assets/7.Scripts/MyScript/Manager/HandHintManager.ts as file:///F:/CocosProject/PLY_Roomtopia_Cocos/assets/7.Scripts/MyScript/Manager/ModelRotate.ts.
15:48:00.303 debug: Resolve cce:/internal/code-quality/cr.mjs from file:///F:/CocosProject/PLY_Roomtopia_Cocos/assets/7.Scripts/MyScript/Manager/ItemManager.ts as cce:/internal/code-quality/cr.mjs.
15:48:00.303 debug: Resolve cc from file:///F:/CocosProject/PLY_Roomtopia_Cocos/assets/7.Scripts/MyScript/Manager/ItemManager.ts as cce:/internal/x/cc.
15:48:00.303 debug: Resolve cc from file:///F:/CocosProject/PLY_Roomtopia_Cocos/assets/7.Scripts/MyScript/Manager/ItemManager.ts as cce:/internal/x/cc.
15:48:00.303 debug: Resolve cc from file:///F:/CocosProject/PLY_Roomtopia_Cocos/assets/7.Scripts/MyScript/Manager/ItemManager.ts as cce:/internal/x/cc.
15:48:00.303 debug: Resolve cc/env from file:///F:/CocosProject/PLY_Roomtopia_Cocos/assets/7.Scripts/MyScript/Manager/ItemManager.ts as external dependency cc/env.
15:48:00.303 debug: Resolve ../../Manager/UI from file:///F:/CocosProject/PLY_Roomtopia_Cocos/assets/7.Scripts/MyScript/Manager/ItemManager.ts as file:///F:/CocosProject/PLY_Roomtopia_Cocos/assets/7.Scripts/Manager/UI.ts.
15:48:00.303 debug: Resolve ../Item/BottomBar from file:///F:/CocosProject/PLY_Roomtopia_Cocos/assets/7.Scripts/MyScript/Manager/ItemManager.ts as file:///F:/CocosProject/PLY_Roomtopia_Cocos/assets/7.Scripts/MyScript/Item/BottomBar.ts.
15:48:00.303 debug: Resolve ../Item/ItemController from file:///F:/CocosProject/PLY_Roomtopia_Cocos/assets/7.Scripts/MyScript/Manager/ItemManager.ts as file:///F:/CocosProject/PLY_Roomtopia_Cocos/assets/7.Scripts/MyScript/Item/ItemController.ts.
15:48:00.303 debug: Resolve ../Item/ItemGraphic from file:///F:/CocosProject/PLY_Roomtopia_Cocos/assets/7.Scripts/MyScript/Manager/ItemManager.ts as file:///F:/CocosProject/PLY_Roomtopia_Cocos/assets/7.Scripts/MyScript/Item/ItemGraphic.ts.
15:48:00.303 debug: Resolve ../Config/TrayConfig from file:///F:/CocosProject/PLY_Roomtopia_Cocos/assets/7.Scripts/MyScript/Manager/ItemManager.ts as file:///F:/CocosProject/PLY_Roomtopia_Cocos/assets/7.Scripts/MyScript/Config/TrayConfig.ts.
15:48:00.303 debug: Resolve ./GameManager from file:///F:/CocosProject/PLY_Roomtopia_Cocos/assets/7.Scripts/MyScript/Manager/ItemManager.ts as file:///F:/CocosProject/PLY_Roomtopia_Cocos/assets/7.Scripts/MyScript/Manager/GameManager.ts.
15:48:00.303 debug: Resolve ../Utils/SnapEffect from file:///F:/CocosProject/PLY_Roomtopia_Cocos/assets/7.Scripts/MyScript/Manager/ItemManager.ts as file:///F:/CocosProject/PLY_Roomtopia_Cocos/assets/7.Scripts/MyScript/Utils/SnapEffect.ts.
15:48:00.303 debug: Resolve ../../Tool/AppLovinAnalytics from file:///F:/CocosProject/PLY_Roomtopia_Cocos/assets/7.Scripts/MyScript/Manager/ItemManager.ts as file:///F:/CocosProject/PLY_Roomtopia_Cocos/assets/7.Scripts/Tool/AppLovinAnalytics.ts.
15:48:00.315 debug: Resolve cce:/internal/code-quality/cr.mjs from file:///F:/CocosProject/PLY_Roomtopia_Cocos/assets/7.Scripts/MyScript/Utils/SnapEffect.ts as cce:/internal/code-quality/cr.mjs.
15:48:00.315 debug: Resolve cc from file:///F:/CocosProject/PLY_Roomtopia_Cocos/assets/7.Scripts/MyScript/Utils/SnapEffect.ts as cce:/internal/x/cc.
15:48:00.315 debug: Resolve cc from file:///F:/CocosProject/PLY_Roomtopia_Cocos/assets/7.Scripts/MyScript/Utils/SnapEffect.ts as cce:/internal/x/cc.
15:48:00.315 debug: Resolve cc from file:///F:/CocosProject/PLY_Roomtopia_Cocos/assets/7.Scripts/MyScript/Utils/SnapEffect.ts as cce:/internal/x/cc.
15:48:00.316 debug: Resolve ./WinReact from file:///F:/CocosProject/PLY_Roomtopia_Cocos/assets/7.Scripts/MyScript/Utils/SnapEffect.ts as file:///F:/CocosProject/PLY_Roomtopia_Cocos/assets/7.Scripts/MyScript/Utils/WinReact.ts.
15:48:00.316 debug: Resolve ../Manager/GameManager from file:///F:/CocosProject/PLY_Roomtopia_Cocos/assets/7.Scripts/MyScript/Utils/SnapEffect.ts as file:///F:/CocosProject/PLY_Roomtopia_Cocos/assets/7.Scripts/MyScript/Manager/GameManager.ts.
15:48:00.316 debug: Resolve ../Item/ItemGraphic from file:///F:/CocosProject/PLY_Roomtopia_Cocos/assets/7.Scripts/MyScript/Utils/SnapEffect.ts as file:///F:/CocosProject/PLY_Roomtopia_Cocos/assets/7.Scripts/MyScript/Item/ItemGraphic.ts.
15:48:00.316 debug: Resolve ../../Manager/UI from file:///F:/CocosProject/PLY_Roomtopia_Cocos/assets/7.Scripts/MyScript/Utils/SnapEffect.ts as file:///F:/CocosProject/PLY_Roomtopia_Cocos/assets/7.Scripts/Manager/UI.ts.
15:48:00.316 debug: Resolve cc from file:///F:/CocosProject/PLY_Roomtopia_Cocos/assets/7.Scripts/MyScript/Utils/WinReact.ts as cce:/internal/x/cc.
15:48:00.316 debug: Resolve cc from file:///F:/CocosProject/PLY_Roomtopia_Cocos/assets/7.Scripts/MyScript/Utils/WinReact.ts as cce:/internal/x/cc.
15:48:00.316 debug: Resolve cc from file:///F:/CocosProject/PLY_Roomtopia_Cocos/assets/7.Scripts/MyScript/Utils/WinReact.ts as cce:/internal/x/cc.
15:48:00.316 debug: Resolve cce:/internal/code-quality/cr.mjs from file:///F:/CocosProject/PLY_Roomtopia_Cocos/assets/7.Scripts/MyScript/Manager/ModelRotate.ts as cce:/internal/code-quality/cr.mjs.
15:48:00.316 debug: Resolve cc from file:///F:/CocosProject/PLY_Roomtopia_Cocos/assets/7.Scripts/MyScript/Manager/ModelRotate.ts as cce:/internal/x/cc.
15:48:00.316 debug: Resolve cc from file:///F:/CocosProject/PLY_Roomtopia_Cocos/assets/7.Scripts/MyScript/Manager/ModelRotate.ts as cce:/internal/x/cc.
15:48:00.316 debug: Resolve cc from file:///F:/CocosProject/PLY_Roomtopia_Cocos/assets/7.Scripts/MyScript/Manager/ModelRotate.ts as cce:/internal/x/cc.
15:48:00.318 debug: Resolve cc/env from file:///F:/CocosProject/PLY_Roomtopia_Cocos/assets/7.Scripts/MyScript/Manager/ModelRotate.ts as external dependency cc/env.
15:48:00.318 debug: Resolve ../Item/BottomBar from file:///F:/CocosProject/PLY_Roomtopia_Cocos/assets/7.Scripts/MyScript/Manager/ModelRotate.ts as file:///F:/CocosProject/PLY_Roomtopia_Cocos/assets/7.Scripts/MyScript/Item/BottomBar.ts.
15:48:00.318 debug: Resolve ./ItemManager from file:///F:/CocosProject/PLY_Roomtopia_Cocos/assets/7.Scripts/MyScript/Manager/ModelRotate.ts as file:///F:/CocosProject/PLY_Roomtopia_Cocos/assets/7.Scripts/MyScript/Manager/ItemManager.ts.
15:48:00.318 debug: Resolve cc from file:///F:/CocosProject/PLY_Roomtopia_Cocos/assets/7.Scripts/MyScript/ScriptTemplate/ComponentCache.ts as cce:/internal/x/cc.
15:48:00.318 debug: Resolve cc from file:///F:/CocosProject/PLY_Roomtopia_Cocos/assets/7.Scripts/MyScript/ScriptTemplate/ComponentCache.ts as cce:/internal/x/cc.
15:48:00.318 debug: Resolve cc from file:///F:/CocosProject/PLY_Roomtopia_Cocos/assets/7.Scripts/MyScript/ScriptTemplate/Yielders.ts as cce:/internal/x/cc.
15:48:00.318 debug: Resolve cce:/internal/code-quality/cr.mjs from file:///F:/CocosProject/PLY_Roomtopia_Cocos/assets/7.Scripts/Pool/PoolControl.ts as cce:/internal/code-quality/cr.mjs.
15:48:00.318 debug: Resolve cc from file:///F:/CocosProject/PLY_Roomtopia_Cocos/assets/7.Scripts/Pool/PoolControl.ts as cce:/internal/x/cc.
15:48:00.318 debug: Resolve cc from file:///F:/CocosProject/PLY_Roomtopia_Cocos/assets/7.Scripts/Pool/PoolControl.ts as cce:/internal/x/cc.
15:48:00.318 debug: Resolve cc from file:///F:/CocosProject/PLY_Roomtopia_Cocos/assets/7.Scripts/Pool/PoolControl.ts as cce:/internal/x/cc.
15:48:00.318 debug: Resolve cce:/internal/code-quality/cr.mjs from file:///F:/CocosProject/PLY_Roomtopia_Cocos/assets/7.Scripts/Pool/PoolManager.ts as cce:/internal/code-quality/cr.mjs.
15:48:00.318 debug: Resolve cc from file:///F:/CocosProject/PLY_Roomtopia_Cocos/assets/7.Scripts/Pool/PoolManager.ts as cce:/internal/x/cc.
15:48:00.318 debug: Resolve cc from file:///F:/CocosProject/PLY_Roomtopia_Cocos/assets/7.Scripts/Pool/PoolManager.ts as cce:/internal/x/cc.
15:48:00.318 debug: Resolve cc from file:///F:/CocosProject/PLY_Roomtopia_Cocos/assets/7.Scripts/Pool/PoolManager.ts as cce:/internal/x/cc.
15:48:00.318 debug: Resolve ./PoolMember from file:///F:/CocosProject/PLY_Roomtopia_Cocos/assets/7.Scripts/Pool/PoolManager.ts as file:///F:/CocosProject/PLY_Roomtopia_Cocos/assets/7.Scripts/Pool/PoolMember.ts.
15:48:00.318 debug: Resolve ./PoolControl from file:///F:/CocosProject/PLY_Roomtopia_Cocos/assets/7.Scripts/Pool/PoolManager.ts as file:///F:/CocosProject/PLY_Roomtopia_Cocos/assets/7.Scripts/Pool/PoolControl.ts.
15:48:00.318 debug: Resolve cce:/internal/code-quality/cr.mjs from file:///F:/CocosProject/PLY_Roomtopia_Cocos/assets/7.Scripts/Sand/SandSimulation.ts as cce:/internal/code-quality/cr.mjs.
15:48:00.318 debug: Resolve cc from file:///F:/CocosProject/PLY_Roomtopia_Cocos/assets/7.Scripts/Sand/SandSimulation.ts as cce:/internal/x/cc.
15:48:00.318 debug: Resolve cc from file:///F:/CocosProject/PLY_Roomtopia_Cocos/assets/7.Scripts/Sand/SandSimulation.ts as cce:/internal/x/cc.
15:48:00.318 debug: Resolve cc from file:///F:/CocosProject/PLY_Roomtopia_Cocos/assets/7.Scripts/Sand/SandSimulation.ts as cce:/internal/x/cc.
15:48:00.318 debug: Resolve ../Gameplay/Data from file:///F:/CocosProject/PLY_Roomtopia_Cocos/assets/7.Scripts/Sand/SandSimulation.ts as file:///F:/CocosProject/PLY_Roomtopia_Cocos/assets/7.Scripts/Gameplay/Data.ts.
15:48:00.339 debug: Target(preview) ends with cost 238.15539999999964ms.
15:48:02.586 debug: Pulling asset-db.
15:48:03.495 debug: Fetch asset-db cost: 909.0365999999995ms.
15:48:03.500 debug: Build iteration starts.
Number of accumulated asset changes: 61
Feature changed: false
15:48:03.501 debug: Target(editor) build started.
15:48:03.538 debug: Detected change: cce:/internal/x/prerequisite-imports. Last mtime: Thu Jan 01 1970 07:00:09 GMT+0700 (Indochina Time), Current mtime: Thu Jan 01 1970 07:00:12 GMT+0700 (Indochina Time)
15:48:03.538 debug: Inspect cce:/internal/x/prerequisite-imports
15:48:04.190 debug: transform url: 'cce:/internal/x/prerequisite-imports' costs: 651.60 ms
15:48:04.200 debug: Resolve file:///C:/ProgramData/cocos/editors/Creator/3.8.8/resources/resources/3d/engine/editor/assets/default_renderpipeline/builtin-dof-pass.ts from cce:/internal/x/prerequisite-imports as file:///C:/ProgramData/cocos/editors/Creator/3.8.8/resources/resources/3d/engine/editor/assets/default_renderpipeline/builtin-dof-pass.ts.
15:48:04.202 debug: Resolve file:///C:/ProgramData/cocos/editors/Creator/3.8.8/resources/resources/3d/engine/editor/assets/default_renderpipeline/builtin-pipeline-pass.ts from cce:/internal/x/prerequisite-imports as file:///C:/ProgramData/cocos/editors/Creator/3.8.8/resources/resources/3d/engine/editor/assets/default_renderpipeline/builtin-pipeline-pass.ts.
15:48:04.203 debug: Resolve file:///C:/ProgramData/cocos/editors/Creator/3.8.8/resources/resources/3d/engine/editor/assets/default_renderpipeline/builtin-pipeline-settings.ts from cce:/internal/x/prerequisite-imports as file:///C:/ProgramData/cocos/editors/Creator/3.8.8/resources/resources/3d/engine/editor/assets/default_renderpipeline/builtin-pipeline-settings.ts.
15:48:04.204 debug: Resolve file:///C:/ProgramData/cocos/editors/Creator/3.8.8/resources/resources/3d/engine/editor/assets/default_renderpipeline/builtin-pipeline-types.ts from cce:/internal/x/prerequisite-imports as file:///C:/ProgramData/cocos/editors/Creator/3.8.8/resources/resources/3d/engine/editor/assets/default_renderpipeline/builtin-pipeline-types.ts.
15:48:04.205 debug: Resolve file:///C:/ProgramData/cocos/editors/Creator/3.8.8/resources/resources/3d/engine/editor/assets/default_renderpipeline/builtin-pipeline.ts from cce:/internal/x/prerequisite-imports as file:///C:/ProgramData/cocos/editors/Creator/3.8.8/resources/resources/3d/engine/editor/assets/default_renderpipeline/builtin-pipeline.ts.
15:48:04.209 debug: Resolve file:///C:/ProgramData/cocos/editors/Creator/3.8.8/resources/resources/3d/engine/editor/assets/tools/debug-view-runtime-control.ts from cce:/internal/x/prerequisite-imports as file:///C:/ProgramData/cocos/editors/Creator/3.8.8/resources/resources/3d/engine/editor/assets/tools/debug-view-runtime-control.ts.
15:48:04.210 debug: Resolve file:///F:/CocosProject/PLY_Roomtopia_Cocos/assets/7.Scripts/Gameplay/Data.ts from cce:/internal/x/prerequisite-imports as file:///F:/CocosProject/PLY_Roomtopia_Cocos/assets/7.Scripts/Gameplay/Data.ts.
15:48:04.213 debug: Resolve file:///F:/CocosProject/PLY_Roomtopia_Cocos/assets/7.Scripts/Manager/AssetsManagerCustom.ts from cce:/internal/x/prerequisite-imports as file:///F:/CocosProject/PLY_Roomtopia_Cocos/assets/7.Scripts/Manager/AssetsManagerCustom.ts.
15:48:04.214 debug: Resolve file:///F:/CocosProject/PLY_Roomtopia_Cocos/assets/7.Scripts/Manager/Clock.ts from cce:/internal/x/prerequisite-imports as file:///F:/CocosProject/PLY_Roomtopia_Cocos/assets/7.Scripts/Manager/Clock.ts.
15:48:04.215 debug: Resolve file:///F:/CocosProject/PLY_Roomtopia_Cocos/assets/7.Scripts/Manager/InputManager.ts from cce:/internal/x/prerequisite-imports as file:///F:/CocosProject/PLY_Roomtopia_Cocos/assets/7.Scripts/Manager/InputManager.ts.
15:48:04.215 debug: Resolve file:///F:/CocosProject/PLY_Roomtopia_Cocos/assets/7.Scripts/Manager/Joystick.ts from cce:/internal/x/prerequisite-imports as file:///F:/CocosProject/PLY_Roomtopia_Cocos/assets/7.Scripts/Manager/Joystick.ts.
15:48:04.234 debug: Resolve file:///F:/CocosProject/PLY_Roomtopia_Cocos/assets/7.Scripts/Manager/MainCamera.ts from cce:/internal/x/prerequisite-imports as file:///F:/CocosProject/PLY_Roomtopia_Cocos/assets/7.Scripts/Manager/MainCamera.ts.
15:48:04.249 debug: Resolve file:///F:/CocosProject/PLY_Roomtopia_Cocos/assets/7.Scripts/Manager/PointerController.ts from cce:/internal/x/prerequisite-imports as file:///F:/CocosProject/PLY_Roomtopia_Cocos/assets/7.Scripts/Manager/PointerController.ts.
15:48:04.258 debug: Resolve file:///F:/CocosProject/PLY_Roomtopia_Cocos/assets/7.Scripts/Manager/SoundManager.ts from cce:/internal/x/prerequisite-imports as file:///F:/CocosProject/PLY_Roomtopia_Cocos/assets/7.Scripts/Manager/SoundManager.ts.
15:48:04.273 debug: Resolve file:///F:/CocosProject/PLY_Roomtopia_Cocos/assets/7.Scripts/Manager/UI.ts from cce:/internal/x/prerequisite-imports as file:///F:/CocosProject/PLY_Roomtopia_Cocos/assets/7.Scripts/Manager/UI.ts.
15:48:04.274 debug: Resolve file:///F:/CocosProject/PLY_Roomtopia_Cocos/assets/7.Scripts/Manager/VFX.ts from cce:/internal/x/prerequisite-imports as file:///F:/CocosProject/PLY_Roomtopia_Cocos/assets/7.Scripts/Manager/VFX.ts.
15:48:04.301 debug: Resolve file:///F:/CocosProject/PLY_Roomtopia_Cocos/assets/7.Scripts/Manager/World.ts from cce:/internal/x/prerequisite-imports as file:///F:/CocosProject/PLY_Roomtopia_Cocos/assets/7.Scripts/Manager/World.ts.
15:48:04.313 debug: Resolve file:///F:/CocosProject/PLY_Roomtopia_Cocos/assets/7.Scripts/MatchAsset/MatchSprite.ts from cce:/internal/x/prerequisite-imports as file:///F:/CocosProject/PLY_Roomtopia_Cocos/assets/7.Scripts/MatchAsset/MatchSprite.ts.
15:48:04.313 debug: Resolve file:///F:/CocosProject/PLY_Roomtopia_Cocos/assets/7.Scripts/MatchAsset/NodeOrder.ts from cce:/internal/x/prerequisite-imports as file:///F:/CocosProject/PLY_Roomtopia_Cocos/assets/7.Scripts/MatchAsset/NodeOrder.ts.
15:48:04.324 debug: Resolve file:///F:/CocosProject/PLY_Roomtopia_Cocos/assets/7.Scripts/MatchAsset/ReadImagePixel.ts from cce:/internal/x/prerequisite-imports as file:///F:/CocosProject/PLY_Roomtopia_Cocos/assets/7.Scripts/MatchAsset/ReadImagePixel.ts.
15:48:04.326 debug: Resolve file:///F:/CocosProject/PLY_Roomtopia_Cocos/assets/7.Scripts/MatchAsset/SpriteSizeSetter.ts from cce:/internal/x/prerequisite-imports as file:///F:/CocosProject/PLY_Roomtopia_Cocos/assets/7.Scripts/MatchAsset/SpriteSizeSetter.ts.
15:48:04.326 debug: Resolve file:///F:/CocosProject/PLY_Roomtopia_Cocos/assets/7.Scripts/MatchAsset/Ulis.ts from cce:/internal/x/prerequisite-imports as file:///F:/CocosProject/PLY_Roomtopia_Cocos/assets/7.Scripts/MatchAsset/Ulis.ts.
15:48:04.327 debug: Resolve file:///F:/CocosProject/PLY_Roomtopia_Cocos/assets/7.Scripts/Misc/AStar.ts from cce:/internal/x/prerequisite-imports as file:///F:/CocosProject/PLY_Roomtopia_Cocos/assets/7.Scripts/Misc/AStar.ts.
15:48:04.340 debug: Resolve file:///F:/CocosProject/PLY_Roomtopia_Cocos/assets/7.Scripts/Misc/Black.ts from cce:/internal/x/prerequisite-imports as file:///F:/CocosProject/PLY_Roomtopia_Cocos/assets/7.Scripts/Misc/Black.ts.
15:48:04.343 debug: Resolve file:///F:/CocosProject/PLY_Roomtopia_Cocos/assets/7.Scripts/Misc/Cloud.ts from cce:/internal/x/prerequisite-imports as file:///F:/CocosProject/PLY_Roomtopia_Cocos/assets/7.Scripts/Misc/Cloud.ts.
15:48:04.344 debug: Resolve file:///F:/CocosProject/PLY_Roomtopia_Cocos/assets/7.Scripts/Misc/IQ.ts from cce:/internal/x/prerequisite-imports as file:///F:/CocosProject/PLY_Roomtopia_Cocos/assets/7.Scripts/Misc/IQ.ts.
15:48:04.353 debug: Resolve file:///F:/CocosProject/PLY_Roomtopia_Cocos/assets/7.Scripts/Misc/Mats.ts from cce:/internal/x/prerequisite-imports as file:///F:/CocosProject/PLY_Roomtopia_Cocos/assets/7.Scripts/Misc/Mats.ts.
15:48:04.354 debug: Resolve file:///F:/CocosProject/PLY_Roomtopia_Cocos/assets/7.Scripts/Misc/MeshLoader.ts from cce:/internal/x/prerequisite-imports as file:///F:/CocosProject/PLY_Roomtopia_Cocos/assets/7.Scripts/Misc/MeshLoader.ts.
15:48:04.358 debug: Resolve file:///F:/CocosProject/PLY_Roomtopia_Cocos/assets/7.Scripts/Misc/SkinManager.ts from cce:/internal/x/prerequisite-imports as file:///F:/CocosProject/PLY_Roomtopia_Cocos/assets/7.Scripts/Misc/SkinManager.ts.
15:48:04.363 debug: Resolve file:///F:/CocosProject/PLY_Roomtopia_Cocos/assets/7.Scripts/Misc/SplineLineRenderer.ts from cce:/internal/x/prerequisite-imports as file:///F:/CocosProject/PLY_Roomtopia_Cocos/assets/7.Scripts/Misc/SplineLineRenderer.ts.
15:48:04.365 debug: Resolve file:///F:/CocosProject/PLY_Roomtopia_Cocos/assets/7.Scripts/Misc/Tool.ts from cce:/internal/x/prerequisite-imports as file:///F:/CocosProject/PLY_Roomtopia_Cocos/assets/7.Scripts/Misc/Tool.ts.
15:48:04.366 debug: Resolve file:///F:/CocosProject/PLY_Roomtopia_Cocos/assets/7.Scripts/Misc/Tooth.ts from cce:/internal/x/prerequisite-imports as file:///F:/CocosProject/PLY_Roomtopia_Cocos/assets/7.Scripts/Misc/Tooth.ts.
15:48:04.367 debug: Resolve file:///F:/CocosProject/PLY_Roomtopia_Cocos/assets/7.Scripts/Misc/Ulis.ts from cce:/internal/x/prerequisite-imports as file:///F:/CocosProject/PLY_Roomtopia_Cocos/assets/7.Scripts/Misc/Ulis.ts.
15:48:04.367 debug: Resolve file:///F:/CocosProject/PLY_Roomtopia_Cocos/assets/7.Scripts/MyScript/Config/TrayConfig.ts from cce:/internal/x/prerequisite-imports as file:///F:/CocosProject/PLY_Roomtopia_Cocos/assets/7.Scripts/MyScript/Config/TrayConfig.ts.
15:48:04.368 debug: Resolve file:///F:/CocosProject/PLY_Roomtopia_Cocos/assets/7.Scripts/MyScript/Item/BottomBar.ts from cce:/internal/x/prerequisite-imports as file:///F:/CocosProject/PLY_Roomtopia_Cocos/assets/7.Scripts/MyScript/Item/BottomBar.ts.
15:48:04.368 debug: Resolve file:///F:/CocosProject/PLY_Roomtopia_Cocos/assets/7.Scripts/MyScript/Item/BoxBg.ts from cce:/internal/x/prerequisite-imports as file:///F:/CocosProject/PLY_Roomtopia_Cocos/assets/7.Scripts/MyScript/Item/BoxBg.ts.
15:48:04.369 debug: Resolve file:///F:/CocosProject/PLY_Roomtopia_Cocos/assets/7.Scripts/MyScript/Item/FitInBox.ts from cce:/internal/x/prerequisite-imports as file:///F:/CocosProject/PLY_Roomtopia_Cocos/assets/7.Scripts/MyScript/Item/FitInBox.ts.
15:48:04.370 debug: Resolve file:///F:/CocosProject/PLY_Roomtopia_Cocos/assets/7.Scripts/MyScript/Item/ItemController.ts from cce:/internal/x/prerequisite-imports as file:///F:/CocosProject/PLY_Roomtopia_Cocos/assets/7.Scripts/MyScript/Item/ItemController.ts.
15:48:04.370 debug: Resolve file:///F:/CocosProject/PLY_Roomtopia_Cocos/assets/7.Scripts/MyScript/Item/ItemGraphic.ts from cce:/internal/x/prerequisite-imports as file:///F:/CocosProject/PLY_Roomtopia_Cocos/assets/7.Scripts/MyScript/Item/ItemGraphic.ts.
15:48:04.371 debug: Resolve file:///F:/CocosProject/PLY_Roomtopia_Cocos/assets/7.Scripts/MyScript/Item/ItemMovement.ts from cce:/internal/x/prerequisite-imports as file:///F:/CocosProject/PLY_Roomtopia_Cocos/assets/7.Scripts/MyScript/Item/ItemMovement.ts.
15:48:04.372 debug: Resolve file:///F:/CocosProject/PLY_Roomtopia_Cocos/assets/7.Scripts/MyScript/Item/QuadImage.ts from cce:/internal/x/prerequisite-imports as file:///F:/CocosProject/PLY_Roomtopia_Cocos/assets/7.Scripts/MyScript/Item/QuadImage.ts.
15:48:04.372 debug: Resolve file:///F:/CocosProject/PLY_Roomtopia_Cocos/assets/7.Scripts/MyScript/Manager/GameManager.ts from cce:/internal/x/prerequisite-imports as file:///F:/CocosProject/PLY_Roomtopia_Cocos/assets/7.Scripts/MyScript/Manager/GameManager.ts.
15:48:04.373 debug: Resolve file:///F:/CocosProject/PLY_Roomtopia_Cocos/assets/7.Scripts/MyScript/Manager/HandHintManager.ts from cce:/internal/x/prerequisite-imports as file:///F:/CocosProject/PLY_Roomtopia_Cocos/assets/7.Scripts/MyScript/Manager/HandHintManager.ts.
15:48:04.374 debug: Resolve file:///F:/CocosProject/PLY_Roomtopia_Cocos/assets/7.Scripts/MyScript/Manager/ItemManager.ts from cce:/internal/x/prerequisite-imports as file:///F:/CocosProject/PLY_Roomtopia_Cocos/assets/7.Scripts/MyScript/Manager/ItemManager.ts.
15:48:04.375 debug: Resolve file:///F:/CocosProject/PLY_Roomtopia_Cocos/assets/7.Scripts/MyScript/Manager/ModelRotate.ts from cce:/internal/x/prerequisite-imports as file:///F:/CocosProject/PLY_Roomtopia_Cocos/assets/7.Scripts/MyScript/Manager/ModelRotate.ts.
15:48:04.375 debug: Resolve file:///F:/CocosProject/PLY_Roomtopia_Cocos/assets/7.Scripts/MyScript/ScriptTemplate/ComponentCache.ts from cce:/internal/x/prerequisite-imports as file:///F:/CocosProject/PLY_Roomtopia_Cocos/assets/7.Scripts/MyScript/ScriptTemplate/ComponentCache.ts.
15:48:04.376 debug: Resolve file:///F:/CocosProject/PLY_Roomtopia_Cocos/assets/7.Scripts/MyScript/ScriptTemplate/Ply_GameUnit.ts from cce:/internal/x/prerequisite-imports as file:///F:/CocosProject/PLY_Roomtopia_Cocos/assets/7.Scripts/MyScript/ScriptTemplate/Ply_GameUnit.ts.
15:48:04.380 debug: Resolve file:///F:/CocosProject/PLY_Roomtopia_Cocos/assets/7.Scripts/MyScript/ScriptTemplate/Ply_Pool.ts from cce:/internal/x/prerequisite-imports as file:///F:/CocosProject/PLY_Roomtopia_Cocos/assets/7.Scripts/MyScript/ScriptTemplate/Ply_Pool.ts.
15:48:04.381 debug: Resolve file:///F:/CocosProject/PLY_Roomtopia_Cocos/assets/7.Scripts/MyScript/ScriptTemplate/Ply_Singleton.ts from cce:/internal/x/prerequisite-imports as file:///F:/CocosProject/PLY_Roomtopia_Cocos/assets/7.Scripts/MyScript/ScriptTemplate/Ply_Singleton.ts.
15:48:04.381 debug: Resolve file:///F:/CocosProject/PLY_Roomtopia_Cocos/assets/7.Scripts/MyScript/ScriptTemplate/Ply_SoundManager.ts from cce:/internal/x/prerequisite-imports as file:///F:/CocosProject/PLY_Roomtopia_Cocos/assets/7.Scripts/MyScript/ScriptTemplate/Ply_SoundManager.ts.
15:48:04.382 debug: Resolve file:///F:/CocosProject/PLY_Roomtopia_Cocos/assets/7.Scripts/MyScript/ScriptTemplate/Ply_Types.ts from cce:/internal/x/prerequisite-imports as file:///F:/CocosProject/PLY_Roomtopia_Cocos/assets/7.Scripts/MyScript/ScriptTemplate/Ply_Types.ts.
15:48:04.382 debug: Resolve file:///F:/CocosProject/PLY_Roomtopia_Cocos/assets/7.Scripts/MyScript/ScriptTemplate/Yielders.ts from cce:/internal/x/prerequisite-imports as file:///F:/CocosProject/PLY_Roomtopia_Cocos/assets/7.Scripts/MyScript/ScriptTemplate/Yielders.ts.
15:48:04.383 debug: Resolve file:///F:/CocosProject/PLY_Roomtopia_Cocos/assets/7.Scripts/MyScript/Utils/SnapEffect.ts from cce:/internal/x/prerequisite-imports as file:///F:/CocosProject/PLY_Roomtopia_Cocos/assets/7.Scripts/MyScript/Utils/SnapEffect.ts.
15:48:04.383 debug: Resolve file:///F:/CocosProject/PLY_Roomtopia_Cocos/assets/7.Scripts/MyScript/Utils/WinReact.ts from cce:/internal/x/prerequisite-imports as file:///F:/CocosProject/PLY_Roomtopia_Cocos/assets/7.Scripts/MyScript/Utils/WinReact.ts.
15:48:04.384 debug: Resolve file:///F:/CocosProject/PLY_Roomtopia_Cocos/assets/7.Scripts/Pool/PoolControl.ts from cce:/internal/x/prerequisite-imports as file:///F:/CocosProject/PLY_Roomtopia_Cocos/assets/7.Scripts/Pool/PoolControl.ts.
15:48:04.385 debug: Resolve file:///F:/CocosProject/PLY_Roomtopia_Cocos/assets/7.Scripts/Pool/PoolManager.ts from cce:/internal/x/prerequisite-imports as file:///F:/CocosProject/PLY_Roomtopia_Cocos/assets/7.Scripts/Pool/PoolManager.ts.
15:48:04.385 debug: Resolve file:///F:/CocosProject/PLY_Roomtopia_Cocos/assets/7.Scripts/Pool/PoolMember.ts from cce:/internal/x/prerequisite-imports as file:///F:/CocosProject/PLY_Roomtopia_Cocos/assets/7.Scripts/Pool/PoolMember.ts.
15:48:04.385 debug: Resolve file:///F:/CocosProject/PLY_Roomtopia_Cocos/assets/7.Scripts/Sand/SandSimulation.ts from cce:/internal/x/prerequisite-imports as file:///F:/CocosProject/PLY_Roomtopia_Cocos/assets/7.Scripts/Sand/SandSimulation.ts.
15:48:04.386 debug: Resolve file:///F:/CocosProject/PLY_Roomtopia_Cocos/assets/7.Scripts/Tool/AppLovinAnalytics.ts from cce:/internal/x/prerequisite-imports as file:///F:/CocosProject/PLY_Roomtopia_Cocos/assets/7.Scripts/Tool/AppLovinAnalytics.ts.
15:48:04.389 debug: Resolve file:///F:/CocosProject/PLY_Roomtopia_Cocos/assets/7.Scripts/Tool/GameController.ts from cce:/internal/x/prerequisite-imports as file:///F:/CocosProject/PLY_Roomtopia_Cocos/assets/7.Scripts/Tool/GameController.ts.
15:48:04.491 debug: Target(editor) ends with cost 989.6396000000004ms.
15:48:04.492 debug: Target(preview) build started.
15:48:04.880 debug: Detected change: cce:/internal/x/prerequisite-imports. Last mtime: Thu Jan 01 1970 07:00:09 GMT+0700 (Indochina Time), Current mtime: Thu Jan 01 1970 07:00:13 GMT+0700 (Indochina Time)
15:48:04.880 debug: Inspect cce:/internal/x/prerequisite-imports
15:48:04.932 debug: transform url: 'cce:/internal/x/prerequisite-imports' costs: 51.60 ms
15:48:04.936 debug: Resolve file:///C:/ProgramData/cocos/editors/Creator/3.8.8/resources/resources/3d/engine/editor/assets/default_renderpipeline/builtin-dof-pass.ts from cce:/internal/x/prerequisite-imports as file:///C:/ProgramData/cocos/editors/Creator/3.8.8/resources/resources/3d/engine/editor/assets/default_renderpipeline/builtin-dof-pass.ts.
15:48:04.938 debug: Resolve file:///C:/ProgramData/cocos/editors/Creator/3.8.8/resources/resources/3d/engine/editor/assets/default_renderpipeline/builtin-pipeline-pass.ts from cce:/internal/x/prerequisite-imports as file:///C:/ProgramData/cocos/editors/Creator/3.8.8/resources/resources/3d/engine/editor/assets/default_renderpipeline/builtin-pipeline-pass.ts.
15:48:04.940 debug: Resolve file:///C:/ProgramData/cocos/editors/Creator/3.8.8/resources/resources/3d/engine/editor/assets/default_renderpipeline/builtin-pipeline-settings.ts from cce:/internal/x/prerequisite-imports as file:///C:/ProgramData/cocos/editors/Creator/3.8.8/resources/resources/3d/engine/editor/assets/default_renderpipeline/builtin-pipeline-settings.ts.
15:48:04.942 debug: Resolve file:///C:/ProgramData/cocos/editors/Creator/3.8.8/resources/resources/3d/engine/editor/assets/default_renderpipeline/builtin-pipeline-types.ts from cce:/internal/x/prerequisite-imports as file:///C:/ProgramData/cocos/editors/Creator/3.8.8/resources/resources/3d/engine/editor/assets/default_renderpipeline/builtin-pipeline-types.ts.
15:48:04.943 debug: Resolve file:///C:/ProgramData/cocos/editors/Creator/3.8.8/resources/resources/3d/engine/editor/assets/default_renderpipeline/builtin-pipeline.ts from cce:/internal/x/prerequisite-imports as file:///C:/ProgramData/cocos/editors/Creator/3.8.8/resources/resources/3d/engine/editor/assets/default_renderpipeline/builtin-pipeline.ts.
15:48:04.944 debug: Resolve file:///C:/ProgramData/cocos/editors/Creator/3.8.8/resources/resources/3d/engine/editor/assets/tools/debug-view-runtime-control.ts from cce:/internal/x/prerequisite-imports as file:///C:/ProgramData/cocos/editors/Creator/3.8.8/resources/resources/3d/engine/editor/assets/tools/debug-view-runtime-control.ts.
15:48:04.946 debug: Resolve file:///F:/CocosProject/PLY_Roomtopia_Cocos/assets/7.Scripts/Gameplay/Data.ts from cce:/internal/x/prerequisite-imports as file:///F:/CocosProject/PLY_Roomtopia_Cocos/assets/7.Scripts/Gameplay/Data.ts.
15:48:04.947 debug: Resolve file:///F:/CocosProject/PLY_Roomtopia_Cocos/assets/7.Scripts/Manager/AssetsManagerCustom.ts from cce:/internal/x/prerequisite-imports as file:///F:/CocosProject/PLY_Roomtopia_Cocos/assets/7.Scripts/Manager/AssetsManagerCustom.ts.
15:48:04.949 debug: Resolve file:///F:/CocosProject/PLY_Roomtopia_Cocos/assets/7.Scripts/Manager/Clock.ts from cce:/internal/x/prerequisite-imports as file:///F:/CocosProject/PLY_Roomtopia_Cocos/assets/7.Scripts/Manager/Clock.ts.
15:48:04.950 debug: Resolve file:///F:/CocosProject/PLY_Roomtopia_Cocos/assets/7.Scripts/Manager/InputManager.ts from cce:/internal/x/prerequisite-imports as file:///F:/CocosProject/PLY_Roomtopia_Cocos/assets/7.Scripts/Manager/InputManager.ts.
15:48:04.950 debug: Resolve file:///F:/CocosProject/PLY_Roomtopia_Cocos/assets/7.Scripts/Manager/Joystick.ts from cce:/internal/x/prerequisite-imports as file:///F:/CocosProject/PLY_Roomtopia_Cocos/assets/7.Scripts/Manager/Joystick.ts.
15:48:04.951 debug: Resolve file:///F:/CocosProject/PLY_Roomtopia_Cocos/assets/7.Scripts/Manager/MainCamera.ts from cce:/internal/x/prerequisite-imports as file:///F:/CocosProject/PLY_Roomtopia_Cocos/assets/7.Scripts/Manager/MainCamera.ts.
15:48:04.952 debug: Resolve file:///F:/CocosProject/PLY_Roomtopia_Cocos/assets/7.Scripts/Manager/PointerController.ts from cce:/internal/x/prerequisite-imports as file:///F:/CocosProject/PLY_Roomtopia_Cocos/assets/7.Scripts/Manager/PointerController.ts.
15:48:04.952 debug: Resolve file:///F:/CocosProject/PLY_Roomtopia_Cocos/assets/7.Scripts/Manager/SoundManager.ts from cce:/internal/x/prerequisite-imports as file:///F:/CocosProject/PLY_Roomtopia_Cocos/assets/7.Scripts/Manager/SoundManager.ts.
15:48:04.953 debug: Resolve file:///F:/CocosProject/PLY_Roomtopia_Cocos/assets/7.Scripts/Manager/UI.ts from cce:/internal/x/prerequisite-imports as file:///F:/CocosProject/PLY_Roomtopia_Cocos/assets/7.Scripts/Manager/UI.ts.
15:48:04.953 debug: Resolve file:///F:/CocosProject/PLY_Roomtopia_Cocos/assets/7.Scripts/Manager/VFX.ts from cce:/internal/x/prerequisite-imports as file:///F:/CocosProject/PLY_Roomtopia_Cocos/assets/7.Scripts/Manager/VFX.ts.
15:48:04.957 debug: Resolve file:///F:/CocosProject/PLY_Roomtopia_Cocos/assets/7.Scripts/Manager/World.ts from cce:/internal/x/prerequisite-imports as file:///F:/CocosProject/PLY_Roomtopia_Cocos/assets/7.Scripts/Manager/World.ts.
15:48:04.957 debug: Resolve file:///F:/CocosProject/PLY_Roomtopia_Cocos/assets/7.Scripts/MatchAsset/MatchSprite.ts from cce:/internal/x/prerequisite-imports as file:///F:/CocosProject/PLY_Roomtopia_Cocos/assets/7.Scripts/MatchAsset/MatchSprite.ts.
15:48:04.965 debug: Resolve file:///F:/CocosProject/PLY_Roomtopia_Cocos/assets/7.Scripts/MatchAsset/NodeOrder.ts from cce:/internal/x/prerequisite-imports as file:///F:/CocosProject/PLY_Roomtopia_Cocos/assets/7.Scripts/MatchAsset/NodeOrder.ts.
15:48:04.965 debug: Resolve file:///F:/CocosProject/PLY_Roomtopia_Cocos/assets/7.Scripts/MatchAsset/ReadImagePixel.ts from cce:/internal/x/prerequisite-imports as file:///F:/CocosProject/PLY_Roomtopia_Cocos/assets/7.Scripts/MatchAsset/ReadImagePixel.ts.
15:48:04.966 debug: Resolve file:///F:/CocosProject/PLY_Roomtopia_Cocos/assets/7.Scripts/MatchAsset/SpriteSizeSetter.ts from cce:/internal/x/prerequisite-imports as file:///F:/CocosProject/PLY_Roomtopia_Cocos/assets/7.Scripts/MatchAsset/SpriteSizeSetter.ts.
15:48:04.966 debug: Resolve file:///F:/CocosProject/PLY_Roomtopia_Cocos/assets/7.Scripts/MatchAsset/Ulis.ts from cce:/internal/x/prerequisite-imports as file:///F:/CocosProject/PLY_Roomtopia_Cocos/assets/7.Scripts/MatchAsset/Ulis.ts.
15:48:04.967 debug: Resolve file:///F:/CocosProject/PLY_Roomtopia_Cocos/assets/7.Scripts/Misc/AStar.ts from cce:/internal/x/prerequisite-imports as file:///F:/CocosProject/PLY_Roomtopia_Cocos/assets/7.Scripts/Misc/AStar.ts.
15:48:04.970 debug: Resolve file:///F:/CocosProject/PLY_Roomtopia_Cocos/assets/7.Scripts/Misc/Black.ts from cce:/internal/x/prerequisite-imports as file:///F:/CocosProject/PLY_Roomtopia_Cocos/assets/7.Scripts/Misc/Black.ts.
15:48:04.971 debug: Resolve file:///F:/CocosProject/PLY_Roomtopia_Cocos/assets/7.Scripts/Misc/Cloud.ts from cce:/internal/x/prerequisite-imports as file:///F:/CocosProject/PLY_Roomtopia_Cocos/assets/7.Scripts/Misc/Cloud.ts.
15:48:04.971 debug: Resolve file:///F:/CocosProject/PLY_Roomtopia_Cocos/assets/7.Scripts/Misc/IQ.ts from cce:/internal/x/prerequisite-imports as file:///F:/CocosProject/PLY_Roomtopia_Cocos/assets/7.Scripts/Misc/IQ.ts.
15:48:04.972 debug: Resolve file:///F:/CocosProject/PLY_Roomtopia_Cocos/assets/7.Scripts/Misc/Mats.ts from cce:/internal/x/prerequisite-imports as file:///F:/CocosProject/PLY_Roomtopia_Cocos/assets/7.Scripts/Misc/Mats.ts.
15:48:04.973 debug: Resolve file:///F:/CocosProject/PLY_Roomtopia_Cocos/assets/7.Scripts/Misc/MeshLoader.ts from cce:/internal/x/prerequisite-imports as file:///F:/CocosProject/PLY_Roomtopia_Cocos/assets/7.Scripts/Misc/MeshLoader.ts.
15:48:04.974 debug: Resolve file:///F:/CocosProject/PLY_Roomtopia_Cocos/assets/7.Scripts/Misc/SkinManager.ts from cce:/internal/x/prerequisite-imports as file:///F:/CocosProject/PLY_Roomtopia_Cocos/assets/7.Scripts/Misc/SkinManager.ts.
15:48:04.974 debug: Resolve file:///F:/CocosProject/PLY_Roomtopia_Cocos/assets/7.Scripts/Misc/SplineLineRenderer.ts from cce:/internal/x/prerequisite-imports as file:///F:/CocosProject/PLY_Roomtopia_Cocos/assets/7.Scripts/Misc/SplineLineRenderer.ts.
15:48:04.975 debug: Resolve file:///F:/CocosProject/PLY_Roomtopia_Cocos/assets/7.Scripts/Misc/Tool.ts from cce:/internal/x/prerequisite-imports as file:///F:/CocosProject/PLY_Roomtopia_Cocos/assets/7.Scripts/Misc/Tool.ts.
15:48:04.975 debug: Resolve file:///F:/CocosProject/PLY_Roomtopia_Cocos/assets/7.Scripts/Misc/Tooth.ts from cce:/internal/x/prerequisite-imports as file:///F:/CocosProject/PLY_Roomtopia_Cocos/assets/7.Scripts/Misc/Tooth.ts.
15:48:04.976 debug: Resolve file:///F:/CocosProject/PLY_Roomtopia_Cocos/assets/7.Scripts/Misc/Ulis.ts from cce:/internal/x/prerequisite-imports as file:///F:/CocosProject/PLY_Roomtopia_Cocos/assets/7.Scripts/Misc/Ulis.ts.
15:48:04.976 debug: Resolve file:///F:/CocosProject/PLY_Roomtopia_Cocos/assets/7.Scripts/MyScript/Config/TrayConfig.ts from cce:/internal/x/prerequisite-imports as file:///F:/CocosProject/PLY_Roomtopia_Cocos/assets/7.Scripts/MyScript/Config/TrayConfig.ts.
15:48:04.977 debug: Resolve file:///F:/CocosProject/PLY_Roomtopia_Cocos/assets/7.Scripts/MyScript/Item/BottomBar.ts from cce:/internal/x/prerequisite-imports as file:///F:/CocosProject/PLY_Roomtopia_Cocos/assets/7.Scripts/MyScript/Item/BottomBar.ts.
15:48:04.977 debug: Resolve file:///F:/CocosProject/PLY_Roomtopia_Cocos/assets/7.Scripts/MyScript/Item/BoxBg.ts from cce:/internal/x/prerequisite-imports as file:///F:/CocosProject/PLY_Roomtopia_Cocos/assets/7.Scripts/MyScript/Item/BoxBg.ts.
15:48:04.979 debug: Resolve file:///F:/CocosProject/PLY_Roomtopia_Cocos/assets/7.Scripts/MyScript/Item/FitInBox.ts from cce:/internal/x/prerequisite-imports as file:///F:/CocosProject/PLY_Roomtopia_Cocos/assets/7.Scripts/MyScript/Item/FitInBox.ts.
15:48:04.980 debug: Resolve file:///F:/CocosProject/PLY_Roomtopia_Cocos/assets/7.Scripts/MyScript/Item/ItemController.ts from cce:/internal/x/prerequisite-imports as file:///F:/CocosProject/PLY_Roomtopia_Cocos/assets/7.Scripts/MyScript/Item/ItemController.ts.
15:48:04.981 debug: Resolve file:///F:/CocosProject/PLY_Roomtopia_Cocos/assets/7.Scripts/MyScript/Item/ItemGraphic.ts from cce:/internal/x/prerequisite-imports as file:///F:/CocosProject/PLY_Roomtopia_Cocos/assets/7.Scripts/MyScript/Item/ItemGraphic.ts.
15:48:04.982 debug: Resolve file:///F:/CocosProject/PLY_Roomtopia_Cocos/assets/7.Scripts/MyScript/Item/ItemMovement.ts from cce:/internal/x/prerequisite-imports as file:///F:/CocosProject/PLY_Roomtopia_Cocos/assets/7.Scripts/MyScript/Item/ItemMovement.ts.
15:48:04.983 debug: Resolve file:///F:/CocosProject/PLY_Roomtopia_Cocos/assets/7.Scripts/MyScript/Item/QuadImage.ts from cce:/internal/x/prerequisite-imports as file:///F:/CocosProject/PLY_Roomtopia_Cocos/assets/7.Scripts/MyScript/Item/QuadImage.ts.
15:48:04.983 debug: Resolve file:///F:/CocosProject/PLY_Roomtopia_Cocos/assets/7.Scripts/MyScript/Manager/GameManager.ts from cce:/internal/x/prerequisite-imports as file:///F:/CocosProject/PLY_Roomtopia_Cocos/assets/7.Scripts/MyScript/Manager/GameManager.ts.
15:48:04.984 debug: Resolve file:///F:/CocosProject/PLY_Roomtopia_Cocos/assets/7.Scripts/MyScript/Manager/HandHintManager.ts from cce:/internal/x/prerequisite-imports as file:///F:/CocosProject/PLY_Roomtopia_Cocos/assets/7.Scripts/MyScript/Manager/HandHintManager.ts.
15:48:04.984 debug: Resolve file:///F:/CocosProject/PLY_Roomtopia_Cocos/assets/7.Scripts/MyScript/Manager/ItemManager.ts from cce:/internal/x/prerequisite-imports as file:///F:/CocosProject/PLY_Roomtopia_Cocos/assets/7.Scripts/MyScript/Manager/ItemManager.ts.
15:48:04.984 debug: Resolve file:///F:/CocosProject/PLY_Roomtopia_Cocos/assets/7.Scripts/MyScript/Manager/ModelRotate.ts from cce:/internal/x/prerequisite-imports as file:///F:/CocosProject/PLY_Roomtopia_Cocos/assets/7.Scripts/MyScript/Manager/ModelRotate.ts.
15:48:04.985 debug: Resolve file:///F:/CocosProject/PLY_Roomtopia_Cocos/assets/7.Scripts/MyScript/ScriptTemplate/ComponentCache.ts from cce:/internal/x/prerequisite-imports as file:///F:/CocosProject/PLY_Roomtopia_Cocos/assets/7.Scripts/MyScript/ScriptTemplate/ComponentCache.ts.
15:48:04.985 debug: Resolve file:///F:/CocosProject/PLY_Roomtopia_Cocos/assets/7.Scripts/MyScript/ScriptTemplate/Ply_GameUnit.ts from cce:/internal/x/prerequisite-imports as file:///F:/CocosProject/PLY_Roomtopia_Cocos/assets/7.Scripts/MyScript/ScriptTemplate/Ply_GameUnit.ts.
15:48:04.986 debug: Resolve file:///F:/CocosProject/PLY_Roomtopia_Cocos/assets/7.Scripts/MyScript/ScriptTemplate/Ply_Pool.ts from cce:/internal/x/prerequisite-imports as file:///F:/CocosProject/PLY_Roomtopia_Cocos/assets/7.Scripts/MyScript/ScriptTemplate/Ply_Pool.ts.
15:48:04.986 debug: Resolve file:///F:/CocosProject/PLY_Roomtopia_Cocos/assets/7.Scripts/MyScript/ScriptTemplate/Ply_Singleton.ts from cce:/internal/x/prerequisite-imports as file:///F:/CocosProject/PLY_Roomtopia_Cocos/assets/7.Scripts/MyScript/ScriptTemplate/Ply_Singleton.ts.
15:48:04.987 debug: Resolve file:///F:/CocosProject/PLY_Roomtopia_Cocos/assets/7.Scripts/MyScript/ScriptTemplate/Ply_SoundManager.ts from cce:/internal/x/prerequisite-imports as file:///F:/CocosProject/PLY_Roomtopia_Cocos/assets/7.Scripts/MyScript/ScriptTemplate/Ply_SoundManager.ts.
15:48:04.987 debug: Resolve file:///F:/CocosProject/PLY_Roomtopia_Cocos/assets/7.Scripts/MyScript/ScriptTemplate/Ply_Types.ts from cce:/internal/x/prerequisite-imports as file:///F:/CocosProject/PLY_Roomtopia_Cocos/assets/7.Scripts/MyScript/ScriptTemplate/Ply_Types.ts.
15:48:04.988 debug: Resolve file:///F:/CocosProject/PLY_Roomtopia_Cocos/assets/7.Scripts/MyScript/ScriptTemplate/Yielders.ts from cce:/internal/x/prerequisite-imports as file:///F:/CocosProject/PLY_Roomtopia_Cocos/assets/7.Scripts/MyScript/ScriptTemplate/Yielders.ts.
15:48:04.988 debug: Resolve file:///F:/CocosProject/PLY_Roomtopia_Cocos/assets/7.Scripts/MyScript/Utils/SnapEffect.ts from cce:/internal/x/prerequisite-imports as file:///F:/CocosProject/PLY_Roomtopia_Cocos/assets/7.Scripts/MyScript/Utils/SnapEffect.ts.
15:48:04.989 debug: Resolve file:///F:/CocosProject/PLY_Roomtopia_Cocos/assets/7.Scripts/MyScript/Utils/WinReact.ts from cce:/internal/x/prerequisite-imports as file:///F:/CocosProject/PLY_Roomtopia_Cocos/assets/7.Scripts/MyScript/Utils/WinReact.ts.
15:48:04.989 debug: Resolve file:///F:/CocosProject/PLY_Roomtopia_Cocos/assets/7.Scripts/Pool/PoolControl.ts from cce:/internal/x/prerequisite-imports as file:///F:/CocosProject/PLY_Roomtopia_Cocos/assets/7.Scripts/Pool/PoolControl.ts.
15:48:04.990 debug: Resolve file:///F:/CocosProject/PLY_Roomtopia_Cocos/assets/7.Scripts/Pool/PoolManager.ts from cce:/internal/x/prerequisite-imports as file:///F:/CocosProject/PLY_Roomtopia_Cocos/assets/7.Scripts/Pool/PoolManager.ts.
15:48:04.990 debug: Resolve file:///F:/CocosProject/PLY_Roomtopia_Cocos/assets/7.Scripts/Pool/PoolMember.ts from cce:/internal/x/prerequisite-imports as file:///F:/CocosProject/PLY_Roomtopia_Cocos/assets/7.Scripts/Pool/PoolMember.ts.
15:48:04.991 debug: Resolve file:///F:/CocosProject/PLY_Roomtopia_Cocos/assets/7.Scripts/Sand/SandSimulation.ts from cce:/internal/x/prerequisite-imports as file:///F:/CocosProject/PLY_Roomtopia_Cocos/assets/7.Scripts/Sand/SandSimulation.ts.
15:48:04.991 debug: Resolve file:///F:/CocosProject/PLY_Roomtopia_Cocos/assets/7.Scripts/Tool/AppLovinAnalytics.ts from cce:/internal/x/prerequisite-imports as file:///F:/CocosProject/PLY_Roomtopia_Cocos/assets/7.Scripts/Tool/AppLovinAnalytics.ts.
15:48:04.992 debug: Resolve file:///F:/CocosProject/PLY_Roomtopia_Cocos/assets/7.Scripts/Tool/GameController.ts from cce:/internal/x/prerequisite-imports as file:///F:/CocosProject/PLY_Roomtopia_Cocos/assets/7.Scripts/Tool/GameController.ts.
15:48:05.063 debug: Target(preview) ends with cost 571.0416999999998ms.
15:49:23.298 debug: Dispatch build request for time accumulated 1 asset changes.
15:49:23.302 debug: Build iteration starts.
Number of accumulated asset changes: 1
Feature changed: false
15:49:23.303 debug: Target(editor) build started.
15:49:23.306 debug: Detected change: cce:/internal/x/prerequisite-imports. Last mtime: Thu Jan 01 1970 07:00:12 GMT+0700 (Indochina Time), Current mtime: Thu Jan 01 1970 07:01:32 GMT+0700 (Indochina Time)
15:49:23.306 debug: Inspect cce:/internal/x/prerequisite-imports
15:49:23.356 debug: transform url: 'cce:/internal/x/prerequisite-imports' costs: 49.50 ms
15:49:23.358 debug: Resolve file:///C:/ProgramData/cocos/editors/Creator/3.8.8/resources/resources/3d/engine/editor/assets/default_renderpipeline/builtin-dof-pass.ts from cce:/internal/x/prerequisite-imports as file:///C:/ProgramData/cocos/editors/Creator/3.8.8/resources/resources/3d/engine/editor/assets/default_renderpipeline/builtin-dof-pass.ts.
15:49:23.359 debug: Resolve file:///C:/ProgramData/cocos/editors/Creator/3.8.8/resources/resources/3d/engine/editor/assets/default_renderpipeline/builtin-pipeline-pass.ts from cce:/internal/x/prerequisite-imports as file:///C:/ProgramData/cocos/editors/Creator/3.8.8/resources/resources/3d/engine/editor/assets/default_renderpipeline/builtin-pipeline-pass.ts.
15:49:23.362 debug: Resolve file:///C:/ProgramData/cocos/editors/Creator/3.8.8/resources/resources/3d/engine/editor/assets/default_renderpipeline/builtin-pipeline-settings.ts from cce:/internal/x/prerequisite-imports as file:///C:/ProgramData/cocos/editors/Creator/3.8.8/resources/resources/3d/engine/editor/assets/default_renderpipeline/builtin-pipeline-settings.ts.
15:49:23.362 debug: Resolve file:///C:/ProgramData/cocos/editors/Creator/3.8.8/resources/resources/3d/engine/editor/assets/default_renderpipeline/builtin-pipeline-types.ts from cce:/internal/x/prerequisite-imports as file:///C:/ProgramData/cocos/editors/Creator/3.8.8/resources/resources/3d/engine/editor/assets/default_renderpipeline/builtin-pipeline-types.ts.
15:49:23.364 debug: Resolve file:///C:/ProgramData/cocos/editors/Creator/3.8.8/resources/resources/3d/engine/editor/assets/default_renderpipeline/builtin-pipeline.ts from cce:/internal/x/prerequisite-imports as file:///C:/ProgramData/cocos/editors/Creator/3.8.8/resources/resources/3d/engine/editor/assets/default_renderpipeline/builtin-pipeline.ts.
15:49:23.365 debug: Resolve file:///C:/ProgramData/cocos/editors/Creator/3.8.8/resources/resources/3d/engine/editor/assets/tools/debug-view-runtime-control.ts from cce:/internal/x/prerequisite-imports as file:///C:/ProgramData/cocos/editors/Creator/3.8.8/resources/resources/3d/engine/editor/assets/tools/debug-view-runtime-control.ts.
15:49:23.365 debug: Resolve file:///F:/CocosProject/PLY_Roomtopia_Cocos/assets/7.Scripts/Gameplay/Data.ts from cce:/internal/x/prerequisite-imports as file:///F:/CocosProject/PLY_Roomtopia_Cocos/assets/7.Scripts/Gameplay/Data.ts.
15:49:23.366 debug: Resolve file:///F:/CocosProject/PLY_Roomtopia_Cocos/assets/7.Scripts/Manager/AssetsManagerCustom.ts from cce:/internal/x/prerequisite-imports as file:///F:/CocosProject/PLY_Roomtopia_Cocos/assets/7.Scripts/Manager/AssetsManagerCustom.ts.
15:49:23.366 debug: Resolve file:///F:/CocosProject/PLY_Roomtopia_Cocos/assets/7.Scripts/Manager/Clock.ts from cce:/internal/x/prerequisite-imports as file:///F:/CocosProject/PLY_Roomtopia_Cocos/assets/7.Scripts/Manager/Clock.ts.
15:49:23.367 debug: Resolve file:///F:/CocosProject/PLY_Roomtopia_Cocos/assets/7.Scripts/Manager/InputManager.ts from cce:/internal/x/prerequisite-imports as file:///F:/CocosProject/PLY_Roomtopia_Cocos/assets/7.Scripts/Manager/InputManager.ts.
15:49:23.368 debug: Resolve file:///F:/CocosProject/PLY_Roomtopia_Cocos/assets/7.Scripts/Manager/Joystick.ts from cce:/internal/x/prerequisite-imports as file:///F:/CocosProject/PLY_Roomtopia_Cocos/assets/7.Scripts/Manager/Joystick.ts.
15:49:23.371 debug: Resolve file:///F:/CocosProject/PLY_Roomtopia_Cocos/assets/7.Scripts/Manager/MainCamera.ts from cce:/internal/x/prerequisite-imports as file:///F:/CocosProject/PLY_Roomtopia_Cocos/assets/7.Scripts/Manager/MainCamera.ts.
15:49:23.371 debug: Resolve file:///F:/CocosProject/PLY_Roomtopia_Cocos/assets/7.Scripts/Manager/PointerController.ts from cce:/internal/x/prerequisite-imports as file:///F:/CocosProject/PLY_Roomtopia_Cocos/assets/7.Scripts/Manager/PointerController.ts.
15:49:23.372 debug: Resolve file:///F:/CocosProject/PLY_Roomtopia_Cocos/assets/7.Scripts/Manager/SoundManager.ts from cce:/internal/x/prerequisite-imports as file:///F:/CocosProject/PLY_Roomtopia_Cocos/assets/7.Scripts/Manager/SoundManager.ts.
15:49:23.372 debug: Resolve file:///F:/CocosProject/PLY_Roomtopia_Cocos/assets/7.Scripts/Manager/UI.ts from cce:/internal/x/prerequisite-imports as file:///F:/CocosProject/PLY_Roomtopia_Cocos/assets/7.Scripts/Manager/UI.ts.
15:49:23.373 debug: Resolve file:///F:/CocosProject/PLY_Roomtopia_Cocos/assets/7.Scripts/Manager/VFX.ts from cce:/internal/x/prerequisite-imports as file:///F:/CocosProject/PLY_Roomtopia_Cocos/assets/7.Scripts/Manager/VFX.ts.
15:49:23.373 debug: Resolve file:///F:/CocosProject/PLY_Roomtopia_Cocos/assets/7.Scripts/Manager/World.ts from cce:/internal/x/prerequisite-imports as file:///F:/CocosProject/PLY_Roomtopia_Cocos/assets/7.Scripts/Manager/World.ts.
15:49:23.374 debug: Resolve file:///F:/CocosProject/PLY_Roomtopia_Cocos/assets/7.Scripts/MatchAsset/MatchSprite.ts from cce:/internal/x/prerequisite-imports as file:///F:/CocosProject/PLY_Roomtopia_Cocos/assets/7.Scripts/MatchAsset/MatchSprite.ts.
15:49:23.375 debug: Resolve file:///F:/CocosProject/PLY_Roomtopia_Cocos/assets/7.Scripts/MatchAsset/NodeOrder.ts from cce:/internal/x/prerequisite-imports as file:///F:/CocosProject/PLY_Roomtopia_Cocos/assets/7.Scripts/MatchAsset/NodeOrder.ts.
15:49:23.375 debug: Resolve file:///F:/CocosProject/PLY_Roomtopia_Cocos/assets/7.Scripts/MatchAsset/ReadImagePixel.ts from cce:/internal/x/prerequisite-imports as file:///F:/CocosProject/PLY_Roomtopia_Cocos/assets/7.Scripts/MatchAsset/ReadImagePixel.ts.
15:49:23.376 debug: Resolve file:///F:/CocosProject/PLY_Roomtopia_Cocos/assets/7.Scripts/MatchAsset/SpriteSizeSetter.ts from cce:/internal/x/prerequisite-imports as file:///F:/CocosProject/PLY_Roomtopia_Cocos/assets/7.Scripts/MatchAsset/SpriteSizeSetter.ts.
15:49:23.376 debug: Resolve file:///F:/CocosProject/PLY_Roomtopia_Cocos/assets/7.Scripts/MatchAsset/Ulis.ts from cce:/internal/x/prerequisite-imports as file:///F:/CocosProject/PLY_Roomtopia_Cocos/assets/7.Scripts/MatchAsset/Ulis.ts.
15:49:23.377 debug: Resolve file:///F:/CocosProject/PLY_Roomtopia_Cocos/assets/7.Scripts/Misc/AStar.ts from cce:/internal/x/prerequisite-imports as file:///F:/CocosProject/PLY_Roomtopia_Cocos/assets/7.Scripts/Misc/AStar.ts.
15:49:23.377 debug: Resolve file:///F:/CocosProject/PLY_Roomtopia_Cocos/assets/7.Scripts/Misc/Black.ts from cce:/internal/x/prerequisite-imports as file:///F:/CocosProject/PLY_Roomtopia_Cocos/assets/7.Scripts/Misc/Black.ts.
15:49:23.377 debug: Resolve file:///F:/CocosProject/PLY_Roomtopia_Cocos/assets/7.Scripts/Misc/Cloud.ts from cce:/internal/x/prerequisite-imports as file:///F:/CocosProject/PLY_Roomtopia_Cocos/assets/7.Scripts/Misc/Cloud.ts.
15:49:23.378 debug: Resolve file:///F:/CocosProject/PLY_Roomtopia_Cocos/assets/7.Scripts/Misc/IQ.ts from cce:/internal/x/prerequisite-imports as file:///F:/CocosProject/PLY_Roomtopia_Cocos/assets/7.Scripts/Misc/IQ.ts.
15:49:23.378 debug: Resolve file:///F:/CocosProject/PLY_Roomtopia_Cocos/assets/7.Scripts/Misc/Mats.ts from cce:/internal/x/prerequisite-imports as file:///F:/CocosProject/PLY_Roomtopia_Cocos/assets/7.Scripts/Misc/Mats.ts.
15:49:23.379 debug: Resolve file:///F:/CocosProject/PLY_Roomtopia_Cocos/assets/7.Scripts/Misc/MeshLoader.ts from cce:/internal/x/prerequisite-imports as file:///F:/CocosProject/PLY_Roomtopia_Cocos/assets/7.Scripts/Misc/MeshLoader.ts.
15:49:23.380 debug: Resolve file:///F:/CocosProject/PLY_Roomtopia_Cocos/assets/7.Scripts/Misc/SkinManager.ts from cce:/internal/x/prerequisite-imports as file:///F:/CocosProject/PLY_Roomtopia_Cocos/assets/7.Scripts/Misc/SkinManager.ts.
15:49:23.380 debug: Resolve file:///F:/CocosProject/PLY_Roomtopia_Cocos/assets/7.Scripts/Misc/SplineLineRenderer.ts from cce:/internal/x/prerequisite-imports as file:///F:/CocosProject/PLY_Roomtopia_Cocos/assets/7.Scripts/Misc/SplineLineRenderer.ts.
15:49:23.381 debug: Resolve file:///F:/CocosProject/PLY_Roomtopia_Cocos/assets/7.Scripts/Misc/Tool.ts from cce:/internal/x/prerequisite-imports as file:///F:/CocosProject/PLY_Roomtopia_Cocos/assets/7.Scripts/Misc/Tool.ts.
15:49:23.381 debug: Resolve file:///F:/CocosProject/PLY_Roomtopia_Cocos/assets/7.Scripts/Misc/Tooth.ts from cce:/internal/x/prerequisite-imports as file:///F:/CocosProject/PLY_Roomtopia_Cocos/assets/7.Scripts/Misc/Tooth.ts.
15:49:23.381 debug: Resolve file:///F:/CocosProject/PLY_Roomtopia_Cocos/assets/7.Scripts/Misc/Ulis.ts from cce:/internal/x/prerequisite-imports as file:///F:/CocosProject/PLY_Roomtopia_Cocos/assets/7.Scripts/Misc/Ulis.ts.
15:49:23.382 debug: Resolve file:///F:/CocosProject/PLY_Roomtopia_Cocos/assets/7.Scripts/MyScript/Config/TrayConfig.ts from cce:/internal/x/prerequisite-imports as file:///F:/CocosProject/PLY_Roomtopia_Cocos/assets/7.Scripts/MyScript/Config/TrayConfig.ts.
15:49:23.382 debug: Resolve file:///F:/CocosProject/PLY_Roomtopia_Cocos/assets/7.Scripts/MyScript/Item/BottomBar.ts from cce:/internal/x/prerequisite-imports as file:///F:/CocosProject/PLY_Roomtopia_Cocos/assets/7.Scripts/MyScript/Item/BottomBar.ts.
15:49:23.383 debug: Resolve file:///F:/CocosProject/PLY_Roomtopia_Cocos/assets/7.Scripts/MyScript/Item/BoxBg.ts from cce:/internal/x/prerequisite-imports as file:///F:/CocosProject/PLY_Roomtopia_Cocos/assets/7.Scripts/MyScript/Item/BoxBg.ts.
15:49:23.383 debug: Resolve file:///F:/CocosProject/PLY_Roomtopia_Cocos/assets/7.Scripts/MyScript/Item/FitInBox.ts from cce:/internal/x/prerequisite-imports as file:///F:/CocosProject/PLY_Roomtopia_Cocos/assets/7.Scripts/MyScript/Item/FitInBox.ts.
15:49:23.383 debug: Resolve file:///F:/CocosProject/PLY_Roomtopia_Cocos/assets/7.Scripts/MyScript/Item/ItemController.ts from cce:/internal/x/prerequisite-imports as file:///F:/CocosProject/PLY_Roomtopia_Cocos/assets/7.Scripts/MyScript/Item/ItemController.ts.
15:49:23.384 debug: Resolve file:///F:/CocosProject/PLY_Roomtopia_Cocos/assets/7.Scripts/MyScript/Item/ItemGraphic.ts from cce:/internal/x/prerequisite-imports as file:///F:/CocosProject/PLY_Roomtopia_Cocos/assets/7.Scripts/MyScript/Item/ItemGraphic.ts.
15:49:23.384 debug: Resolve file:///F:/CocosProject/PLY_Roomtopia_Cocos/assets/7.Scripts/MyScript/Item/ItemMovement.ts from cce:/internal/x/prerequisite-imports as file:///F:/CocosProject/PLY_Roomtopia_Cocos/assets/7.Scripts/MyScript/Item/ItemMovement.ts.
15:49:23.385 debug: Resolve file:///F:/CocosProject/PLY_Roomtopia_Cocos/assets/7.Scripts/MyScript/Item/QuadImage.ts from cce:/internal/x/prerequisite-imports as file:///F:/CocosProject/PLY_Roomtopia_Cocos/assets/7.Scripts/MyScript/Item/QuadImage.ts.
15:49:23.385 debug: Resolve file:///F:/CocosProject/PLY_Roomtopia_Cocos/assets/7.Scripts/MyScript/Item/ZoomSlider.ts from cce:/internal/x/prerequisite-imports as file:///F:/CocosProject/PLY_Roomtopia_Cocos/assets/7.Scripts/MyScript/Item/ZoomSlider.ts.
15:49:23.385 debug: Inspect file:///F:/CocosProject/PLY_Roomtopia_Cocos/assets/7.Scripts/MyScript/Item/ZoomSlider.ts
15:49:23.491 debug: transform url: 'file:///F:/CocosProject/PLY_Roomtopia_Cocos/assets/7.Scripts/MyScript/Item/ZoomSlider.ts' costs: 105.30 ms
15:49:23.493 debug: Resolve file:///F:/CocosProject/PLY_Roomtopia_Cocos/assets/7.Scripts/MyScript/Manager/GameManager.ts from cce:/internal/x/prerequisite-imports as file:///F:/CocosProject/PLY_Roomtopia_Cocos/assets/7.Scripts/MyScript/Manager/GameManager.ts.
15:49:23.494 debug: Resolve file:///F:/CocosProject/PLY_Roomtopia_Cocos/assets/7.Scripts/MyScript/Manager/HandHintManager.ts from cce:/internal/x/prerequisite-imports as file:///F:/CocosProject/PLY_Roomtopia_Cocos/assets/7.Scripts/MyScript/Manager/HandHintManager.ts.
15:49:23.494 debug: Resolve file:///F:/CocosProject/PLY_Roomtopia_Cocos/assets/7.Scripts/MyScript/Manager/ItemManager.ts from cce:/internal/x/prerequisite-imports as file:///F:/CocosProject/PLY_Roomtopia_Cocos/assets/7.Scripts/MyScript/Manager/ItemManager.ts.
15:49:23.495 debug: Resolve file:///F:/CocosProject/PLY_Roomtopia_Cocos/assets/7.Scripts/MyScript/Manager/ModelRotate.ts from cce:/internal/x/prerequisite-imports as file:///F:/CocosProject/PLY_Roomtopia_Cocos/assets/7.Scripts/MyScript/Manager/ModelRotate.ts.
15:49:23.496 debug: Resolve file:///F:/CocosProject/PLY_Roomtopia_Cocos/assets/7.Scripts/MyScript/ScriptTemplate/ComponentCache.ts from cce:/internal/x/prerequisite-imports as file:///F:/CocosProject/PLY_Roomtopia_Cocos/assets/7.Scripts/MyScript/ScriptTemplate/ComponentCache.ts.
15:49:23.496 debug: Resolve file:///F:/CocosProject/PLY_Roomtopia_Cocos/assets/7.Scripts/MyScript/ScriptTemplate/Ply_GameUnit.ts from cce:/internal/x/prerequisite-imports as file:///F:/CocosProject/PLY_Roomtopia_Cocos/assets/7.Scripts/MyScript/ScriptTemplate/Ply_GameUnit.ts.
15:49:23.496 debug: Resolve file:///F:/CocosProject/PLY_Roomtopia_Cocos/assets/7.Scripts/MyScript/ScriptTemplate/Ply_Pool.ts from cce:/internal/x/prerequisite-imports as file:///F:/CocosProject/PLY_Roomtopia_Cocos/assets/7.Scripts/MyScript/ScriptTemplate/Ply_Pool.ts.
15:49:23.497 debug: Resolve file:///F:/CocosProject/PLY_Roomtopia_Cocos/assets/7.Scripts/MyScript/ScriptTemplate/Ply_Singleton.ts from cce:/internal/x/prerequisite-imports as file:///F:/CocosProject/PLY_Roomtopia_Cocos/assets/7.Scripts/MyScript/ScriptTemplate/Ply_Singleton.ts.
15:49:23.497 debug: Resolve file:///F:/CocosProject/PLY_Roomtopia_Cocos/assets/7.Scripts/MyScript/ScriptTemplate/Ply_SoundManager.ts from cce:/internal/x/prerequisite-imports as file:///F:/CocosProject/PLY_Roomtopia_Cocos/assets/7.Scripts/MyScript/ScriptTemplate/Ply_SoundManager.ts.
15:49:23.510 debug: Resolve file:///F:/CocosProject/PLY_Roomtopia_Cocos/assets/7.Scripts/MyScript/ScriptTemplate/Ply_Types.ts from cce:/internal/x/prerequisite-imports as file:///F:/CocosProject/PLY_Roomtopia_Cocos/assets/7.Scripts/MyScript/ScriptTemplate/Ply_Types.ts.
15:49:23.512 debug: Resolve file:///F:/CocosProject/PLY_Roomtopia_Cocos/assets/7.Scripts/MyScript/ScriptTemplate/Yielders.ts from cce:/internal/x/prerequisite-imports as file:///F:/CocosProject/PLY_Roomtopia_Cocos/assets/7.Scripts/MyScript/ScriptTemplate/Yielders.ts.
15:49:23.512 debug: Resolve file:///F:/CocosProject/PLY_Roomtopia_Cocos/assets/7.Scripts/MyScript/Utils/SnapEffect.ts from cce:/internal/x/prerequisite-imports as file:///F:/CocosProject/PLY_Roomtopia_Cocos/assets/7.Scripts/MyScript/Utils/SnapEffect.ts.
15:49:23.513 debug: Resolve file:///F:/CocosProject/PLY_Roomtopia_Cocos/assets/7.Scripts/MyScript/Utils/WinReact.ts from cce:/internal/x/prerequisite-imports as file:///F:/CocosProject/PLY_Roomtopia_Cocos/assets/7.Scripts/MyScript/Utils/WinReact.ts.
15:49:23.513 debug: Resolve file:///F:/CocosProject/PLY_Roomtopia_Cocos/assets/7.Scripts/Pool/PoolControl.ts from cce:/internal/x/prerequisite-imports as file:///F:/CocosProject/PLY_Roomtopia_Cocos/assets/7.Scripts/Pool/PoolControl.ts.
15:49:23.514 debug: Resolve file:///F:/CocosProject/PLY_Roomtopia_Cocos/assets/7.Scripts/Pool/PoolManager.ts from cce:/internal/x/prerequisite-imports as file:///F:/CocosProject/PLY_Roomtopia_Cocos/assets/7.Scripts/Pool/PoolManager.ts.
15:49:23.515 debug: Resolve file:///F:/CocosProject/PLY_Roomtopia_Cocos/assets/7.Scripts/Pool/PoolMember.ts from cce:/internal/x/prerequisite-imports as file:///F:/CocosProject/PLY_Roomtopia_Cocos/assets/7.Scripts/Pool/PoolMember.ts.
15:49:23.516 debug: Resolve file:///F:/CocosProject/PLY_Roomtopia_Cocos/assets/7.Scripts/Sand/SandSimulation.ts from cce:/internal/x/prerequisite-imports as file:///F:/CocosProject/PLY_Roomtopia_Cocos/assets/7.Scripts/Sand/SandSimulation.ts.
15:49:23.516 debug: Resolve file:///F:/CocosProject/PLY_Roomtopia_Cocos/assets/7.Scripts/Tool/AppLovinAnalytics.ts from cce:/internal/x/prerequisite-imports as file:///F:/CocosProject/PLY_Roomtopia_Cocos/assets/7.Scripts/Tool/AppLovinAnalytics.ts.
15:49:23.517 debug: Resolve file:///F:/CocosProject/PLY_Roomtopia_Cocos/assets/7.Scripts/Tool/GameController.ts from cce:/internal/x/prerequisite-imports as file:///F:/CocosProject/PLY_Roomtopia_Cocos/assets/7.Scripts/Tool/GameController.ts.
15:49:23.521 debug: Resolve cc from file:///F:/CocosProject/PLY_Roomtopia_Cocos/assets/7.Scripts/MyScript/Item/ZoomSlider.ts as cce:/internal/x/cc.
15:49:23.521 debug: Resolve cc from file:///F:/CocosProject/PLY_Roomtopia_Cocos/assets/7.Scripts/MyScript/Item/ZoomSlider.ts as cce:/internal/x/cc.
15:49:23.522 debug: Resolve cc from file:///F:/CocosProject/PLY_Roomtopia_Cocos/assets/7.Scripts/MyScript/Item/ZoomSlider.ts as cce:/internal/x/cc.
15:49:23.522 debug: Resolve cc/env from file:///F:/CocosProject/PLY_Roomtopia_Cocos/assets/7.Scripts/MyScript/Item/ZoomSlider.ts as external dependency cc/env.
15:49:23.609 debug: Target(editor) ends with cost 305.6561000000074ms.
15:49:23.609 debug: Target(preview) build started.
15:49:23.614 debug: Detected change: cce:/internal/x/prerequisite-imports. Last mtime: Thu Jan 01 1970 07:00:13 GMT+0700 (Indochina Time), Current mtime: Thu Jan 01 1970 07:01:32 GMT+0700 (Indochina Time)
15:49:23.614 debug: Inspect cce:/internal/x/prerequisite-imports
15:49:23.644 debug: transform url: 'cce:/internal/x/prerequisite-imports' costs: 30.20 ms
15:49:23.646 debug: Resolve file:///C:/ProgramData/cocos/editors/Creator/3.8.8/resources/resources/3d/engine/editor/assets/default_renderpipeline/builtin-dof-pass.ts from cce:/internal/x/prerequisite-imports as file:///C:/ProgramData/cocos/editors/Creator/3.8.8/resources/resources/3d/engine/editor/assets/default_renderpipeline/builtin-dof-pass.ts.
15:49:23.647 debug: Resolve file:///C:/ProgramData/cocos/editors/Creator/3.8.8/resources/resources/3d/engine/editor/assets/default_renderpipeline/builtin-pipeline-pass.ts from cce:/internal/x/prerequisite-imports as file:///C:/ProgramData/cocos/editors/Creator/3.8.8/resources/resources/3d/engine/editor/assets/default_renderpipeline/builtin-pipeline-pass.ts.
15:49:23.648 debug: Resolve file:///C:/ProgramData/cocos/editors/Creator/3.8.8/resources/resources/3d/engine/editor/assets/default_renderpipeline/builtin-pipeline-settings.ts from cce:/internal/x/prerequisite-imports as file:///C:/ProgramData/cocos/editors/Creator/3.8.8/resources/resources/3d/engine/editor/assets/default_renderpipeline/builtin-pipeline-settings.ts.
15:49:23.648 debug: Resolve file:///C:/ProgramData/cocos/editors/Creator/3.8.8/resources/resources/3d/engine/editor/assets/default_renderpipeline/builtin-pipeline-types.ts from cce:/internal/x/prerequisite-imports as file:///C:/ProgramData/cocos/editors/Creator/3.8.8/resources/resources/3d/engine/editor/assets/default_renderpipeline/builtin-pipeline-types.ts.
15:49:23.649 debug: Resolve file:///C:/ProgramData/cocos/editors/Creator/3.8.8/resources/resources/3d/engine/editor/assets/default_renderpipeline/builtin-pipeline.ts from cce:/internal/x/prerequisite-imports as file:///C:/ProgramData/cocos/editors/Creator/3.8.8/resources/resources/3d/engine/editor/assets/default_renderpipeline/builtin-pipeline.ts.
15:49:23.650 debug: Resolve file:///C:/ProgramData/cocos/editors/Creator/3.8.8/resources/resources/3d/engine/editor/assets/tools/debug-view-runtime-control.ts from cce:/internal/x/prerequisite-imports as file:///C:/ProgramData/cocos/editors/Creator/3.8.8/resources/resources/3d/engine/editor/assets/tools/debug-view-runtime-control.ts.
15:49:23.651 debug: Resolve file:///F:/CocosProject/PLY_Roomtopia_Cocos/assets/7.Scripts/Gameplay/Data.ts from cce:/internal/x/prerequisite-imports as file:///F:/CocosProject/PLY_Roomtopia_Cocos/assets/7.Scripts/Gameplay/Data.ts.
15:49:23.651 debug: Resolve file:///F:/CocosProject/PLY_Roomtopia_Cocos/assets/7.Scripts/Manager/AssetsManagerCustom.ts from cce:/internal/x/prerequisite-imports as file:///F:/CocosProject/PLY_Roomtopia_Cocos/assets/7.Scripts/Manager/AssetsManagerCustom.ts.
15:49:23.652 debug: Resolve file:///F:/CocosProject/PLY_Roomtopia_Cocos/assets/7.Scripts/Manager/Clock.ts from cce:/internal/x/prerequisite-imports as file:///F:/CocosProject/PLY_Roomtopia_Cocos/assets/7.Scripts/Manager/Clock.ts.
15:49:23.653 debug: Resolve file:///F:/CocosProject/PLY_Roomtopia_Cocos/assets/7.Scripts/Manager/InputManager.ts from cce:/internal/x/prerequisite-imports as file:///F:/CocosProject/PLY_Roomtopia_Cocos/assets/7.Scripts/Manager/InputManager.ts.
15:49:23.654 debug: Resolve file:///F:/CocosProject/PLY_Roomtopia_Cocos/assets/7.Scripts/Manager/Joystick.ts from cce:/internal/x/prerequisite-imports as file:///F:/CocosProject/PLY_Roomtopia_Cocos/assets/7.Scripts/Manager/Joystick.ts.
15:49:23.654 debug: Resolve file:///F:/CocosProject/PLY_Roomtopia_Cocos/assets/7.Scripts/Manager/MainCamera.ts from cce:/internal/x/prerequisite-imports as file:///F:/CocosProject/PLY_Roomtopia_Cocos/assets/7.Scripts/Manager/MainCamera.ts.
15:49:23.655 debug: Resolve file:///F:/CocosProject/PLY_Roomtopia_Cocos/assets/7.Scripts/Manager/PointerController.ts from cce:/internal/x/prerequisite-imports as file:///F:/CocosProject/PLY_Roomtopia_Cocos/assets/7.Scripts/Manager/PointerController.ts.
15:49:23.655 debug: Resolve file:///F:/CocosProject/PLY_Roomtopia_Cocos/assets/7.Scripts/Manager/SoundManager.ts from cce:/internal/x/prerequisite-imports as file:///F:/CocosProject/PLY_Roomtopia_Cocos/assets/7.Scripts/Manager/SoundManager.ts.
15:49:23.656 debug: Resolve file:///F:/CocosProject/PLY_Roomtopia_Cocos/assets/7.Scripts/Manager/UI.ts from cce:/internal/x/prerequisite-imports as file:///F:/CocosProject/PLY_Roomtopia_Cocos/assets/7.Scripts/Manager/UI.ts.
15:49:23.656 debug: Resolve file:///F:/CocosProject/PLY_Roomtopia_Cocos/assets/7.Scripts/Manager/VFX.ts from cce:/internal/x/prerequisite-imports as file:///F:/CocosProject/PLY_Roomtopia_Cocos/assets/7.Scripts/Manager/VFX.ts.
15:49:23.657 debug: Resolve file:///F:/CocosProject/PLY_Roomtopia_Cocos/assets/7.Scripts/Manager/World.ts from cce:/internal/x/prerequisite-imports as file:///F:/CocosProject/PLY_Roomtopia_Cocos/assets/7.Scripts/Manager/World.ts.
15:49:23.658 debug: Resolve file:///F:/CocosProject/PLY_Roomtopia_Cocos/assets/7.Scripts/MatchAsset/MatchSprite.ts from cce:/internal/x/prerequisite-imports as file:///F:/CocosProject/PLY_Roomtopia_Cocos/assets/7.Scripts/MatchAsset/MatchSprite.ts.
15:49:23.658 debug: Resolve file:///F:/CocosProject/PLY_Roomtopia_Cocos/assets/7.Scripts/MatchAsset/NodeOrder.ts from cce:/internal/x/prerequisite-imports as file:///F:/CocosProject/PLY_Roomtopia_Cocos/assets/7.Scripts/MatchAsset/NodeOrder.ts.
15:49:23.659 debug: Resolve file:///F:/CocosProject/PLY_Roomtopia_Cocos/assets/7.Scripts/MatchAsset/ReadImagePixel.ts from cce:/internal/x/prerequisite-imports as file:///F:/CocosProject/PLY_Roomtopia_Cocos/assets/7.Scripts/MatchAsset/ReadImagePixel.ts.
15:49:23.659 debug: Resolve file:///F:/CocosProject/PLY_Roomtopia_Cocos/assets/7.Scripts/MatchAsset/SpriteSizeSetter.ts from cce:/internal/x/prerequisite-imports as file:///F:/CocosProject/PLY_Roomtopia_Cocos/assets/7.Scripts/MatchAsset/SpriteSizeSetter.ts.
15:49:23.659 debug: Resolve file:///F:/CocosProject/PLY_Roomtopia_Cocos/assets/7.Scripts/MatchAsset/Ulis.ts from cce:/internal/x/prerequisite-imports as file:///F:/CocosProject/PLY_Roomtopia_Cocos/assets/7.Scripts/MatchAsset/Ulis.ts.
15:49:23.661 debug: Resolve file:///F:/CocosProject/PLY_Roomtopia_Cocos/assets/7.Scripts/Misc/AStar.ts from cce:/internal/x/prerequisite-imports as file:///F:/CocosProject/PLY_Roomtopia_Cocos/assets/7.Scripts/Misc/AStar.ts.
15:49:23.662 debug: Resolve file:///F:/CocosProject/PLY_Roomtopia_Cocos/assets/7.Scripts/Misc/Black.ts from cce:/internal/x/prerequisite-imports as file:///F:/CocosProject/PLY_Roomtopia_Cocos/assets/7.Scripts/Misc/Black.ts.
15:49:23.662 debug: Resolve file:///F:/CocosProject/PLY_Roomtopia_Cocos/assets/7.Scripts/Misc/Cloud.ts from cce:/internal/x/prerequisite-imports as file:///F:/CocosProject/PLY_Roomtopia_Cocos/assets/7.Scripts/Misc/Cloud.ts.
15:49:23.662 debug: Resolve file:///F:/CocosProject/PLY_Roomtopia_Cocos/assets/7.Scripts/Misc/IQ.ts from cce:/internal/x/prerequisite-imports as file:///F:/CocosProject/PLY_Roomtopia_Cocos/assets/7.Scripts/Misc/IQ.ts.
15:49:23.663 debug: Resolve file:///F:/CocosProject/PLY_Roomtopia_Cocos/assets/7.Scripts/Misc/Mats.ts from cce:/internal/x/prerequisite-imports as file:///F:/CocosProject/PLY_Roomtopia_Cocos/assets/7.Scripts/Misc/Mats.ts.
15:49:23.663 debug: Resolve file:///F:/CocosProject/PLY_Roomtopia_Cocos/assets/7.Scripts/Misc/MeshLoader.ts from cce:/internal/x/prerequisite-imports as file:///F:/CocosProject/PLY_Roomtopia_Cocos/assets/7.Scripts/Misc/MeshLoader.ts.
15:49:23.664 debug: Resolve file:///F:/CocosProject/PLY_Roomtopia_Cocos/assets/7.Scripts/Misc/SkinManager.ts from cce:/internal/x/prerequisite-imports as file:///F:/CocosProject/PLY_Roomtopia_Cocos/assets/7.Scripts/Misc/SkinManager.ts.
15:49:23.664 debug: Resolve file:///F:/CocosProject/PLY_Roomtopia_Cocos/assets/7.Scripts/Misc/SplineLineRenderer.ts from cce:/internal/x/prerequisite-imports as file:///F:/CocosProject/PLY_Roomtopia_Cocos/assets/7.Scripts/Misc/SplineLineRenderer.ts.
15:49:23.664 debug: Resolve file:///F:/CocosProject/PLY_Roomtopia_Cocos/assets/7.Scripts/Misc/Tool.ts from cce:/internal/x/prerequisite-imports as file:///F:/CocosProject/PLY_Roomtopia_Cocos/assets/7.Scripts/Misc/Tool.ts.
15:49:23.665 debug: Resolve file:///F:/CocosProject/PLY_Roomtopia_Cocos/assets/7.Scripts/Misc/Tooth.ts from cce:/internal/x/prerequisite-imports as file:///F:/CocosProject/PLY_Roomtopia_Cocos/assets/7.Scripts/Misc/Tooth.ts.
15:49:23.666 debug: Resolve file:///F:/CocosProject/PLY_Roomtopia_Cocos/assets/7.Scripts/Misc/Ulis.ts from cce:/internal/x/prerequisite-imports as file:///F:/CocosProject/PLY_Roomtopia_Cocos/assets/7.Scripts/Misc/Ulis.ts.
15:49:23.666 debug: Resolve file:///F:/CocosProject/PLY_Roomtopia_Cocos/assets/7.Scripts/MyScript/Config/TrayConfig.ts from cce:/internal/x/prerequisite-imports as file:///F:/CocosProject/PLY_Roomtopia_Cocos/assets/7.Scripts/MyScript/Config/TrayConfig.ts.
15:49:23.667 debug: Resolve file:///F:/CocosProject/PLY_Roomtopia_Cocos/assets/7.Scripts/MyScript/Item/BottomBar.ts from cce:/internal/x/prerequisite-imports as file:///F:/CocosProject/PLY_Roomtopia_Cocos/assets/7.Scripts/MyScript/Item/BottomBar.ts.
15:49:23.667 debug: Resolve file:///F:/CocosProject/PLY_Roomtopia_Cocos/assets/7.Scripts/MyScript/Item/BoxBg.ts from cce:/internal/x/prerequisite-imports as file:///F:/CocosProject/PLY_Roomtopia_Cocos/assets/7.Scripts/MyScript/Item/BoxBg.ts.
15:49:23.668 debug: Resolve file:///F:/CocosProject/PLY_Roomtopia_Cocos/assets/7.Scripts/MyScript/Item/FitInBox.ts from cce:/internal/x/prerequisite-imports as file:///F:/CocosProject/PLY_Roomtopia_Cocos/assets/7.Scripts/MyScript/Item/FitInBox.ts.
15:49:23.669 debug: Resolve file:///F:/CocosProject/PLY_Roomtopia_Cocos/assets/7.Scripts/MyScript/Item/ItemController.ts from cce:/internal/x/prerequisite-imports as file:///F:/CocosProject/PLY_Roomtopia_Cocos/assets/7.Scripts/MyScript/Item/ItemController.ts.
15:49:23.669 debug: Resolve file:///F:/CocosProject/PLY_Roomtopia_Cocos/assets/7.Scripts/MyScript/Item/ItemGraphic.ts from cce:/internal/x/prerequisite-imports as file:///F:/CocosProject/PLY_Roomtopia_Cocos/assets/7.Scripts/MyScript/Item/ItemGraphic.ts.
15:49:23.670 debug: Resolve file:///F:/CocosProject/PLY_Roomtopia_Cocos/assets/7.Scripts/MyScript/Item/ItemMovement.ts from cce:/internal/x/prerequisite-imports as file:///F:/CocosProject/PLY_Roomtopia_Cocos/assets/7.Scripts/MyScript/Item/ItemMovement.ts.
15:49:23.671 debug: Resolve file:///F:/CocosProject/PLY_Roomtopia_Cocos/assets/7.Scripts/MyScript/Item/QuadImage.ts from cce:/internal/x/prerequisite-imports as file:///F:/CocosProject/PLY_Roomtopia_Cocos/assets/7.Scripts/MyScript/Item/QuadImage.ts.
15:49:23.671 debug: Resolve file:///F:/CocosProject/PLY_Roomtopia_Cocos/assets/7.Scripts/MyScript/Item/ZoomSlider.ts from cce:/internal/x/prerequisite-imports as file:///F:/CocosProject/PLY_Roomtopia_Cocos/assets/7.Scripts/MyScript/Item/ZoomSlider.ts.
15:49:23.672 debug: Inspect file:///F:/CocosProject/PLY_Roomtopia_Cocos/assets/7.Scripts/MyScript/Item/ZoomSlider.ts
15:49:23.739 debug: transform url: 'file:///F:/CocosProject/PLY_Roomtopia_Cocos/assets/7.Scripts/MyScript/Item/ZoomSlider.ts' costs: 66.90 ms
15:49:23.741 debug: Resolve file:///F:/CocosProject/PLY_Roomtopia_Cocos/assets/7.Scripts/MyScript/Manager/GameManager.ts from cce:/internal/x/prerequisite-imports as file:///F:/CocosProject/PLY_Roomtopia_Cocos/assets/7.Scripts/MyScript/Manager/GameManager.ts.
15:49:23.742 debug: Resolve file:///F:/CocosProject/PLY_Roomtopia_Cocos/assets/7.Scripts/MyScript/Manager/HandHintManager.ts from cce:/internal/x/prerequisite-imports as file:///F:/CocosProject/PLY_Roomtopia_Cocos/assets/7.Scripts/MyScript/Manager/HandHintManager.ts.
15:49:23.742 debug: Resolve file:///F:/CocosProject/PLY_Roomtopia_Cocos/assets/7.Scripts/MyScript/Manager/ItemManager.ts from cce:/internal/x/prerequisite-imports as file:///F:/CocosProject/PLY_Roomtopia_Cocos/assets/7.Scripts/MyScript/Manager/ItemManager.ts.
15:49:23.743 debug: Resolve file:///F:/CocosProject/PLY_Roomtopia_Cocos/assets/7.Scripts/MyScript/Manager/ModelRotate.ts from cce:/internal/x/prerequisite-imports as file:///F:/CocosProject/PLY_Roomtopia_Cocos/assets/7.Scripts/MyScript/Manager/ModelRotate.ts.
15:49:23.743 debug: Resolve file:///F:/CocosProject/PLY_Roomtopia_Cocos/assets/7.Scripts/MyScript/ScriptTemplate/ComponentCache.ts from cce:/internal/x/prerequisite-imports as file:///F:/CocosProject/PLY_Roomtopia_Cocos/assets/7.Scripts/MyScript/ScriptTemplate/ComponentCache.ts.
15:49:23.744 debug: Resolve file:///F:/CocosProject/PLY_Roomtopia_Cocos/assets/7.Scripts/MyScript/ScriptTemplate/Ply_GameUnit.ts from cce:/internal/x/prerequisite-imports as file:///F:/CocosProject/PLY_Roomtopia_Cocos/assets/7.Scripts/MyScript/ScriptTemplate/Ply_GameUnit.ts.
15:49:23.745 debug: Resolve file:///F:/CocosProject/PLY_Roomtopia_Cocos/assets/7.Scripts/MyScript/ScriptTemplate/Ply_Pool.ts from cce:/internal/x/prerequisite-imports as file:///F:/CocosProject/PLY_Roomtopia_Cocos/assets/7.Scripts/MyScript/ScriptTemplate/Ply_Pool.ts.
15:49:23.745 debug: Resolve file:///F:/CocosProject/PLY_Roomtopia_Cocos/assets/7.Scripts/MyScript/ScriptTemplate/Ply_Singleton.ts from cce:/internal/x/prerequisite-imports as file:///F:/CocosProject/PLY_Roomtopia_Cocos/assets/7.Scripts/MyScript/ScriptTemplate/Ply_Singleton.ts.
15:49:23.746 debug: Resolve file:///F:/CocosProject/PLY_Roomtopia_Cocos/assets/7.Scripts/MyScript/ScriptTemplate/Ply_SoundManager.ts from cce:/internal/x/prerequisite-imports as file:///F:/CocosProject/PLY_Roomtopia_Cocos/assets/7.Scripts/MyScript/ScriptTemplate/Ply_SoundManager.ts.
15:49:23.746 debug: Resolve file:///F:/CocosProject/PLY_Roomtopia_Cocos/assets/7.Scripts/MyScript/ScriptTemplate/Ply_Types.ts from cce:/internal/x/prerequisite-imports as file:///F:/CocosProject/PLY_Roomtopia_Cocos/assets/7.Scripts/MyScript/ScriptTemplate/Ply_Types.ts.
15:49:23.746 debug: Resolve file:///F:/CocosProject/PLY_Roomtopia_Cocos/assets/7.Scripts/MyScript/ScriptTemplate/Yielders.ts from cce:/internal/x/prerequisite-imports as file:///F:/CocosProject/PLY_Roomtopia_Cocos/assets/7.Scripts/MyScript/ScriptTemplate/Yielders.ts.
15:49:23.747 debug: Resolve file:///F:/CocosProject/PLY_Roomtopia_Cocos/assets/7.Scripts/MyScript/Utils/SnapEffect.ts from cce:/internal/x/prerequisite-imports as file:///F:/CocosProject/PLY_Roomtopia_Cocos/assets/7.Scripts/MyScript/Utils/SnapEffect.ts.
15:49:23.747 debug: Resolve file:///F:/CocosProject/PLY_Roomtopia_Cocos/assets/7.Scripts/MyScript/Utils/WinReact.ts from cce:/internal/x/prerequisite-imports as file:///F:/CocosProject/PLY_Roomtopia_Cocos/assets/7.Scripts/MyScript/Utils/WinReact.ts.
15:49:23.748 debug: Resolve file:///F:/CocosProject/PLY_Roomtopia_Cocos/assets/7.Scripts/Pool/PoolControl.ts from cce:/internal/x/prerequisite-imports as file:///F:/CocosProject/PLY_Roomtopia_Cocos/assets/7.Scripts/Pool/PoolControl.ts.
15:49:23.748 debug: Resolve file:///F:/CocosProject/PLY_Roomtopia_Cocos/assets/7.Scripts/Pool/PoolManager.ts from cce:/internal/x/prerequisite-imports as file:///F:/CocosProject/PLY_Roomtopia_Cocos/assets/7.Scripts/Pool/PoolManager.ts.
15:49:23.749 debug: Resolve file:///F:/CocosProject/PLY_Roomtopia_Cocos/assets/7.Scripts/Pool/PoolMember.ts from cce:/internal/x/prerequisite-imports as file:///F:/CocosProject/PLY_Roomtopia_Cocos/assets/7.Scripts/Pool/PoolMember.ts.
15:49:23.749 debug: Resolve file:///F:/CocosProject/PLY_Roomtopia_Cocos/assets/7.Scripts/Sand/SandSimulation.ts from cce:/internal/x/prerequisite-imports as file:///F:/CocosProject/PLY_Roomtopia_Cocos/assets/7.Scripts/Sand/SandSimulation.ts.
15:49:23.750 debug: Resolve file:///F:/CocosProject/PLY_Roomtopia_Cocos/assets/7.Scripts/Tool/AppLovinAnalytics.ts from cce:/internal/x/prerequisite-imports as file:///F:/CocosProject/PLY_Roomtopia_Cocos/assets/7.Scripts/Tool/AppLovinAnalytics.ts.
15:49:23.750 debug: Resolve file:///F:/CocosProject/PLY_Roomtopia_Cocos/assets/7.Scripts/Tool/GameController.ts from cce:/internal/x/prerequisite-imports as file:///F:/CocosProject/PLY_Roomtopia_Cocos/assets/7.Scripts/Tool/GameController.ts.
15:49:23.751 debug: Resolve cc from file:///F:/CocosProject/PLY_Roomtopia_Cocos/assets/7.Scripts/MyScript/Item/ZoomSlider.ts as cce:/internal/x/cc.
15:49:23.751 debug: Resolve cc from file:///F:/CocosProject/PLY_Roomtopia_Cocos/assets/7.Scripts/MyScript/Item/ZoomSlider.ts as cce:/internal/x/cc.
15:49:23.751 debug: Resolve cc from file:///F:/CocosProject/PLY_Roomtopia_Cocos/assets/7.Scripts/MyScript/Item/ZoomSlider.ts as cce:/internal/x/cc.
15:49:23.751 debug: Resolve cc/env from file:///F:/CocosProject/PLY_Roomtopia_Cocos/assets/7.Scripts/MyScript/Item/ZoomSlider.ts as external dependency cc/env.
15:49:23.788 debug: Target(preview) ends with cost 178.1889000000083ms.
15:57:11.533 debug: Dispatch build request for time accumulated 1 asset changes.
15:57:11.535 debug: Build iteration starts.
Number of accumulated asset changes: 1
Feature changed: false
15:57:11.536 debug: Target(editor) build started.
15:57:11.539 debug: Detected change: cce:/internal/x/prerequisite-imports. Last mtime: Thu Jan 01 1970 07:01:32 GMT+0700 (Indochina Time), Current mtime: Thu Jan 01 1970 07:09:20 GMT+0700 (Indochina Time)
15:57:11.539 debug: Inspect cce:/internal/x/prerequisite-imports
15:57:11.580 debug: transform url: 'cce:/internal/x/prerequisite-imports' costs: 41.20 ms
15:57:11.587 debug: Resolve file:///C:/ProgramData/cocos/editors/Creator/3.8.8/resources/resources/3d/engine/editor/assets/default_renderpipeline/builtin-dof-pass.ts from cce:/internal/x/prerequisite-imports as file:///C:/ProgramData/cocos/editors/Creator/3.8.8/resources/resources/3d/engine/editor/assets/default_renderpipeline/builtin-dof-pass.ts.
15:57:11.590 debug: Resolve file:///C:/ProgramData/cocos/editors/Creator/3.8.8/resources/resources/3d/engine/editor/assets/default_renderpipeline/builtin-pipeline-pass.ts from cce:/internal/x/prerequisite-imports as file:///C:/ProgramData/cocos/editors/Creator/3.8.8/resources/resources/3d/engine/editor/assets/default_renderpipeline/builtin-pipeline-pass.ts.
15:57:11.593 debug: Resolve file:///C:/ProgramData/cocos/editors/Creator/3.8.8/resources/resources/3d/engine/editor/assets/default_renderpipeline/builtin-pipeline-settings.ts from cce:/internal/x/prerequisite-imports as file:///C:/ProgramData/cocos/editors/Creator/3.8.8/resources/resources/3d/engine/editor/assets/default_renderpipeline/builtin-pipeline-settings.ts.
15:57:11.594 debug: Resolve file:///C:/ProgramData/cocos/editors/Creator/3.8.8/resources/resources/3d/engine/editor/assets/default_renderpipeline/builtin-pipeline-types.ts from cce:/internal/x/prerequisite-imports as file:///C:/ProgramData/cocos/editors/Creator/3.8.8/resources/resources/3d/engine/editor/assets/default_renderpipeline/builtin-pipeline-types.ts.
15:57:11.595 debug: Resolve file:///C:/ProgramData/cocos/editors/Creator/3.8.8/resources/resources/3d/engine/editor/assets/default_renderpipeline/builtin-pipeline.ts from cce:/internal/x/prerequisite-imports as file:///C:/ProgramData/cocos/editors/Creator/3.8.8/resources/resources/3d/engine/editor/assets/default_renderpipeline/builtin-pipeline.ts.
15:57:11.596 debug: Resolve file:///C:/ProgramData/cocos/editors/Creator/3.8.8/resources/resources/3d/engine/editor/assets/tools/debug-view-runtime-control.ts from cce:/internal/x/prerequisite-imports as file:///C:/ProgramData/cocos/editors/Creator/3.8.8/resources/resources/3d/engine/editor/assets/tools/debug-view-runtime-control.ts.
15:57:11.596 debug: Resolve file:///F:/CocosProject/PLY_Roomtopia_Cocos/assets/7.Scripts/Gameplay/Data.ts from cce:/internal/x/prerequisite-imports as file:///F:/CocosProject/PLY_Roomtopia_Cocos/assets/7.Scripts/Gameplay/Data.ts.
15:57:11.597 debug: Resolve file:///F:/CocosProject/PLY_Roomtopia_Cocos/assets/7.Scripts/Manager/AssetsManagerCustom.ts from cce:/internal/x/prerequisite-imports as file:///F:/CocosProject/PLY_Roomtopia_Cocos/assets/7.Scripts/Manager/AssetsManagerCustom.ts.
15:57:11.598 debug: Resolve file:///F:/CocosProject/PLY_Roomtopia_Cocos/assets/7.Scripts/Manager/Clock.ts from cce:/internal/x/prerequisite-imports as file:///F:/CocosProject/PLY_Roomtopia_Cocos/assets/7.Scripts/Manager/Clock.ts.
15:57:11.598 debug: Resolve file:///F:/CocosProject/PLY_Roomtopia_Cocos/assets/7.Scripts/Manager/InputManager.ts from cce:/internal/x/prerequisite-imports as file:///F:/CocosProject/PLY_Roomtopia_Cocos/assets/7.Scripts/Manager/InputManager.ts.
15:57:11.599 debug: Resolve file:///F:/CocosProject/PLY_Roomtopia_Cocos/assets/7.Scripts/Manager/Joystick.ts from cce:/internal/x/prerequisite-imports as file:///F:/CocosProject/PLY_Roomtopia_Cocos/assets/7.Scripts/Manager/Joystick.ts.
15:57:11.599 debug: Resolve file:///F:/CocosProject/PLY_Roomtopia_Cocos/assets/7.Scripts/Manager/MainCamera.ts from cce:/internal/x/prerequisite-imports as file:///F:/CocosProject/PLY_Roomtopia_Cocos/assets/7.Scripts/Manager/MainCamera.ts.
15:57:11.600 debug: Resolve file:///F:/CocosProject/PLY_Roomtopia_Cocos/assets/7.Scripts/Manager/PointerController.ts from cce:/internal/x/prerequisite-imports as file:///F:/CocosProject/PLY_Roomtopia_Cocos/assets/7.Scripts/Manager/PointerController.ts.
15:57:11.600 debug: Resolve file:///F:/CocosProject/PLY_Roomtopia_Cocos/assets/7.Scripts/Manager/SoundManager.ts from cce:/internal/x/prerequisite-imports as file:///F:/CocosProject/PLY_Roomtopia_Cocos/assets/7.Scripts/Manager/SoundManager.ts.
15:57:11.600 debug: Resolve file:///F:/CocosProject/PLY_Roomtopia_Cocos/assets/7.Scripts/Manager/UI.ts from cce:/internal/x/prerequisite-imports as file:///F:/CocosProject/PLY_Roomtopia_Cocos/assets/7.Scripts/Manager/UI.ts.
15:57:11.601 debug: Resolve file:///F:/CocosProject/PLY_Roomtopia_Cocos/assets/7.Scripts/Manager/VFX.ts from cce:/internal/x/prerequisite-imports as file:///F:/CocosProject/PLY_Roomtopia_Cocos/assets/7.Scripts/Manager/VFX.ts.
15:57:11.601 debug: Resolve file:///F:/CocosProject/PLY_Roomtopia_Cocos/assets/7.Scripts/Manager/World.ts from cce:/internal/x/prerequisite-imports as file:///F:/CocosProject/PLY_Roomtopia_Cocos/assets/7.Scripts/Manager/World.ts.
15:57:11.602 debug: Resolve file:///F:/CocosProject/PLY_Roomtopia_Cocos/assets/7.Scripts/MatchAsset/MatchSprite.ts from cce:/internal/x/prerequisite-imports as file:///F:/CocosProject/PLY_Roomtopia_Cocos/assets/7.Scripts/MatchAsset/MatchSprite.ts.
15:57:11.602 debug: Resolve file:///F:/CocosProject/PLY_Roomtopia_Cocos/assets/7.Scripts/MatchAsset/NodeOrder.ts from cce:/internal/x/prerequisite-imports as file:///F:/CocosProject/PLY_Roomtopia_Cocos/assets/7.Scripts/MatchAsset/NodeOrder.ts.
15:57:11.603 debug: Resolve file:///F:/CocosProject/PLY_Roomtopia_Cocos/assets/7.Scripts/MatchAsset/ReadImagePixel.ts from cce:/internal/x/prerequisite-imports as file:///F:/CocosProject/PLY_Roomtopia_Cocos/assets/7.Scripts/MatchAsset/ReadImagePixel.ts.
15:57:11.604 debug: Resolve file:///F:/CocosProject/PLY_Roomtopia_Cocos/assets/7.Scripts/MatchAsset/SpriteSizeSetter.ts from cce:/internal/x/prerequisite-imports as file:///F:/CocosProject/PLY_Roomtopia_Cocos/assets/7.Scripts/MatchAsset/SpriteSizeSetter.ts.
15:57:11.604 debug: Resolve file:///F:/CocosProject/PLY_Roomtopia_Cocos/assets/7.Scripts/MatchAsset/Ulis.ts from cce:/internal/x/prerequisite-imports as file:///F:/CocosProject/PLY_Roomtopia_Cocos/assets/7.Scripts/MatchAsset/Ulis.ts.
15:57:11.604 debug: Resolve file:///F:/CocosProject/PLY_Roomtopia_Cocos/assets/7.Scripts/Misc/AStar.ts from cce:/internal/x/prerequisite-imports as file:///F:/CocosProject/PLY_Roomtopia_Cocos/assets/7.Scripts/Misc/AStar.ts.
15:57:11.605 debug: Resolve file:///F:/CocosProject/PLY_Roomtopia_Cocos/assets/7.Scripts/Misc/Black.ts from cce:/internal/x/prerequisite-imports as file:///F:/CocosProject/PLY_Roomtopia_Cocos/assets/7.Scripts/Misc/Black.ts.
15:57:11.605 debug: Resolve file:///F:/CocosProject/PLY_Roomtopia_Cocos/assets/7.Scripts/Misc/Cloud.ts from cce:/internal/x/prerequisite-imports as file:///F:/CocosProject/PLY_Roomtopia_Cocos/assets/7.Scripts/Misc/Cloud.ts.
15:57:11.605 debug: Resolve file:///F:/CocosProject/PLY_Roomtopia_Cocos/assets/7.Scripts/Misc/IQ.ts from cce:/internal/x/prerequisite-imports as file:///F:/CocosProject/PLY_Roomtopia_Cocos/assets/7.Scripts/Misc/IQ.ts.
15:57:11.606 debug: Resolve file:///F:/CocosProject/PLY_Roomtopia_Cocos/assets/7.Scripts/Misc/Mats.ts from cce:/internal/x/prerequisite-imports as file:///F:/CocosProject/PLY_Roomtopia_Cocos/assets/7.Scripts/Misc/Mats.ts.
15:57:11.606 debug: Resolve file:///F:/CocosProject/PLY_Roomtopia_Cocos/assets/7.Scripts/Misc/MeshLoader.ts from cce:/internal/x/prerequisite-imports as file:///F:/CocosProject/PLY_Roomtopia_Cocos/assets/7.Scripts/Misc/MeshLoader.ts.
15:57:11.606 debug: Resolve file:///F:/CocosProject/PLY_Roomtopia_Cocos/assets/7.Scripts/Misc/SkinManager.ts from cce:/internal/x/prerequisite-imports as file:///F:/CocosProject/PLY_Roomtopia_Cocos/assets/7.Scripts/Misc/SkinManager.ts.
15:57:11.607 debug: Resolve file:///F:/CocosProject/PLY_Roomtopia_Cocos/assets/7.Scripts/Misc/SplineLineRenderer.ts from cce:/internal/x/prerequisite-imports as file:///F:/CocosProject/PLY_Roomtopia_Cocos/assets/7.Scripts/Misc/SplineLineRenderer.ts.
15:57:11.607 debug: Resolve file:///F:/CocosProject/PLY_Roomtopia_Cocos/assets/7.Scripts/Misc/Tool.ts from cce:/internal/x/prerequisite-imports as file:///F:/CocosProject/PLY_Roomtopia_Cocos/assets/7.Scripts/Misc/Tool.ts.
15:57:11.607 debug: Resolve file:///F:/CocosProject/PLY_Roomtopia_Cocos/assets/7.Scripts/Misc/Tooth.ts from cce:/internal/x/prerequisite-imports as file:///F:/CocosProject/PLY_Roomtopia_Cocos/assets/7.Scripts/Misc/Tooth.ts.
15:57:11.608 debug: Resolve file:///F:/CocosProject/PLY_Roomtopia_Cocos/assets/7.Scripts/Misc/Ulis.ts from cce:/internal/x/prerequisite-imports as file:///F:/CocosProject/PLY_Roomtopia_Cocos/assets/7.Scripts/Misc/Ulis.ts.
15:57:11.608 debug: Resolve file:///F:/CocosProject/PLY_Roomtopia_Cocos/assets/7.Scripts/MyScript/Config/TrayConfig.ts from cce:/internal/x/prerequisite-imports as file:///F:/CocosProject/PLY_Roomtopia_Cocos/assets/7.Scripts/MyScript/Config/TrayConfig.ts.
15:57:11.608 debug: Resolve file:///F:/CocosProject/PLY_Roomtopia_Cocos/assets/7.Scripts/MyScript/Item/BottomBar.ts from cce:/internal/x/prerequisite-imports as file:///F:/CocosProject/PLY_Roomtopia_Cocos/assets/7.Scripts/MyScript/Item/BottomBar.ts.
15:57:11.609 debug: Resolve file:///F:/CocosProject/PLY_Roomtopia_Cocos/assets/7.Scripts/MyScript/Item/BoxBg.ts from cce:/internal/x/prerequisite-imports as file:///F:/CocosProject/PLY_Roomtopia_Cocos/assets/7.Scripts/MyScript/Item/BoxBg.ts.
15:57:11.609 debug: Resolve file:///F:/CocosProject/PLY_Roomtopia_Cocos/assets/7.Scripts/MyScript/Item/FitInBox.ts from cce:/internal/x/prerequisite-imports as file:///F:/CocosProject/PLY_Roomtopia_Cocos/assets/7.Scripts/MyScript/Item/FitInBox.ts.
15:57:11.610 debug: Resolve file:///F:/CocosProject/PLY_Roomtopia_Cocos/assets/7.Scripts/MyScript/Item/ItemController.ts from cce:/internal/x/prerequisite-imports as file:///F:/CocosProject/PLY_Roomtopia_Cocos/assets/7.Scripts/MyScript/Item/ItemController.ts.
15:57:11.610 debug: Resolve file:///F:/CocosProject/PLY_Roomtopia_Cocos/assets/7.Scripts/MyScript/Item/ItemGraphic.ts from cce:/internal/x/prerequisite-imports as file:///F:/CocosProject/PLY_Roomtopia_Cocos/assets/7.Scripts/MyScript/Item/ItemGraphic.ts.
15:57:11.611 debug: Resolve file:///F:/CocosProject/PLY_Roomtopia_Cocos/assets/7.Scripts/MyScript/Item/ItemMovement.ts from cce:/internal/x/prerequisite-imports as file:///F:/CocosProject/PLY_Roomtopia_Cocos/assets/7.Scripts/MyScript/Item/ItemMovement.ts.
15:57:11.611 debug: Resolve file:///F:/CocosProject/PLY_Roomtopia_Cocos/assets/7.Scripts/MyScript/Item/QuadImage.ts from cce:/internal/x/prerequisite-imports as file:///F:/CocosProject/PLY_Roomtopia_Cocos/assets/7.Scripts/MyScript/Item/QuadImage.ts.
15:57:11.611 debug: Resolve file:///F:/CocosProject/PLY_Roomtopia_Cocos/assets/7.Scripts/MyScript/Item/ZoomSlider.ts from cce:/internal/x/prerequisite-imports as file:///F:/CocosProject/PLY_Roomtopia_Cocos/assets/7.Scripts/MyScript/Item/ZoomSlider.ts.
15:57:11.612 debug: Detected change: file:///F:/CocosProject/PLY_Roomtopia_Cocos/assets/7.Scripts/MyScript/Item/ZoomSlider.ts. Last mtime: Tue Sep 22 2026 15:49:18 GMT+0700 (Indochina Time)@ba854627-9265-4b8e-8394-02fd1f1a2e14, Current mtime: Tue Sep 22 2026 15:56:20 GMT+0700 (Indochina Time)@ba854627-9265-4b8e-8394-02fd1f1a2e14
15:57:11.612 debug: Inspect file:///F:/CocosProject/PLY_Roomtopia_Cocos/assets/7.Scripts/MyScript/Item/ZoomSlider.ts
15:57:11.690 debug: transform url: 'file:///F:/CocosProject/PLY_Roomtopia_Cocos/assets/7.Scripts/MyScript/Item/ZoomSlider.ts' costs: 78.50 ms
15:57:11.692 debug: Resolve file:///F:/CocosProject/PLY_Roomtopia_Cocos/assets/7.Scripts/MyScript/Manager/GameManager.ts from cce:/internal/x/prerequisite-imports as file:///F:/CocosProject/PLY_Roomtopia_Cocos/assets/7.Scripts/MyScript/Manager/GameManager.ts.
15:57:11.693 debug: Resolve file:///F:/CocosProject/PLY_Roomtopia_Cocos/assets/7.Scripts/MyScript/Manager/HandHintManager.ts from cce:/internal/x/prerequisite-imports as file:///F:/CocosProject/PLY_Roomtopia_Cocos/assets/7.Scripts/MyScript/Manager/HandHintManager.ts.
15:57:11.695 debug: Resolve file:///F:/CocosProject/PLY_Roomtopia_Cocos/assets/7.Scripts/MyScript/Manager/ItemManager.ts from cce:/internal/x/prerequisite-imports as file:///F:/CocosProject/PLY_Roomtopia_Cocos/assets/7.Scripts/MyScript/Manager/ItemManager.ts.
15:57:11.695 debug: Resolve file:///F:/CocosProject/PLY_Roomtopia_Cocos/assets/7.Scripts/MyScript/Manager/ModelRotate.ts from cce:/internal/x/prerequisite-imports as file:///F:/CocosProject/PLY_Roomtopia_Cocos/assets/7.Scripts/MyScript/Manager/ModelRotate.ts.
15:57:11.696 debug: Resolve file:///F:/CocosProject/PLY_Roomtopia_Cocos/assets/7.Scripts/MyScript/ScriptTemplate/ComponentCache.ts from cce:/internal/x/prerequisite-imports as file:///F:/CocosProject/PLY_Roomtopia_Cocos/assets/7.Scripts/MyScript/ScriptTemplate/ComponentCache.ts.
15:57:11.696 debug: Resolve file:///F:/CocosProject/PLY_Roomtopia_Cocos/assets/7.Scripts/MyScript/ScriptTemplate/Ply_GameUnit.ts from cce:/internal/x/prerequisite-imports as file:///F:/CocosProject/PLY_Roomtopia_Cocos/assets/7.Scripts/MyScript/ScriptTemplate/Ply_GameUnit.ts.
15:57:11.696 debug: Resolve file:///F:/CocosProject/PLY_Roomtopia_Cocos/assets/7.Scripts/MyScript/ScriptTemplate/Ply_Pool.ts from cce:/internal/x/prerequisite-imports as file:///F:/CocosProject/PLY_Roomtopia_Cocos/assets/7.Scripts/MyScript/ScriptTemplate/Ply_Pool.ts.
15:57:11.697 debug: Resolve file:///F:/CocosProject/PLY_Roomtopia_Cocos/assets/7.Scripts/MyScript/ScriptTemplate/Ply_Singleton.ts from cce:/internal/x/prerequisite-imports as file:///F:/CocosProject/PLY_Roomtopia_Cocos/assets/7.Scripts/MyScript/ScriptTemplate/Ply_Singleton.ts.
15:57:11.697 debug: Resolve file:///F:/CocosProject/PLY_Roomtopia_Cocos/assets/7.Scripts/MyScript/ScriptTemplate/Ply_SoundManager.ts from cce:/internal/x/prerequisite-imports as file:///F:/CocosProject/PLY_Roomtopia_Cocos/assets/7.Scripts/MyScript/ScriptTemplate/Ply_SoundManager.ts.
15:57:11.698 debug: Resolve file:///F:/CocosProject/PLY_Roomtopia_Cocos/assets/7.Scripts/MyScript/ScriptTemplate/Ply_Types.ts from cce:/internal/x/prerequisite-imports as file:///F:/CocosProject/PLY_Roomtopia_Cocos/assets/7.Scripts/MyScript/ScriptTemplate/Ply_Types.ts.
15:57:11.699 debug: Resolve file:///F:/CocosProject/PLY_Roomtopia_Cocos/assets/7.Scripts/MyScript/ScriptTemplate/Yielders.ts from cce:/internal/x/prerequisite-imports as file:///F:/CocosProject/PLY_Roomtopia_Cocos/assets/7.Scripts/MyScript/ScriptTemplate/Yielders.ts.
15:57:11.699 debug: Resolve file:///F:/CocosProject/PLY_Roomtopia_Cocos/assets/7.Scripts/MyScript/Utils/SnapEffect.ts from cce:/internal/x/prerequisite-imports as file:///F:/CocosProject/PLY_Roomtopia_Cocos/assets/7.Scripts/MyScript/Utils/SnapEffect.ts.
15:57:11.700 debug: Resolve file:///F:/CocosProject/PLY_Roomtopia_Cocos/assets/7.Scripts/MyScript/Utils/WinReact.ts from cce:/internal/x/prerequisite-imports as file:///F:/CocosProject/PLY_Roomtopia_Cocos/assets/7.Scripts/MyScript/Utils/WinReact.ts.
15:57:11.700 debug: Resolve file:///F:/CocosProject/PLY_Roomtopia_Cocos/assets/7.Scripts/Pool/PoolControl.ts from cce:/internal/x/prerequisite-imports as file:///F:/CocosProject/PLY_Roomtopia_Cocos/assets/7.Scripts/Pool/PoolControl.ts.
15:57:11.701 debug: Resolve file:///F:/CocosProject/PLY_Roomtopia_Cocos/assets/7.Scripts/Pool/PoolManager.ts from cce:/internal/x/prerequisite-imports as file:///F:/CocosProject/PLY_Roomtopia_Cocos/assets/7.Scripts/Pool/PoolManager.ts.
15:57:11.702 debug: Resolve file:///F:/CocosProject/PLY_Roomtopia_Cocos/assets/7.Scripts/Pool/PoolMember.ts from cce:/internal/x/prerequisite-imports as file:///F:/CocosProject/PLY_Roomtopia_Cocos/assets/7.Scripts/Pool/PoolMember.ts.
15:57:11.702 debug: Resolve file:///F:/CocosProject/PLY_Roomtopia_Cocos/assets/7.Scripts/Sand/SandSimulation.ts from cce:/internal/x/prerequisite-imports as file:///F:/CocosProject/PLY_Roomtopia_Cocos/assets/7.Scripts/Sand/SandSimulation.ts.
15:57:11.703 debug: Resolve file:///F:/CocosProject/PLY_Roomtopia_Cocos/assets/7.Scripts/Tool/AppLovinAnalytics.ts from cce:/internal/x/prerequisite-imports as file:///F:/CocosProject/PLY_Roomtopia_Cocos/assets/7.Scripts/Tool/AppLovinAnalytics.ts.
15:57:11.703 debug: Resolve file:///F:/CocosProject/PLY_Roomtopia_Cocos/assets/7.Scripts/Tool/GameController.ts from cce:/internal/x/prerequisite-imports as file:///F:/CocosProject/PLY_Roomtopia_Cocos/assets/7.Scripts/Tool/GameController.ts.
15:57:11.704 debug: Resolve cc from file:///F:/CocosProject/PLY_Roomtopia_Cocos/assets/7.Scripts/MyScript/Item/ZoomSlider.ts as cce:/internal/x/cc.
15:57:11.704 debug: Resolve cc from file:///F:/CocosProject/PLY_Roomtopia_Cocos/assets/7.Scripts/MyScript/Item/ZoomSlider.ts as cce:/internal/x/cc.
15:57:11.704 debug: Resolve cc from file:///F:/CocosProject/PLY_Roomtopia_Cocos/assets/7.Scripts/MyScript/Item/ZoomSlider.ts as cce:/internal/x/cc.
15:57:11.704 debug: Resolve cc/env from file:///F:/CocosProject/PLY_Roomtopia_Cocos/assets/7.Scripts/MyScript/Item/ZoomSlider.ts as external dependency cc/env.
15:57:11.743 debug: Target(editor) ends with cost 206.63240000000224ms.
15:57:11.744 debug: Target(preview) build started.
15:57:11.746 debug: Detected change: cce:/internal/x/prerequisite-imports. Last mtime: Thu Jan 01 1970 07:01:32 GMT+0700 (Indochina Time), Current mtime: Thu Jan 01 1970 07:09:21 GMT+0700 (Indochina Time)
15:57:11.746 debug: Inspect cce:/internal/x/prerequisite-imports
15:57:11.774 debug: transform url: 'cce:/internal/x/prerequisite-imports' costs: 28.20 ms
15:57:11.776 debug: Resolve file:///C:/ProgramData/cocos/editors/Creator/3.8.8/resources/resources/3d/engine/editor/assets/default_renderpipeline/builtin-dof-pass.ts from cce:/internal/x/prerequisite-imports as file:///C:/ProgramData/cocos/editors/Creator/3.8.8/resources/resources/3d/engine/editor/assets/default_renderpipeline/builtin-dof-pass.ts.
15:57:11.777 debug: Resolve file:///C:/ProgramData/cocos/editors/Creator/3.8.8/resources/resources/3d/engine/editor/assets/default_renderpipeline/builtin-pipeline-pass.ts from cce:/internal/x/prerequisite-imports as file:///C:/ProgramData/cocos/editors/Creator/3.8.8/resources/resources/3d/engine/editor/assets/default_renderpipeline/builtin-pipeline-pass.ts.
15:57:11.778 debug: Resolve file:///C:/ProgramData/cocos/editors/Creator/3.8.8/resources/resources/3d/engine/editor/assets/default_renderpipeline/builtin-pipeline-settings.ts from cce:/internal/x/prerequisite-imports as file:///C:/ProgramData/cocos/editors/Creator/3.8.8/resources/resources/3d/engine/editor/assets/default_renderpipeline/builtin-pipeline-settings.ts.
15:57:11.779 debug: Resolve file:///C:/ProgramData/cocos/editors/Creator/3.8.8/resources/resources/3d/engine/editor/assets/default_renderpipeline/builtin-pipeline-types.ts from cce:/internal/x/prerequisite-imports as file:///C:/ProgramData/cocos/editors/Creator/3.8.8/resources/resources/3d/engine/editor/assets/default_renderpipeline/builtin-pipeline-types.ts.
15:57:11.780 debug: Resolve file:///C:/ProgramData/cocos/editors/Creator/3.8.8/resources/resources/3d/engine/editor/assets/default_renderpipeline/builtin-pipeline.ts from cce:/internal/x/prerequisite-imports as file:///C:/ProgramData/cocos/editors/Creator/3.8.8/resources/resources/3d/engine/editor/assets/default_renderpipeline/builtin-pipeline.ts.
15:57:11.781 debug: Resolve file:///C:/ProgramData/cocos/editors/Creator/3.8.8/resources/resources/3d/engine/editor/assets/tools/debug-view-runtime-control.ts from cce:/internal/x/prerequisite-imports as file:///C:/ProgramData/cocos/editors/Creator/3.8.8/resources/resources/3d/engine/editor/assets/tools/debug-view-runtime-control.ts.
15:57:11.782 debug: Resolve file:///F:/CocosProject/PLY_Roomtopia_Cocos/assets/7.Scripts/Gameplay/Data.ts from cce:/internal/x/prerequisite-imports as file:///F:/CocosProject/PLY_Roomtopia_Cocos/assets/7.Scripts/Gameplay/Data.ts.
15:57:11.782 debug: Resolve file:///F:/CocosProject/PLY_Roomtopia_Cocos/assets/7.Scripts/Manager/AssetsManagerCustom.ts from cce:/internal/x/prerequisite-imports as file:///F:/CocosProject/PLY_Roomtopia_Cocos/assets/7.Scripts/Manager/AssetsManagerCustom.ts.
15:57:11.783 debug: Resolve file:///F:/CocosProject/PLY_Roomtopia_Cocos/assets/7.Scripts/Manager/Clock.ts from cce:/internal/x/prerequisite-imports as file:///F:/CocosProject/PLY_Roomtopia_Cocos/assets/7.Scripts/Manager/Clock.ts.
15:57:11.783 debug: Resolve file:///F:/CocosProject/PLY_Roomtopia_Cocos/assets/7.Scripts/Manager/InputManager.ts from cce:/internal/x/prerequisite-imports as file:///F:/CocosProject/PLY_Roomtopia_Cocos/assets/7.Scripts/Manager/InputManager.ts.
15:57:11.784 debug: Resolve file:///F:/CocosProject/PLY_Roomtopia_Cocos/assets/7.Scripts/Manager/Joystick.ts from cce:/internal/x/prerequisite-imports as file:///F:/CocosProject/PLY_Roomtopia_Cocos/assets/7.Scripts/Manager/Joystick.ts.
15:57:11.784 debug: Resolve file:///F:/CocosProject/PLY_Roomtopia_Cocos/assets/7.Scripts/Manager/MainCamera.ts from cce:/internal/x/prerequisite-imports as file:///F:/CocosProject/PLY_Roomtopia_Cocos/assets/7.Scripts/Manager/MainCamera.ts.
15:57:11.785 debug: Resolve file:///F:/CocosProject/PLY_Roomtopia_Cocos/assets/7.Scripts/Manager/PointerController.ts from cce:/internal/x/prerequisite-imports as file:///F:/CocosProject/PLY_Roomtopia_Cocos/assets/7.Scripts/Manager/PointerController.ts.
15:57:11.785 debug: Resolve file:///F:/CocosProject/PLY_Roomtopia_Cocos/assets/7.Scripts/Manager/SoundManager.ts from cce:/internal/x/prerequisite-imports as file:///F:/CocosProject/PLY_Roomtopia_Cocos/assets/7.Scripts/Manager/SoundManager.ts.
15:57:11.789 debug: Resolve file:///F:/CocosProject/PLY_Roomtopia_Cocos/assets/7.Scripts/Manager/UI.ts from cce:/internal/x/prerequisite-imports as file:///F:/CocosProject/PLY_Roomtopia_Cocos/assets/7.Scripts/Manager/UI.ts.
15:57:11.792 debug: Resolve file:///F:/CocosProject/PLY_Roomtopia_Cocos/assets/7.Scripts/Manager/VFX.ts from cce:/internal/x/prerequisite-imports as file:///F:/CocosProject/PLY_Roomtopia_Cocos/assets/7.Scripts/Manager/VFX.ts.
15:57:11.792 debug: Resolve file:///F:/CocosProject/PLY_Roomtopia_Cocos/assets/7.Scripts/Manager/World.ts from cce:/internal/x/prerequisite-imports as file:///F:/CocosProject/PLY_Roomtopia_Cocos/assets/7.Scripts/Manager/World.ts.
15:57:11.793 debug: Resolve file:///F:/CocosProject/PLY_Roomtopia_Cocos/assets/7.Scripts/MatchAsset/MatchSprite.ts from cce:/internal/x/prerequisite-imports as file:///F:/CocosProject/PLY_Roomtopia_Cocos/assets/7.Scripts/MatchAsset/MatchSprite.ts.
15:57:11.793 debug: Resolve file:///F:/CocosProject/PLY_Roomtopia_Cocos/assets/7.Scripts/MatchAsset/NodeOrder.ts from cce:/internal/x/prerequisite-imports as file:///F:/CocosProject/PLY_Roomtopia_Cocos/assets/7.Scripts/MatchAsset/NodeOrder.ts.
15:57:11.794 debug: Resolve file:///F:/CocosProject/PLY_Roomtopia_Cocos/assets/7.Scripts/MatchAsset/ReadImagePixel.ts from cce:/internal/x/prerequisite-imports as file:///F:/CocosProject/PLY_Roomtopia_Cocos/assets/7.Scripts/MatchAsset/ReadImagePixel.ts.
15:57:11.794 debug: Resolve file:///F:/CocosProject/PLY_Roomtopia_Cocos/assets/7.Scripts/MatchAsset/SpriteSizeSetter.ts from cce:/internal/x/prerequisite-imports as file:///F:/CocosProject/PLY_Roomtopia_Cocos/assets/7.Scripts/MatchAsset/SpriteSizeSetter.ts.
15:57:11.795 debug: Resolve file:///F:/CocosProject/PLY_Roomtopia_Cocos/assets/7.Scripts/MatchAsset/Ulis.ts from cce:/internal/x/prerequisite-imports as file:///F:/CocosProject/PLY_Roomtopia_Cocos/assets/7.Scripts/MatchAsset/Ulis.ts.
15:57:11.795 debug: Resolve file:///F:/CocosProject/PLY_Roomtopia_Cocos/assets/7.Scripts/Misc/AStar.ts from cce:/internal/x/prerequisite-imports as file:///F:/CocosProject/PLY_Roomtopia_Cocos/assets/7.Scripts/Misc/AStar.ts.
15:57:11.796 debug: Resolve file:///F:/CocosProject/PLY_Roomtopia_Cocos/assets/7.Scripts/Misc/Black.ts from cce:/internal/x/prerequisite-imports as file:///F:/CocosProject/PLY_Roomtopia_Cocos/assets/7.Scripts/Misc/Black.ts.
15:57:11.796 debug: Resolve file:///F:/CocosProject/PLY_Roomtopia_Cocos/assets/7.Scripts/Misc/Cloud.ts from cce:/internal/x/prerequisite-imports as file:///F:/CocosProject/PLY_Roomtopia_Cocos/assets/7.Scripts/Misc/Cloud.ts.
15:57:11.797 debug: Resolve file:///F:/CocosProject/PLY_Roomtopia_Cocos/assets/7.Scripts/Misc/IQ.ts from cce:/internal/x/prerequisite-imports as file:///F:/CocosProject/PLY_Roomtopia_Cocos/assets/7.Scripts/Misc/IQ.ts.
15:57:11.798 debug: Resolve file:///F:/CocosProject/PLY_Roomtopia_Cocos/assets/7.Scripts/Misc/Mats.ts from cce:/internal/x/prerequisite-imports as file:///F:/CocosProject/PLY_Roomtopia_Cocos/assets/7.Scripts/Misc/Mats.ts.
15:57:11.798 debug: Resolve file:///F:/CocosProject/PLY_Roomtopia_Cocos/assets/7.Scripts/Misc/MeshLoader.ts from cce:/internal/x/prerequisite-imports as file:///F:/CocosProject/PLY_Roomtopia_Cocos/assets/7.Scripts/Misc/MeshLoader.ts.
15:57:11.799 debug: Resolve file:///F:/CocosProject/PLY_Roomtopia_Cocos/assets/7.Scripts/Misc/SkinManager.ts from cce:/internal/x/prerequisite-imports as file:///F:/CocosProject/PLY_Roomtopia_Cocos/assets/7.Scripts/Misc/SkinManager.ts.
15:57:11.800 debug: Resolve file:///F:/CocosProject/PLY_Roomtopia_Cocos/assets/7.Scripts/Misc/SplineLineRenderer.ts from cce:/internal/x/prerequisite-imports as file:///F:/CocosProject/PLY_Roomtopia_Cocos/assets/7.Scripts/Misc/SplineLineRenderer.ts.
15:57:11.801 debug: Resolve file:///F:/CocosProject/PLY_Roomtopia_Cocos/assets/7.Scripts/Misc/Tool.ts from cce:/internal/x/prerequisite-imports as file:///F:/CocosProject/PLY_Roomtopia_Cocos/assets/7.Scripts/Misc/Tool.ts.
15:57:11.802 debug: Resolve file:///F:/CocosProject/PLY_Roomtopia_Cocos/assets/7.Scripts/Misc/Tooth.ts from cce:/internal/x/prerequisite-imports as file:///F:/CocosProject/PLY_Roomtopia_Cocos/assets/7.Scripts/Misc/Tooth.ts.
15:57:11.803 debug: Resolve file:///F:/CocosProject/PLY_Roomtopia_Cocos/assets/7.Scripts/Misc/Ulis.ts from cce:/internal/x/prerequisite-imports as file:///F:/CocosProject/PLY_Roomtopia_Cocos/assets/7.Scripts/Misc/Ulis.ts.
15:57:11.803 debug: Resolve file:///F:/CocosProject/PLY_Roomtopia_Cocos/assets/7.Scripts/MyScript/Config/TrayConfig.ts from cce:/internal/x/prerequisite-imports as file:///F:/CocosProject/PLY_Roomtopia_Cocos/assets/7.Scripts/MyScript/Config/TrayConfig.ts.
15:57:11.804 debug: Resolve file:///F:/CocosProject/PLY_Roomtopia_Cocos/assets/7.Scripts/MyScript/Item/BottomBar.ts from cce:/internal/x/prerequisite-imports as file:///F:/CocosProject/PLY_Roomtopia_Cocos/assets/7.Scripts/MyScript/Item/BottomBar.ts.
15:57:11.804 debug: Resolve file:///F:/CocosProject/PLY_Roomtopia_Cocos/assets/7.Scripts/MyScript/Item/BoxBg.ts from cce:/internal/x/prerequisite-imports as file:///F:/CocosProject/PLY_Roomtopia_Cocos/assets/7.Scripts/MyScript/Item/BoxBg.ts.
15:57:11.805 debug: Resolve file:///F:/CocosProject/PLY_Roomtopia_Cocos/assets/7.Scripts/MyScript/Item/FitInBox.ts from cce:/internal/x/prerequisite-imports as file:///F:/CocosProject/PLY_Roomtopia_Cocos/assets/7.Scripts/MyScript/Item/FitInBox.ts.
15:57:11.805 debug: Resolve file:///F:/CocosProject/PLY_Roomtopia_Cocos/assets/7.Scripts/MyScript/Item/ItemController.ts from cce:/internal/x/prerequisite-imports as file:///F:/CocosProject/PLY_Roomtopia_Cocos/assets/7.Scripts/MyScript/Item/ItemController.ts.
15:57:11.805 debug: Resolve file:///F:/CocosProject/PLY_Roomtopia_Cocos/assets/7.Scripts/MyScript/Item/ItemGraphic.ts from cce:/internal/x/prerequisite-imports as file:///F:/CocosProject/PLY_Roomtopia_Cocos/assets/7.Scripts/MyScript/Item/ItemGraphic.ts.
15:57:11.806 debug: Resolve file:///F:/CocosProject/PLY_Roomtopia_Cocos/assets/7.Scripts/MyScript/Item/ItemMovement.ts from cce:/internal/x/prerequisite-imports as file:///F:/CocosProject/PLY_Roomtopia_Cocos/assets/7.Scripts/MyScript/Item/ItemMovement.ts.
15:57:11.806 debug: Resolve file:///F:/CocosProject/PLY_Roomtopia_Cocos/assets/7.Scripts/MyScript/Item/QuadImage.ts from cce:/internal/x/prerequisite-imports as file:///F:/CocosProject/PLY_Roomtopia_Cocos/assets/7.Scripts/MyScript/Item/QuadImage.ts.
15:57:11.807 debug: Resolve file:///F:/CocosProject/PLY_Roomtopia_Cocos/assets/7.Scripts/MyScript/Item/ZoomSlider.ts from cce:/internal/x/prerequisite-imports as file:///F:/CocosProject/PLY_Roomtopia_Cocos/assets/7.Scripts/MyScript/Item/ZoomSlider.ts.
15:57:11.807 debug: Detected change: file:///F:/CocosProject/PLY_Roomtopia_Cocos/assets/7.Scripts/MyScript/Item/ZoomSlider.ts. Last mtime: Tue Sep 22 2026 15:49:18 GMT+0700 (Indochina Time)@ba854627-9265-4b8e-8394-02fd1f1a2e14, Current mtime: Tue Sep 22 2026 15:56:20 GMT+0700 (Indochina Time)@ba854627-9265-4b8e-8394-02fd1f1a2e14
15:57:11.807 debug: Inspect file:///F:/CocosProject/PLY_Roomtopia_Cocos/assets/7.Scripts/MyScript/Item/ZoomSlider.ts
15:57:11.880 debug: transform url: 'file:///F:/CocosProject/PLY_Roomtopia_Cocos/assets/7.Scripts/MyScript/Item/ZoomSlider.ts' costs: 72.80 ms
15:57:11.882 debug: Resolve file:///F:/CocosProject/PLY_Roomtopia_Cocos/assets/7.Scripts/MyScript/Manager/GameManager.ts from cce:/internal/x/prerequisite-imports as file:///F:/CocosProject/PLY_Roomtopia_Cocos/assets/7.Scripts/MyScript/Manager/GameManager.ts.
15:57:11.882 debug: Resolve file:///F:/CocosProject/PLY_Roomtopia_Cocos/assets/7.Scripts/MyScript/Manager/HandHintManager.ts from cce:/internal/x/prerequisite-imports as file:///F:/CocosProject/PLY_Roomtopia_Cocos/assets/7.Scripts/MyScript/Manager/HandHintManager.ts.
15:57:11.883 debug: Resolve file:///F:/CocosProject/PLY_Roomtopia_Cocos/assets/7.Scripts/MyScript/Manager/ItemManager.ts from cce:/internal/x/prerequisite-imports as file:///F:/CocosProject/PLY_Roomtopia_Cocos/assets/7.Scripts/MyScript/Manager/ItemManager.ts.
15:57:11.891 debug: Resolve file:///F:/CocosProject/PLY_Roomtopia_Cocos/assets/7.Scripts/MyScript/Manager/ModelRotate.ts from cce:/internal/x/prerequisite-imports as file:///F:/CocosProject/PLY_Roomtopia_Cocos/assets/7.Scripts/MyScript/Manager/ModelRotate.ts.
15:57:11.892 debug: Resolve file:///F:/CocosProject/PLY_Roomtopia_Cocos/assets/7.Scripts/MyScript/ScriptTemplate/ComponentCache.ts from cce:/internal/x/prerequisite-imports as file:///F:/CocosProject/PLY_Roomtopia_Cocos/assets/7.Scripts/MyScript/ScriptTemplate/ComponentCache.ts.
15:57:11.892 debug: Resolve file:///F:/CocosProject/PLY_Roomtopia_Cocos/assets/7.Scripts/MyScript/ScriptTemplate/Ply_GameUnit.ts from cce:/internal/x/prerequisite-imports as file:///F:/CocosProject/PLY_Roomtopia_Cocos/assets/7.Scripts/MyScript/ScriptTemplate/Ply_GameUnit.ts.
15:57:11.905 debug: Resolve file:///F:/CocosProject/PLY_Roomtopia_Cocos/assets/7.Scripts/MyScript/ScriptTemplate/Ply_Pool.ts from cce:/internal/x/prerequisite-imports as file:///F:/CocosProject/PLY_Roomtopia_Cocos/assets/7.Scripts/MyScript/ScriptTemplate/Ply_Pool.ts.
15:57:11.905 debug: Resolve file:///F:/CocosProject/PLY_Roomtopia_Cocos/assets/7.Scripts/MyScript/ScriptTemplate/Ply_Singleton.ts from cce:/internal/x/prerequisite-imports as file:///F:/CocosProject/PLY_Roomtopia_Cocos/assets/7.Scripts/MyScript/ScriptTemplate/Ply_Singleton.ts.
15:57:11.906 debug: Resolve file:///F:/CocosProject/PLY_Roomtopia_Cocos/assets/7.Scripts/MyScript/ScriptTemplate/Ply_SoundManager.ts from cce:/internal/x/prerequisite-imports as file:///F:/CocosProject/PLY_Roomtopia_Cocos/assets/7.Scripts/MyScript/ScriptTemplate/Ply_SoundManager.ts.
15:57:11.906 debug: Resolve file:///F:/CocosProject/PLY_Roomtopia_Cocos/assets/7.Scripts/MyScript/ScriptTemplate/Ply_Types.ts from cce:/internal/x/prerequisite-imports as file:///F:/CocosProject/PLY_Roomtopia_Cocos/assets/7.Scripts/MyScript/ScriptTemplate/Ply_Types.ts.
15:57:11.907 debug: Resolve file:///F:/CocosProject/PLY_Roomtopia_Cocos/assets/7.Scripts/MyScript/ScriptTemplate/Yielders.ts from cce:/internal/x/prerequisite-imports as file:///F:/CocosProject/PLY_Roomtopia_Cocos/assets/7.Scripts/MyScript/ScriptTemplate/Yielders.ts.
15:57:11.908 debug: Resolve file:///F:/CocosProject/PLY_Roomtopia_Cocos/assets/7.Scripts/MyScript/Utils/SnapEffect.ts from cce:/internal/x/prerequisite-imports as file:///F:/CocosProject/PLY_Roomtopia_Cocos/assets/7.Scripts/MyScript/Utils/SnapEffect.ts.
15:57:11.908 debug: Resolve file:///F:/CocosProject/PLY_Roomtopia_Cocos/assets/7.Scripts/MyScript/Utils/WinReact.ts from cce:/internal/x/prerequisite-imports as file:///F:/CocosProject/PLY_Roomtopia_Cocos/assets/7.Scripts/MyScript/Utils/WinReact.ts.
15:57:11.909 debug: Resolve file:///F:/CocosProject/PLY_Roomtopia_Cocos/assets/7.Scripts/Pool/PoolControl.ts from cce:/internal/x/prerequisite-imports as file:///F:/CocosProject/PLY_Roomtopia_Cocos/assets/7.Scripts/Pool/PoolControl.ts.
15:57:11.910 debug: Resolve file:///F:/CocosProject/PLY_Roomtopia_Cocos/assets/7.Scripts/Pool/PoolManager.ts from cce:/internal/x/prerequisite-imports as file:///F:/CocosProject/PLY_Roomtopia_Cocos/assets/7.Scripts/Pool/PoolManager.ts.
15:57:11.911 debug: Resolve file:///F:/CocosProject/PLY_Roomtopia_Cocos/assets/7.Scripts/Pool/PoolMember.ts from cce:/internal/x/prerequisite-imports as file:///F:/CocosProject/PLY_Roomtopia_Cocos/assets/7.Scripts/Pool/PoolMember.ts.
15:57:11.912 debug: Resolve file:///F:/CocosProject/PLY_Roomtopia_Cocos/assets/7.Scripts/Sand/SandSimulation.ts from cce:/internal/x/prerequisite-imports as file:///F:/CocosProject/PLY_Roomtopia_Cocos/assets/7.Scripts/Sand/SandSimulation.ts.
15:57:11.913 debug: Resolve file:///F:/CocosProject/PLY_Roomtopia_Cocos/assets/7.Scripts/Tool/AppLovinAnalytics.ts from cce:/internal/x/prerequisite-imports as file:///F:/CocosProject/PLY_Roomtopia_Cocos/assets/7.Scripts/Tool/AppLovinAnalytics.ts.
15:57:11.914 debug: Resolve file:///F:/CocosProject/PLY_Roomtopia_Cocos/assets/7.Scripts/Tool/GameController.ts from cce:/internal/x/prerequisite-imports as file:///F:/CocosProject/PLY_Roomtopia_Cocos/assets/7.Scripts/Tool/GameController.ts.
15:57:11.917 debug: Resolve cc from file:///F:/CocosProject/PLY_Roomtopia_Cocos/assets/7.Scripts/MyScript/Item/ZoomSlider.ts as cce:/internal/x/cc.
15:57:11.917 debug: Resolve cc from file:///F:/CocosProject/PLY_Roomtopia_Cocos/assets/7.Scripts/MyScript/Item/ZoomSlider.ts as cce:/internal/x/cc.
15:57:11.917 debug: Resolve cc from file:///F:/CocosProject/PLY_Roomtopia_Cocos/assets/7.Scripts/MyScript/Item/ZoomSlider.ts as cce:/internal/x/cc.
15:57:11.917 debug: Resolve cc/env from file:///F:/CocosProject/PLY_Roomtopia_Cocos/assets/7.Scripts/MyScript/Item/ZoomSlider.ts as external dependency cc/env.
15:57:11.975 debug: Target(preview) ends with cost 231.12870000000112ms.
15:59:01.867 debug: Dispatch build request for time accumulated 3 asset changes.
15:59:01.869 debug: Build iteration starts.
Number of accumulated asset changes: 3
Feature changed: false
15:59:01.870 debug: Target(editor) build started.
15:59:01.872 debug: Detected change: cce:/internal/x/prerequisite-imports. Last mtime: Thu Jan 01 1970 07:09:20 GMT+0700 (Indochina Time), Current mtime: Thu Jan 01 1970 07:11:11 GMT+0700 (Indochina Time)
15:59:01.872 debug: Inspect cce:/internal/x/prerequisite-imports
15:59:01.909 debug: transform url: 'cce:/internal/x/prerequisite-imports' costs: 36.10 ms
15:59:01.911 debug: Resolve file:///C:/ProgramData/cocos/editors/Creator/3.8.8/resources/resources/3d/engine/editor/assets/default_renderpipeline/builtin-dof-pass.ts from cce:/internal/x/prerequisite-imports as file:///C:/ProgramData/cocos/editors/Creator/3.8.8/resources/resources/3d/engine/editor/assets/default_renderpipeline/builtin-dof-pass.ts.
15:59:01.912 debug: Resolve file:///C:/ProgramData/cocos/editors/Creator/3.8.8/resources/resources/3d/engine/editor/assets/default_renderpipeline/builtin-pipeline-pass.ts from cce:/internal/x/prerequisite-imports as file:///C:/ProgramData/cocos/editors/Creator/3.8.8/resources/resources/3d/engine/editor/assets/default_renderpipeline/builtin-pipeline-pass.ts.
15:59:01.913 debug: Resolve file:///C:/ProgramData/cocos/editors/Creator/3.8.8/resources/resources/3d/engine/editor/assets/default_renderpipeline/builtin-pipeline-settings.ts from cce:/internal/x/prerequisite-imports as file:///C:/ProgramData/cocos/editors/Creator/3.8.8/resources/resources/3d/engine/editor/assets/default_renderpipeline/builtin-pipeline-settings.ts.
15:59:01.914 debug: Resolve file:///C:/ProgramData/cocos/editors/Creator/3.8.8/resources/resources/3d/engine/editor/assets/default_renderpipeline/builtin-pipeline-types.ts from cce:/internal/x/prerequisite-imports as file:///C:/ProgramData/cocos/editors/Creator/3.8.8/resources/resources/3d/engine/editor/assets/default_renderpipeline/builtin-pipeline-types.ts.
15:59:01.915 debug: Resolve file:///C:/ProgramData/cocos/editors/Creator/3.8.8/resources/resources/3d/engine/editor/assets/default_renderpipeline/builtin-pipeline.ts from cce:/internal/x/prerequisite-imports as file:///C:/ProgramData/cocos/editors/Creator/3.8.8/resources/resources/3d/engine/editor/assets/default_renderpipeline/builtin-pipeline.ts.
15:59:01.915 debug: Resolve file:///C:/ProgramData/cocos/editors/Creator/3.8.8/resources/resources/3d/engine/editor/assets/tools/debug-view-runtime-control.ts from cce:/internal/x/prerequisite-imports as file:///C:/ProgramData/cocos/editors/Creator/3.8.8/resources/resources/3d/engine/editor/assets/tools/debug-view-runtime-control.ts.
15:59:01.916 debug: Resolve file:///F:/CocosProject/PLY_Roomtopia_Cocos/assets/7.Scripts/Gameplay/Data.ts from cce:/internal/x/prerequisite-imports as file:///F:/CocosProject/PLY_Roomtopia_Cocos/assets/7.Scripts/Gameplay/Data.ts.
15:59:01.916 debug: Resolve file:///F:/CocosProject/PLY_Roomtopia_Cocos/assets/7.Scripts/Manager/AssetsManagerCustom.ts from cce:/internal/x/prerequisite-imports as file:///F:/CocosProject/PLY_Roomtopia_Cocos/assets/7.Scripts/Manager/AssetsManagerCustom.ts.
15:59:01.917 debug: Resolve file:///F:/CocosProject/PLY_Roomtopia_Cocos/assets/7.Scripts/Manager/Clock.ts from cce:/internal/x/prerequisite-imports as file:///F:/CocosProject/PLY_Roomtopia_Cocos/assets/7.Scripts/Manager/Clock.ts.
15:59:01.917 debug: Resolve file:///F:/CocosProject/PLY_Roomtopia_Cocos/assets/7.Scripts/Manager/InputManager.ts from cce:/internal/x/prerequisite-imports as file:///F:/CocosProject/PLY_Roomtopia_Cocos/assets/7.Scripts/Manager/InputManager.ts.
15:59:01.918 debug: Resolve file:///F:/CocosProject/PLY_Roomtopia_Cocos/assets/7.Scripts/Manager/Joystick.ts from cce:/internal/x/prerequisite-imports as file:///F:/CocosProject/PLY_Roomtopia_Cocos/assets/7.Scripts/Manager/Joystick.ts.
15:59:01.918 debug: Resolve file:///F:/CocosProject/PLY_Roomtopia_Cocos/assets/7.Scripts/Manager/MainCamera.ts from cce:/internal/x/prerequisite-imports as file:///F:/CocosProject/PLY_Roomtopia_Cocos/assets/7.Scripts/Manager/MainCamera.ts.
15:59:01.918 debug: Resolve file:///F:/CocosProject/PLY_Roomtopia_Cocos/assets/7.Scripts/Manager/PointerController.ts from cce:/internal/x/prerequisite-imports as file:///F:/CocosProject/PLY_Roomtopia_Cocos/assets/7.Scripts/Manager/PointerController.ts.
15:59:01.919 debug: Resolve file:///F:/CocosProject/PLY_Roomtopia_Cocos/assets/7.Scripts/Manager/SoundManager.ts from cce:/internal/x/prerequisite-imports as file:///F:/CocosProject/PLY_Roomtopia_Cocos/assets/7.Scripts/Manager/SoundManager.ts.
15:59:01.919 debug: Resolve file:///F:/CocosProject/PLY_Roomtopia_Cocos/assets/7.Scripts/Manager/UI.ts from cce:/internal/x/prerequisite-imports as file:///F:/CocosProject/PLY_Roomtopia_Cocos/assets/7.Scripts/Manager/UI.ts.
15:59:01.920 debug: Resolve file:///F:/CocosProject/PLY_Roomtopia_Cocos/assets/7.Scripts/Manager/VFX.ts from cce:/internal/x/prerequisite-imports as file:///F:/CocosProject/PLY_Roomtopia_Cocos/assets/7.Scripts/Manager/VFX.ts.
15:59:01.920 debug: Resolve file:///F:/CocosProject/PLY_Roomtopia_Cocos/assets/7.Scripts/Manager/World.ts from cce:/internal/x/prerequisite-imports as file:///F:/CocosProject/PLY_Roomtopia_Cocos/assets/7.Scripts/Manager/World.ts.
15:59:01.920 debug: Resolve file:///F:/CocosProject/PLY_Roomtopia_Cocos/assets/7.Scripts/MatchAsset/MatchSprite.ts from cce:/internal/x/prerequisite-imports as file:///F:/CocosProject/PLY_Roomtopia_Cocos/assets/7.Scripts/MatchAsset/MatchSprite.ts.
15:59:01.921 debug: Resolve file:///F:/CocosProject/PLY_Roomtopia_Cocos/assets/7.Scripts/MatchAsset/NodeOrder.ts from cce:/internal/x/prerequisite-imports as file:///F:/CocosProject/PLY_Roomtopia_Cocos/assets/7.Scripts/MatchAsset/NodeOrder.ts.
15:59:01.921 debug: Resolve file:///F:/CocosProject/PLY_Roomtopia_Cocos/assets/7.Scripts/MatchAsset/ReadImagePixel.ts from cce:/internal/x/prerequisite-imports as file:///F:/CocosProject/PLY_Roomtopia_Cocos/assets/7.Scripts/MatchAsset/ReadImagePixel.ts.
15:59:01.922 debug: Resolve file:///F:/CocosProject/PLY_Roomtopia_Cocos/assets/7.Scripts/MatchAsset/SpriteSizeSetter.ts from cce:/internal/x/prerequisite-imports as file:///F:/CocosProject/PLY_Roomtopia_Cocos/assets/7.Scripts/MatchAsset/SpriteSizeSetter.ts.
15:59:01.922 debug: Resolve file:///F:/CocosProject/PLY_Roomtopia_Cocos/assets/7.Scripts/MatchAsset/Ulis.ts from cce:/internal/x/prerequisite-imports as file:///F:/CocosProject/PLY_Roomtopia_Cocos/assets/7.Scripts/MatchAsset/Ulis.ts.
15:59:01.923 debug: Resolve file:///F:/CocosProject/PLY_Roomtopia_Cocos/assets/7.Scripts/Misc/AStar.ts from cce:/internal/x/prerequisite-imports as file:///F:/CocosProject/PLY_Roomtopia_Cocos/assets/7.Scripts/Misc/AStar.ts.
15:59:01.924 debug: Resolve file:///F:/CocosProject/PLY_Roomtopia_Cocos/assets/7.Scripts/Misc/Black.ts from cce:/internal/x/prerequisite-imports as file:///F:/CocosProject/PLY_Roomtopia_Cocos/assets/7.Scripts/Misc/Black.ts.
15:59:01.925 debug: Resolve file:///F:/CocosProject/PLY_Roomtopia_Cocos/assets/7.Scripts/Misc/Cloud.ts from cce:/internal/x/prerequisite-imports as file:///F:/CocosProject/PLY_Roomtopia_Cocos/assets/7.Scripts/Misc/Cloud.ts.
15:59:01.925 debug: Resolve file:///F:/CocosProject/PLY_Roomtopia_Cocos/assets/7.Scripts/Misc/IQ.ts from cce:/internal/x/prerequisite-imports as file:///F:/CocosProject/PLY_Roomtopia_Cocos/assets/7.Scripts/Misc/IQ.ts.
15:59:01.927 debug: Resolve file:///F:/CocosProject/PLY_Roomtopia_Cocos/assets/7.Scripts/Misc/Mats.ts from cce:/internal/x/prerequisite-imports as file:///F:/CocosProject/PLY_Roomtopia_Cocos/assets/7.Scripts/Misc/Mats.ts.
15:59:01.927 debug: Resolve file:///F:/CocosProject/PLY_Roomtopia_Cocos/assets/7.Scripts/Misc/MeshLoader.ts from cce:/internal/x/prerequisite-imports as file:///F:/CocosProject/PLY_Roomtopia_Cocos/assets/7.Scripts/Misc/MeshLoader.ts.
15:59:01.928 debug: Resolve file:///F:/CocosProject/PLY_Roomtopia_Cocos/assets/7.Scripts/Misc/SkinManager.ts from cce:/internal/x/prerequisite-imports as file:///F:/CocosProject/PLY_Roomtopia_Cocos/assets/7.Scripts/Misc/SkinManager.ts.
15:59:01.929 debug: Resolve file:///F:/CocosProject/PLY_Roomtopia_Cocos/assets/7.Scripts/Misc/SplineLineRenderer.ts from cce:/internal/x/prerequisite-imports as file:///F:/CocosProject/PLY_Roomtopia_Cocos/assets/7.Scripts/Misc/SplineLineRenderer.ts.
15:59:01.929 debug: Resolve file:///F:/CocosProject/PLY_Roomtopia_Cocos/assets/7.Scripts/Misc/Tool.ts from cce:/internal/x/prerequisite-imports as file:///F:/CocosProject/PLY_Roomtopia_Cocos/assets/7.Scripts/Misc/Tool.ts.
15:59:01.930 debug: Resolve file:///F:/CocosProject/PLY_Roomtopia_Cocos/assets/7.Scripts/Misc/Tooth.ts from cce:/internal/x/prerequisite-imports as file:///F:/CocosProject/PLY_Roomtopia_Cocos/assets/7.Scripts/Misc/Tooth.ts.
15:59:01.930 debug: Resolve file:///F:/CocosProject/PLY_Roomtopia_Cocos/assets/7.Scripts/Misc/Ulis.ts from cce:/internal/x/prerequisite-imports as file:///F:/CocosProject/PLY_Roomtopia_Cocos/assets/7.Scripts/Misc/Ulis.ts.
15:59:01.931 debug: Resolve file:///F:/CocosProject/PLY_Roomtopia_Cocos/assets/7.Scripts/MyScript/Config/TrayConfig.ts from cce:/internal/x/prerequisite-imports as file:///F:/CocosProject/PLY_Roomtopia_Cocos/assets/7.Scripts/MyScript/Config/TrayConfig.ts.
15:59:01.931 debug: Resolve file:///F:/CocosProject/PLY_Roomtopia_Cocos/assets/7.Scripts/MyScript/Item/BottomBar.ts from cce:/internal/x/prerequisite-imports as file:///F:/CocosProject/PLY_Roomtopia_Cocos/assets/7.Scripts/MyScript/Item/BottomBar.ts.
15:59:01.932 debug: Resolve file:///F:/CocosProject/PLY_Roomtopia_Cocos/assets/7.Scripts/MyScript/Item/BoxBg.ts from cce:/internal/x/prerequisite-imports as file:///F:/CocosProject/PLY_Roomtopia_Cocos/assets/7.Scripts/MyScript/Item/BoxBg.ts.
15:59:01.933 debug: Resolve file:///F:/CocosProject/PLY_Roomtopia_Cocos/assets/7.Scripts/MyScript/Item/FitInBox.ts from cce:/internal/x/prerequisite-imports as file:///F:/CocosProject/PLY_Roomtopia_Cocos/assets/7.Scripts/MyScript/Item/FitInBox.ts.
15:59:01.933 debug: Detected change: file:///F:/CocosProject/PLY_Roomtopia_Cocos/assets/7.Scripts/MyScript/Item/FitInBox.ts. Last mtime: Tue Sep 22 2026 15:11:09 GMT+0700 (Indochina Time)@f17b0c4e-3a52-4d9b-8e21-6c0d5a9b7e31, Current mtime: Tue Sep 22 2026 15:58:23 GMT+0700 (Indochina Time)@f17b0c4e-3a52-4d9b-8e21-6c0d5a9b7e31
15:59:01.933 debug: Inspect file:///F:/CocosProject/PLY_Roomtopia_Cocos/assets/7.Scripts/MyScript/Item/FitInBox.ts
15:59:02.057 debug: transform url: 'file:///F:/CocosProject/PLY_Roomtopia_Cocos/assets/7.Scripts/MyScript/Item/FitInBox.ts' costs: 124.10 ms
15:59:02.060 debug: Resolve file:///F:/CocosProject/PLY_Roomtopia_Cocos/assets/7.Scripts/MyScript/Item/ItemController.ts from cce:/internal/x/prerequisite-imports as file:///F:/CocosProject/PLY_Roomtopia_Cocos/assets/7.Scripts/MyScript/Item/ItemController.ts.
15:59:02.060 debug: Resolve file:///F:/CocosProject/PLY_Roomtopia_Cocos/assets/7.Scripts/MyScript/Item/ItemGraphic.ts from cce:/internal/x/prerequisite-imports as file:///F:/CocosProject/PLY_Roomtopia_Cocos/assets/7.Scripts/MyScript/Item/ItemGraphic.ts.
15:59:02.061 debug: Resolve file:///F:/CocosProject/PLY_Roomtopia_Cocos/assets/7.Scripts/MyScript/Item/ItemMovement.ts from cce:/internal/x/prerequisite-imports as file:///F:/CocosProject/PLY_Roomtopia_Cocos/assets/7.Scripts/MyScript/Item/ItemMovement.ts.
15:59:02.061 debug: Resolve file:///F:/CocosProject/PLY_Roomtopia_Cocos/assets/7.Scripts/MyScript/Item/QuadImage.ts from cce:/internal/x/prerequisite-imports as file:///F:/CocosProject/PLY_Roomtopia_Cocos/assets/7.Scripts/MyScript/Item/QuadImage.ts.
15:59:02.062 debug: Resolve file:///F:/CocosProject/PLY_Roomtopia_Cocos/assets/7.Scripts/MyScript/Item/ZoomSlider.ts from cce:/internal/x/prerequisite-imports as file:///F:/CocosProject/PLY_Roomtopia_Cocos/assets/7.Scripts/MyScript/Item/ZoomSlider.ts.
15:59:02.062 debug: Detected change: file:///F:/CocosProject/PLY_Roomtopia_Cocos/assets/7.Scripts/MyScript/Item/ZoomSlider.ts. Last mtime: Tue Sep 22 2026 15:56:20 GMT+0700 (Indochina Time)@ba854627-9265-4b8e-8394-02fd1f1a2e14, Current mtime: Tue Sep 22 2026 15:58:47 GMT+0700 (Indochina Time)@ba854627-9265-4b8e-8394-02fd1f1a2e14
15:59:02.062 debug: Inspect file:///F:/CocosProject/PLY_Roomtopia_Cocos/assets/7.Scripts/MyScript/Item/ZoomSlider.ts
15:59:02.121 debug: transform url: 'file:///F:/CocosProject/PLY_Roomtopia_Cocos/assets/7.Scripts/MyScript/Item/ZoomSlider.ts' costs: 59.10 ms
15:59:02.123 debug: Resolve file:///F:/CocosProject/PLY_Roomtopia_Cocos/assets/7.Scripts/MyScript/Manager/GameManager.ts from cce:/internal/x/prerequisite-imports as file:///F:/CocosProject/PLY_Roomtopia_Cocos/assets/7.Scripts/MyScript/Manager/GameManager.ts.
15:59:02.123 debug: Resolve file:///F:/CocosProject/PLY_Roomtopia_Cocos/assets/7.Scripts/MyScript/Manager/HandHintManager.ts from cce:/internal/x/prerequisite-imports as file:///F:/CocosProject/PLY_Roomtopia_Cocos/assets/7.Scripts/MyScript/Manager/HandHintManager.ts.
15:59:02.124 debug: Resolve file:///F:/CocosProject/PLY_Roomtopia_Cocos/assets/7.Scripts/MyScript/Manager/ItemManager.ts from cce:/internal/x/prerequisite-imports as file:///F:/CocosProject/PLY_Roomtopia_Cocos/assets/7.Scripts/MyScript/Manager/ItemManager.ts.
15:59:02.124 debug: Resolve file:///F:/CocosProject/PLY_Roomtopia_Cocos/assets/7.Scripts/MyScript/Manager/ModelRotate.ts from cce:/internal/x/prerequisite-imports as file:///F:/CocosProject/PLY_Roomtopia_Cocos/assets/7.Scripts/MyScript/Manager/ModelRotate.ts.
15:59:02.125 debug: Resolve file:///F:/CocosProject/PLY_Roomtopia_Cocos/assets/7.Scripts/MyScript/ScriptTemplate/ComponentCache.ts from cce:/internal/x/prerequisite-imports as file:///F:/CocosProject/PLY_Roomtopia_Cocos/assets/7.Scripts/MyScript/ScriptTemplate/ComponentCache.ts.
15:59:02.125 debug: Resolve file:///F:/CocosProject/PLY_Roomtopia_Cocos/assets/7.Scripts/MyScript/ScriptTemplate/Ply_GameUnit.ts from cce:/internal/x/prerequisite-imports as file:///F:/CocosProject/PLY_Roomtopia_Cocos/assets/7.Scripts/MyScript/ScriptTemplate/Ply_GameUnit.ts.
15:59:02.125 debug: Resolve file:///F:/CocosProject/PLY_Roomtopia_Cocos/assets/7.Scripts/MyScript/ScriptTemplate/Ply_Pool.ts from cce:/internal/x/prerequisite-imports as file:///F:/CocosProject/PLY_Roomtopia_Cocos/assets/7.Scripts/MyScript/ScriptTemplate/Ply_Pool.ts.
15:59:02.126 debug: Resolve file:///F:/CocosProject/PLY_Roomtopia_Cocos/assets/7.Scripts/MyScript/ScriptTemplate/Ply_Singleton.ts from cce:/internal/x/prerequisite-imports as file:///F:/CocosProject/PLY_Roomtopia_Cocos/assets/7.Scripts/MyScript/ScriptTemplate/Ply_Singleton.ts.
15:59:02.126 debug: Resolve file:///F:/CocosProject/PLY_Roomtopia_Cocos/assets/7.Scripts/MyScript/ScriptTemplate/Ply_SoundManager.ts from cce:/internal/x/prerequisite-imports as file:///F:/CocosProject/PLY_Roomtopia_Cocos/assets/7.Scripts/MyScript/ScriptTemplate/Ply_SoundManager.ts.
15:59:02.127 debug: Resolve file:///F:/CocosProject/PLY_Roomtopia_Cocos/assets/7.Scripts/MyScript/ScriptTemplate/Ply_Types.ts from cce:/internal/x/prerequisite-imports as file:///F:/CocosProject/PLY_Roomtopia_Cocos/assets/7.Scripts/MyScript/ScriptTemplate/Ply_Types.ts.
15:59:02.127 debug: Resolve file:///F:/CocosProject/PLY_Roomtopia_Cocos/assets/7.Scripts/MyScript/ScriptTemplate/Yielders.ts from cce:/internal/x/prerequisite-imports as file:///F:/CocosProject/PLY_Roomtopia_Cocos/assets/7.Scripts/MyScript/ScriptTemplate/Yielders.ts.
15:59:02.128 debug: Resolve file:///F:/CocosProject/PLY_Roomtopia_Cocos/assets/7.Scripts/MyScript/Utils/SnapEffect.ts from cce:/internal/x/prerequisite-imports as file:///F:/CocosProject/PLY_Roomtopia_Cocos/assets/7.Scripts/MyScript/Utils/SnapEffect.ts.
15:59:02.128 debug: Detected change: file:///F:/CocosProject/PLY_Roomtopia_Cocos/assets/7.Scripts/MyScript/Utils/SnapEffect.ts. Last mtime: Tue Sep 22 2026 13:57:09 GMT+0700 (Indochina Time)@b20530d8-e1d2-477a-8802-6ad83263fcf2, Current mtime: Tue Sep 22 2026 15:58:23 GMT+0700 (Indochina Time)@b20530d8-e1d2-477a-8802-6ad83263fcf2
15:59:02.128 debug: Inspect file:///F:/CocosProject/PLY_Roomtopia_Cocos/assets/7.Scripts/MyScript/Utils/SnapEffect.ts
15:59:02.233 debug: transform url: 'file:///F:/CocosProject/PLY_Roomtopia_Cocos/assets/7.Scripts/MyScript/Utils/SnapEffect.ts' costs: 105.30 ms
15:59:02.236 debug: Resolve file:///F:/CocosProject/PLY_Roomtopia_Cocos/assets/7.Scripts/MyScript/Utils/WinReact.ts from cce:/internal/x/prerequisite-imports as file:///F:/CocosProject/PLY_Roomtopia_Cocos/assets/7.Scripts/MyScript/Utils/WinReact.ts.
15:59:02.237 debug: Resolve file:///F:/CocosProject/PLY_Roomtopia_Cocos/assets/7.Scripts/Pool/PoolControl.ts from cce:/internal/x/prerequisite-imports as file:///F:/CocosProject/PLY_Roomtopia_Cocos/assets/7.Scripts/Pool/PoolControl.ts.
15:59:02.238 debug: Resolve file:///F:/CocosProject/PLY_Roomtopia_Cocos/assets/7.Scripts/Pool/PoolManager.ts from cce:/internal/x/prerequisite-imports as file:///F:/CocosProject/PLY_Roomtopia_Cocos/assets/7.Scripts/Pool/PoolManager.ts.
15:59:02.239 debug: Resolve file:///F:/CocosProject/PLY_Roomtopia_Cocos/assets/7.Scripts/Pool/PoolMember.ts from cce:/internal/x/prerequisite-imports as file:///F:/CocosProject/PLY_Roomtopia_Cocos/assets/7.Scripts/Pool/PoolMember.ts.
15:59:02.241 debug: Resolve file:///F:/CocosProject/PLY_Roomtopia_Cocos/assets/7.Scripts/Sand/SandSimulation.ts from cce:/internal/x/prerequisite-imports as file:///F:/CocosProject/PLY_Roomtopia_Cocos/assets/7.Scripts/Sand/SandSimulation.ts.
15:59:02.242 debug: Resolve file:///F:/CocosProject/PLY_Roomtopia_Cocos/assets/7.Scripts/Tool/AppLovinAnalytics.ts from cce:/internal/x/prerequisite-imports as file:///F:/CocosProject/PLY_Roomtopia_Cocos/assets/7.Scripts/Tool/AppLovinAnalytics.ts.
15:59:02.246 debug: Resolve file:///F:/CocosProject/PLY_Roomtopia_Cocos/assets/7.Scripts/Tool/GameController.ts from cce:/internal/x/prerequisite-imports as file:///F:/CocosProject/PLY_Roomtopia_Cocos/assets/7.Scripts/Tool/GameController.ts.
15:59:02.247 debug: Resolve cce:/internal/code-quality/cr.mjs from file:///F:/CocosProject/PLY_Roomtopia_Cocos/assets/7.Scripts/MyScript/Item/FitInBox.ts as cce:/internal/code-quality/cr.mjs.
15:59:02.248 debug: Resolve cc from file:///F:/CocosProject/PLY_Roomtopia_Cocos/assets/7.Scripts/MyScript/Item/FitInBox.ts as cce:/internal/x/cc.
15:59:02.248 debug: Resolve cc from file:///F:/CocosProject/PLY_Roomtopia_Cocos/assets/7.Scripts/MyScript/Item/FitInBox.ts as cce:/internal/x/cc.
15:59:02.248 debug: Resolve cc from file:///F:/CocosProject/PLY_Roomtopia_Cocos/assets/7.Scripts/MyScript/Item/FitInBox.ts as cce:/internal/x/cc.
15:59:02.249 debug: Resolve ./BoxBg from file:///F:/CocosProject/PLY_Roomtopia_Cocos/assets/7.Scripts/MyScript/Item/FitInBox.ts as file:///F:/CocosProject/PLY_Roomtopia_Cocos/assets/7.Scripts/MyScript/Item/BoxBg.ts.
15:59:02.249 debug: Resolve cc/env from file:///F:/CocosProject/PLY_Roomtopia_Cocos/assets/7.Scripts/MyScript/Item/FitInBox.ts as external dependency cc/env.
15:59:02.249 debug: Resolve cce:/internal/code-quality/cr.mjs from file:///F:/CocosProject/PLY_Roomtopia_Cocos/assets/7.Scripts/MyScript/Item/ZoomSlider.ts as cce:/internal/code-quality/cr.mjs.
15:59:02.249 debug: Resolve cc from file:///F:/CocosProject/PLY_Roomtopia_Cocos/assets/7.Scripts/MyScript/Item/ZoomSlider.ts as cce:/internal/x/cc.
15:59:02.249 debug: Resolve cc from file:///F:/CocosProject/PLY_Roomtopia_Cocos/assets/7.Scripts/MyScript/Item/ZoomSlider.ts as cce:/internal/x/cc.
15:59:02.249 debug: Resolve cc from file:///F:/CocosProject/PLY_Roomtopia_Cocos/assets/7.Scripts/MyScript/Item/ZoomSlider.ts as cce:/internal/x/cc.
15:59:02.249 debug: Resolve cc/env from file:///F:/CocosProject/PLY_Roomtopia_Cocos/assets/7.Scripts/MyScript/Item/ZoomSlider.ts as external dependency cc/env.
15:59:02.250 debug: Resolve ../../Manager/UI from file:///F:/CocosProject/PLY_Roomtopia_Cocos/assets/7.Scripts/MyScript/Item/ZoomSlider.ts as file:///F:/CocosProject/PLY_Roomtopia_Cocos/assets/7.Scripts/Manager/UI.ts.
15:59:02.251 debug: Resolve cce:/internal/code-quality/cr.mjs from file:///F:/CocosProject/PLY_Roomtopia_Cocos/assets/7.Scripts/MyScript/Utils/SnapEffect.ts as cce:/internal/code-quality/cr.mjs.
15:59:02.251 debug: Resolve cc from file:///F:/CocosProject/PLY_Roomtopia_Cocos/assets/7.Scripts/MyScript/Utils/SnapEffect.ts as cce:/internal/x/cc.
15:59:02.251 debug: Resolve cc from file:///F:/CocosProject/PLY_Roomtopia_Cocos/assets/7.Scripts/MyScript/Utils/SnapEffect.ts as cce:/internal/x/cc.
15:59:02.251 debug: Resolve cc from file:///F:/CocosProject/PLY_Roomtopia_Cocos/assets/7.Scripts/MyScript/Utils/SnapEffect.ts as cce:/internal/x/cc.
15:59:02.254 debug: Resolve ./WinReact from file:///F:/CocosProject/PLY_Roomtopia_Cocos/assets/7.Scripts/MyScript/Utils/SnapEffect.ts as file:///F:/CocosProject/PLY_Roomtopia_Cocos/assets/7.Scripts/MyScript/Utils/WinReact.ts.
15:59:02.255 debug: Resolve ../Manager/GameManager from file:///F:/CocosProject/PLY_Roomtopia_Cocos/assets/7.Scripts/MyScript/Utils/SnapEffect.ts as file:///F:/CocosProject/PLY_Roomtopia_Cocos/assets/7.Scripts/MyScript/Manager/GameManager.ts.
15:59:02.257 debug: Resolve ../Item/ItemGraphic from file:///F:/CocosProject/PLY_Roomtopia_Cocos/assets/7.Scripts/MyScript/Utils/SnapEffect.ts as file:///F:/CocosProject/PLY_Roomtopia_Cocos/assets/7.Scripts/MyScript/Item/ItemGraphic.ts.
15:59:02.257 debug: Resolve ../../Manager/UI from file:///F:/CocosProject/PLY_Roomtopia_Cocos/assets/7.Scripts/MyScript/Utils/SnapEffect.ts as file:///F:/CocosProject/PLY_Roomtopia_Cocos/assets/7.Scripts/Manager/UI.ts.
15:59:02.362 debug: Target(editor) ends with cost 491.62369999999646ms.
15:59:02.365 debug: Target(preview) build started.
15:59:02.370 debug: Detected change: cce:/internal/x/prerequisite-imports. Last mtime: Thu Jan 01 1970 07:09:21 GMT+0700 (Indochina Time), Current mtime: Thu Jan 01 1970 07:11:11 GMT+0700 (Indochina Time)
15:59:02.370 debug: Inspect cce:/internal/x/prerequisite-imports
15:59:02.396 debug: transform url: 'cce:/internal/x/prerequisite-imports' costs: 26.10 ms
15:59:02.398 debug: Resolve file:///C:/ProgramData/cocos/editors/Creator/3.8.8/resources/resources/3d/engine/editor/assets/default_renderpipeline/builtin-dof-pass.ts from cce:/internal/x/prerequisite-imports as file:///C:/ProgramData/cocos/editors/Creator/3.8.8/resources/resources/3d/engine/editor/assets/default_renderpipeline/builtin-dof-pass.ts.
15:59:02.399 debug: Resolve file:///C:/ProgramData/cocos/editors/Creator/3.8.8/resources/resources/3d/engine/editor/assets/default_renderpipeline/builtin-pipeline-pass.ts from cce:/internal/x/prerequisite-imports as file:///C:/ProgramData/cocos/editors/Creator/3.8.8/resources/resources/3d/engine/editor/assets/default_renderpipeline/builtin-pipeline-pass.ts.
15:59:02.400 debug: Resolve file:///C:/ProgramData/cocos/editors/Creator/3.8.8/resources/resources/3d/engine/editor/assets/default_renderpipeline/builtin-pipeline-settings.ts from cce:/internal/x/prerequisite-imports as file:///C:/ProgramData/cocos/editors/Creator/3.8.8/resources/resources/3d/engine/editor/assets/default_renderpipeline/builtin-pipeline-settings.ts.
15:59:02.401 debug: Resolve file:///C:/ProgramData/cocos/editors/Creator/3.8.8/resources/resources/3d/engine/editor/assets/default_renderpipeline/builtin-pipeline-types.ts from cce:/internal/x/prerequisite-imports as file:///C:/ProgramData/cocos/editors/Creator/3.8.8/resources/resources/3d/engine/editor/assets/default_renderpipeline/builtin-pipeline-types.ts.
15:59:02.403 debug: Resolve file:///C:/ProgramData/cocos/editors/Creator/3.8.8/resources/resources/3d/engine/editor/assets/default_renderpipeline/builtin-pipeline.ts from cce:/internal/x/prerequisite-imports as file:///C:/ProgramData/cocos/editors/Creator/3.8.8/resources/resources/3d/engine/editor/assets/default_renderpipeline/builtin-pipeline.ts.
15:59:02.404 debug: Resolve file:///C:/ProgramData/cocos/editors/Creator/3.8.8/resources/resources/3d/engine/editor/assets/tools/debug-view-runtime-control.ts from cce:/internal/x/prerequisite-imports as file:///C:/ProgramData/cocos/editors/Creator/3.8.8/resources/resources/3d/engine/editor/assets/tools/debug-view-runtime-control.ts.
15:59:02.404 debug: Resolve file:///F:/CocosProject/PLY_Roomtopia_Cocos/assets/7.Scripts/Gameplay/Data.ts from cce:/internal/x/prerequisite-imports as file:///F:/CocosProject/PLY_Roomtopia_Cocos/assets/7.Scripts/Gameplay/Data.ts.
15:59:02.405 debug: Resolve file:///F:/CocosProject/PLY_Roomtopia_Cocos/assets/7.Scripts/Manager/AssetsManagerCustom.ts from cce:/internal/x/prerequisite-imports as file:///F:/CocosProject/PLY_Roomtopia_Cocos/assets/7.Scripts/Manager/AssetsManagerCustom.ts.
15:59:02.405 debug: Resolve file:///F:/CocosProject/PLY_Roomtopia_Cocos/assets/7.Scripts/Manager/Clock.ts from cce:/internal/x/prerequisite-imports as file:///F:/CocosProject/PLY_Roomtopia_Cocos/assets/7.Scripts/Manager/Clock.ts.
15:59:02.406 debug: Resolve file:///F:/CocosProject/PLY_Roomtopia_Cocos/assets/7.Scripts/Manager/InputManager.ts from cce:/internal/x/prerequisite-imports as file:///F:/CocosProject/PLY_Roomtopia_Cocos/assets/7.Scripts/Manager/InputManager.ts.
15:59:02.406 debug: Resolve file:///F:/CocosProject/PLY_Roomtopia_Cocos/assets/7.Scripts/Manager/Joystick.ts from cce:/internal/x/prerequisite-imports as file:///F:/CocosProject/PLY_Roomtopia_Cocos/assets/7.Scripts/Manager/Joystick.ts.
15:59:02.406 debug: Resolve file:///F:/CocosProject/PLY_Roomtopia_Cocos/assets/7.Scripts/Manager/MainCamera.ts from cce:/internal/x/prerequisite-imports as file:///F:/CocosProject/PLY_Roomtopia_Cocos/assets/7.Scripts/Manager/MainCamera.ts.
15:59:02.407 debug: Resolve file:///F:/CocosProject/PLY_Roomtopia_Cocos/assets/7.Scripts/Manager/PointerController.ts from cce:/internal/x/prerequisite-imports as file:///F:/CocosProject/PLY_Roomtopia_Cocos/assets/7.Scripts/Manager/PointerController.ts.
15:59:02.407 debug: Resolve file:///F:/CocosProject/PLY_Roomtopia_Cocos/assets/7.Scripts/Manager/SoundManager.ts from cce:/internal/x/prerequisite-imports as file:///F:/CocosProject/PLY_Roomtopia_Cocos/assets/7.Scripts/Manager/SoundManager.ts.
15:59:02.408 debug: Resolve file:///F:/CocosProject/PLY_Roomtopia_Cocos/assets/7.Scripts/Manager/UI.ts from cce:/internal/x/prerequisite-imports as file:///F:/CocosProject/PLY_Roomtopia_Cocos/assets/7.Scripts/Manager/UI.ts.
15:59:02.408 debug: Resolve file:///F:/CocosProject/PLY_Roomtopia_Cocos/assets/7.Scripts/Manager/VFX.ts from cce:/internal/x/prerequisite-imports as file:///F:/CocosProject/PLY_Roomtopia_Cocos/assets/7.Scripts/Manager/VFX.ts.
15:59:02.409 debug: Resolve file:///F:/CocosProject/PLY_Roomtopia_Cocos/assets/7.Scripts/Manager/World.ts from cce:/internal/x/prerequisite-imports as file:///F:/CocosProject/PLY_Roomtopia_Cocos/assets/7.Scripts/Manager/World.ts.
15:59:02.409 debug: Resolve file:///F:/CocosProject/PLY_Roomtopia_Cocos/assets/7.Scripts/MatchAsset/MatchSprite.ts from cce:/internal/x/prerequisite-imports as file:///F:/CocosProject/PLY_Roomtopia_Cocos/assets/7.Scripts/MatchAsset/MatchSprite.ts.
15:59:02.409 debug: Resolve file:///F:/CocosProject/PLY_Roomtopia_Cocos/assets/7.Scripts/MatchAsset/NodeOrder.ts from cce:/internal/x/prerequisite-imports as file:///F:/CocosProject/PLY_Roomtopia_Cocos/assets/7.Scripts/MatchAsset/NodeOrder.ts.
15:59:02.410 debug: Resolve file:///F:/CocosProject/PLY_Roomtopia_Cocos/assets/7.Scripts/MatchAsset/ReadImagePixel.ts from cce:/internal/x/prerequisite-imports as file:///F:/CocosProject/PLY_Roomtopia_Cocos/assets/7.Scripts/MatchAsset/ReadImagePixel.ts.
15:59:02.410 debug: Resolve file:///F:/CocosProject/PLY_Roomtopia_Cocos/assets/7.Scripts/MatchAsset/SpriteSizeSetter.ts from cce:/internal/x/prerequisite-imports as file:///F:/CocosProject/PLY_Roomtopia_Cocos/assets/7.Scripts/MatchAsset/SpriteSizeSetter.ts.
15:59:02.411 debug: Resolve file:///F:/CocosProject/PLY_Roomtopia_Cocos/assets/7.Scripts/MatchAsset/Ulis.ts from cce:/internal/x/prerequisite-imports as file:///F:/CocosProject/PLY_Roomtopia_Cocos/assets/7.Scripts/MatchAsset/Ulis.ts.
15:59:02.411 debug: Resolve file:///F:/CocosProject/PLY_Roomtopia_Cocos/assets/7.Scripts/Misc/AStar.ts from cce:/internal/x/prerequisite-imports as file:///F:/CocosProject/PLY_Roomtopia_Cocos/assets/7.Scripts/Misc/AStar.ts.
15:59:02.411 debug: Resolve file:///F:/CocosProject/PLY_Roomtopia_Cocos/assets/7.Scripts/Misc/Black.ts from cce:/internal/x/prerequisite-imports as file:///F:/CocosProject/PLY_Roomtopia_Cocos/assets/7.Scripts/Misc/Black.ts.
15:59:02.412 debug: Resolve file:///F:/CocosProject/PLY_Roomtopia_Cocos/assets/7.Scripts/Misc/Cloud.ts from cce:/internal/x/prerequisite-imports as file:///F:/CocosProject/PLY_Roomtopia_Cocos/assets/7.Scripts/Misc/Cloud.ts.
15:59:02.412 debug: Resolve file:///F:/CocosProject/PLY_Roomtopia_Cocos/assets/7.Scripts/Misc/IQ.ts from cce:/internal/x/prerequisite-imports as file:///F:/CocosProject/PLY_Roomtopia_Cocos/assets/7.Scripts/Misc/IQ.ts.
15:59:02.413 debug: Resolve file:///F:/CocosProject/PLY_Roomtopia_Cocos/assets/7.Scripts/Misc/Mats.ts from cce:/internal/x/prerequisite-imports as file:///F:/CocosProject/PLY_Roomtopia_Cocos/assets/7.Scripts/Misc/Mats.ts.
15:59:02.413 debug: Resolve file:///F:/CocosProject/PLY_Roomtopia_Cocos/assets/7.Scripts/Misc/MeshLoader.ts from cce:/internal/x/prerequisite-imports as file:///F:/CocosProject/PLY_Roomtopia_Cocos/assets/7.Scripts/Misc/MeshLoader.ts.
15:59:02.414 debug: Resolve file:///F:/CocosProject/PLY_Roomtopia_Cocos/assets/7.Scripts/Misc/SkinManager.ts from cce:/internal/x/prerequisite-imports as file:///F:/CocosProject/PLY_Roomtopia_Cocos/assets/7.Scripts/Misc/SkinManager.ts.
15:59:02.414 debug: Resolve file:///F:/CocosProject/PLY_Roomtopia_Cocos/assets/7.Scripts/Misc/SplineLineRenderer.ts from cce:/internal/x/prerequisite-imports as file:///F:/CocosProject/PLY_Roomtopia_Cocos/assets/7.Scripts/Misc/SplineLineRenderer.ts.
15:59:02.415 debug: Resolve file:///F:/CocosProject/PLY_Roomtopia_Cocos/assets/7.Scripts/Misc/Tool.ts from cce:/internal/x/prerequisite-imports as file:///F:/CocosProject/PLY_Roomtopia_Cocos/assets/7.Scripts/Misc/Tool.ts.
15:59:02.416 debug: Resolve file:///F:/CocosProject/PLY_Roomtopia_Cocos/assets/7.Scripts/Misc/Tooth.ts from cce:/internal/x/prerequisite-imports as file:///F:/CocosProject/PLY_Roomtopia_Cocos/assets/7.Scripts/Misc/Tooth.ts.
15:59:02.417 debug: Resolve file:///F:/CocosProject/PLY_Roomtopia_Cocos/assets/7.Scripts/Misc/Ulis.ts from cce:/internal/x/prerequisite-imports as file:///F:/CocosProject/PLY_Roomtopia_Cocos/assets/7.Scripts/Misc/Ulis.ts.
15:59:02.417 debug: Resolve file:///F:/CocosProject/PLY_Roomtopia_Cocos/assets/7.Scripts/MyScript/Config/TrayConfig.ts from cce:/internal/x/prerequisite-imports as file:///F:/CocosProject/PLY_Roomtopia_Cocos/assets/7.Scripts/MyScript/Config/TrayConfig.ts.
15:59:02.419 debug: Resolve file:///F:/CocosProject/PLY_Roomtopia_Cocos/assets/7.Scripts/MyScript/Item/BottomBar.ts from cce:/internal/x/prerequisite-imports as file:///F:/CocosProject/PLY_Roomtopia_Cocos/assets/7.Scripts/MyScript/Item/BottomBar.ts.
15:59:02.419 debug: Resolve file:///F:/CocosProject/PLY_Roomtopia_Cocos/assets/7.Scripts/MyScript/Item/BoxBg.ts from cce:/internal/x/prerequisite-imports as file:///F:/CocosProject/PLY_Roomtopia_Cocos/assets/7.Scripts/MyScript/Item/BoxBg.ts.
15:59:02.420 debug: Resolve file:///F:/CocosProject/PLY_Roomtopia_Cocos/assets/7.Scripts/MyScript/Item/FitInBox.ts from cce:/internal/x/prerequisite-imports as file:///F:/CocosProject/PLY_Roomtopia_Cocos/assets/7.Scripts/MyScript/Item/FitInBox.ts.
15:59:02.420 debug: Detected change: file:///F:/CocosProject/PLY_Roomtopia_Cocos/assets/7.Scripts/MyScript/Item/FitInBox.ts. Last mtime: Tue Sep 22 2026 15:11:09 GMT+0700 (Indochina Time)@f17b0c4e-3a52-4d9b-8e21-6c0d5a9b7e31, Current mtime: Tue Sep 22 2026 15:58:23 GMT+0700 (Indochina Time)@f17b0c4e-3a52-4d9b-8e21-6c0d5a9b7e31
15:59:02.420 debug: Inspect file:///F:/CocosProject/PLY_Roomtopia_Cocos/assets/7.Scripts/MyScript/Item/FitInBox.ts
15:59:02.773 debug: transform url: 'file:///F:/CocosProject/PLY_Roomtopia_Cocos/assets/7.Scripts/MyScript/Item/FitInBox.ts' costs: 352.80 ms
15:59:02.803 debug: Resolve file:///F:/CocosProject/PLY_Roomtopia_Cocos/assets/7.Scripts/MyScript/Item/ItemController.ts from cce:/internal/x/prerequisite-imports as file:///F:/CocosProject/PLY_Roomtopia_Cocos/assets/7.Scripts/MyScript/Item/ItemController.ts.
15:59:02.803 debug: Resolve file:///F:/CocosProject/PLY_Roomtopia_Cocos/assets/7.Scripts/MyScript/Item/ItemGraphic.ts from cce:/internal/x/prerequisite-imports as file:///F:/CocosProject/PLY_Roomtopia_Cocos/assets/7.Scripts/MyScript/Item/ItemGraphic.ts.
15:59:02.828 debug: Resolve file:///F:/CocosProject/PLY_Roomtopia_Cocos/assets/7.Scripts/MyScript/Item/ItemMovement.ts from cce:/internal/x/prerequisite-imports as file:///F:/CocosProject/PLY_Roomtopia_Cocos/assets/7.Scripts/MyScript/Item/ItemMovement.ts.
15:59:02.828 debug: Resolve file:///F:/CocosProject/PLY_Roomtopia_Cocos/assets/7.Scripts/MyScript/Item/QuadImage.ts from cce:/internal/x/prerequisite-imports as file:///F:/CocosProject/PLY_Roomtopia_Cocos/assets/7.Scripts/MyScript/Item/QuadImage.ts.
15:59:02.829 debug: Resolve file:///F:/CocosProject/PLY_Roomtopia_Cocos/assets/7.Scripts/MyScript/Item/ZoomSlider.ts from cce:/internal/x/prerequisite-imports as file:///F:/CocosProject/PLY_Roomtopia_Cocos/assets/7.Scripts/MyScript/Item/ZoomSlider.ts.
15:59:02.829 debug: Detected change: file:///F:/CocosProject/PLY_Roomtopia_Cocos/assets/7.Scripts/MyScript/Item/ZoomSlider.ts. Last mtime: Tue Sep 22 2026 15:56:20 GMT+0700 (Indochina Time)@ba854627-9265-4b8e-8394-02fd1f1a2e14, Current mtime: Tue Sep 22 2026 15:58:47 GMT+0700 (Indochina Time)@ba854627-9265-4b8e-8394-02fd1f1a2e14
15:59:02.829 debug: Inspect file:///F:/CocosProject/PLY_Roomtopia_Cocos/assets/7.Scripts/MyScript/Item/ZoomSlider.ts
15:59:02.962 debug: transform url: 'file:///F:/CocosProject/PLY_Roomtopia_Cocos/assets/7.Scripts/MyScript/Item/ZoomSlider.ts' costs: 133.00 ms
15:59:02.977 debug: Resolve file:///F:/CocosProject/PLY_Roomtopia_Cocos/assets/7.Scripts/MyScript/Manager/GameManager.ts from cce:/internal/x/prerequisite-imports as file:///F:/CocosProject/PLY_Roomtopia_Cocos/assets/7.Scripts/MyScript/Manager/GameManager.ts.
15:59:02.985 debug: Resolve file:///F:/CocosProject/PLY_Roomtopia_Cocos/assets/7.Scripts/MyScript/Manager/HandHintManager.ts from cce:/internal/x/prerequisite-imports as file:///F:/CocosProject/PLY_Roomtopia_Cocos/assets/7.Scripts/MyScript/Manager/HandHintManager.ts.
15:59:02.985 debug: Resolve file:///F:/CocosProject/PLY_Roomtopia_Cocos/assets/7.Scripts/MyScript/Manager/ItemManager.ts from cce:/internal/x/prerequisite-imports as file:///F:/CocosProject/PLY_Roomtopia_Cocos/assets/7.Scripts/MyScript/Manager/ItemManager.ts.
15:59:02.986 debug: Resolve file:///F:/CocosProject/PLY_Roomtopia_Cocos/assets/7.Scripts/MyScript/Manager/ModelRotate.ts from cce:/internal/x/prerequisite-imports as file:///F:/CocosProject/PLY_Roomtopia_Cocos/assets/7.Scripts/MyScript/Manager/ModelRotate.ts.
15:59:02.987 debug: Resolve file:///F:/CocosProject/PLY_Roomtopia_Cocos/assets/7.Scripts/MyScript/ScriptTemplate/ComponentCache.ts from cce:/internal/x/prerequisite-imports as file:///F:/CocosProject/PLY_Roomtopia_Cocos/assets/7.Scripts/MyScript/ScriptTemplate/ComponentCache.ts.
15:59:02.988 debug: Resolve file:///F:/CocosProject/PLY_Roomtopia_Cocos/assets/7.Scripts/MyScript/ScriptTemplate/Ply_GameUnit.ts from cce:/internal/x/prerequisite-imports as file:///F:/CocosProject/PLY_Roomtopia_Cocos/assets/7.Scripts/MyScript/ScriptTemplate/Ply_GameUnit.ts.
15:59:02.989 debug: Resolve file:///F:/CocosProject/PLY_Roomtopia_Cocos/assets/7.Scripts/MyScript/ScriptTemplate/Ply_Pool.ts from cce:/internal/x/prerequisite-imports as file:///F:/CocosProject/PLY_Roomtopia_Cocos/assets/7.Scripts/MyScript/ScriptTemplate/Ply_Pool.ts.
15:59:02.991 debug: Resolve file:///F:/CocosProject/PLY_Roomtopia_Cocos/assets/7.Scripts/MyScript/ScriptTemplate/Ply_Singleton.ts from cce:/internal/x/prerequisite-imports as file:///F:/CocosProject/PLY_Roomtopia_Cocos/assets/7.Scripts/MyScript/ScriptTemplate/Ply_Singleton.ts.
15:59:02.992 debug: Resolve file:///F:/CocosProject/PLY_Roomtopia_Cocos/assets/7.Scripts/MyScript/ScriptTemplate/Ply_SoundManager.ts from cce:/internal/x/prerequisite-imports as file:///F:/CocosProject/PLY_Roomtopia_Cocos/assets/7.Scripts/MyScript/ScriptTemplate/Ply_SoundManager.ts.
15:59:02.993 debug: Resolve file:///F:/CocosProject/PLY_Roomtopia_Cocos/assets/7.Scripts/MyScript/ScriptTemplate/Ply_Types.ts from cce:/internal/x/prerequisite-imports as file:///F:/CocosProject/PLY_Roomtopia_Cocos/assets/7.Scripts/MyScript/ScriptTemplate/Ply_Types.ts.
15:59:02.994 debug: Resolve file:///F:/CocosProject/PLY_Roomtopia_Cocos/assets/7.Scripts/MyScript/ScriptTemplate/Yielders.ts from cce:/internal/x/prerequisite-imports as file:///F:/CocosProject/PLY_Roomtopia_Cocos/assets/7.Scripts/MyScript/ScriptTemplate/Yielders.ts.
15:59:02.995 debug: Resolve file:///F:/CocosProject/PLY_Roomtopia_Cocos/assets/7.Scripts/MyScript/Utils/SnapEffect.ts from cce:/internal/x/prerequisite-imports as file:///F:/CocosProject/PLY_Roomtopia_Cocos/assets/7.Scripts/MyScript/Utils/SnapEffect.ts.
15:59:02.995 debug: Detected change: file:///F:/CocosProject/PLY_Roomtopia_Cocos/assets/7.Scripts/MyScript/Utils/SnapEffect.ts. Last mtime: Tue Sep 22 2026 13:57:09 GMT+0700 (Indochina Time)@b20530d8-e1d2-477a-8802-6ad83263fcf2, Current mtime: Tue Sep 22 2026 15:58:23 GMT+0700 (Indochina Time)@b20530d8-e1d2-477a-8802-6ad83263fcf2
15:59:02.995 debug: Inspect file:///F:/CocosProject/PLY_Roomtopia_Cocos/assets/7.Scripts/MyScript/Utils/SnapEffect.ts
15:59:03.253 debug: transform url: 'file:///F:/CocosProject/PLY_Roomtopia_Cocos/assets/7.Scripts/MyScript/Utils/SnapEffect.ts' costs: 257.90 ms
15:59:03.266 debug: Resolve file:///F:/CocosProject/PLY_Roomtopia_Cocos/assets/7.Scripts/MyScript/Utils/WinReact.ts from cce:/internal/x/prerequisite-imports as file:///F:/CocosProject/PLY_Roomtopia_Cocos/assets/7.Scripts/MyScript/Utils/WinReact.ts.
15:59:03.275 debug: Resolve file:///F:/CocosProject/PLY_Roomtopia_Cocos/assets/7.Scripts/Pool/PoolControl.ts from cce:/internal/x/prerequisite-imports as file:///F:/CocosProject/PLY_Roomtopia_Cocos/assets/7.Scripts/Pool/PoolControl.ts.
15:59:03.276 debug: Resolve file:///F:/CocosProject/PLY_Roomtopia_Cocos/assets/7.Scripts/Pool/PoolManager.ts from cce:/internal/x/prerequisite-imports as file:///F:/CocosProject/PLY_Roomtopia_Cocos/assets/7.Scripts/Pool/PoolManager.ts.
15:59:03.279 debug: Resolve file:///F:/CocosProject/PLY_Roomtopia_Cocos/assets/7.Scripts/Pool/PoolMember.ts from cce:/internal/x/prerequisite-imports as file:///F:/CocosProject/PLY_Roomtopia_Cocos/assets/7.Scripts/Pool/PoolMember.ts.
15:59:03.280 debug: Resolve file:///F:/CocosProject/PLY_Roomtopia_Cocos/assets/7.Scripts/Sand/SandSimulation.ts from cce:/internal/x/prerequisite-imports as file:///F:/CocosProject/PLY_Roomtopia_Cocos/assets/7.Scripts/Sand/SandSimulation.ts.
15:59:03.280 debug: Resolve file:///F:/CocosProject/PLY_Roomtopia_Cocos/assets/7.Scripts/Tool/AppLovinAnalytics.ts from cce:/internal/x/prerequisite-imports as file:///F:/CocosProject/PLY_Roomtopia_Cocos/assets/7.Scripts/Tool/AppLovinAnalytics.ts.
15:59:03.283 debug: Resolve file:///F:/CocosProject/PLY_Roomtopia_Cocos/assets/7.Scripts/Tool/GameController.ts from cce:/internal/x/prerequisite-imports as file:///F:/CocosProject/PLY_Roomtopia_Cocos/assets/7.Scripts/Tool/GameController.ts.
15:59:03.284 debug: Resolve cce:/internal/code-quality/cr.mjs from file:///F:/CocosProject/PLY_Roomtopia_Cocos/assets/7.Scripts/MyScript/Item/FitInBox.ts as cce:/internal/code-quality/cr.mjs.
15:59:03.284 debug: Resolve cc from file:///F:/CocosProject/PLY_Roomtopia_Cocos/assets/7.Scripts/MyScript/Item/FitInBox.ts as cce:/internal/x/cc.
15:59:03.284 debug: Resolve cc from file:///F:/CocosProject/PLY_Roomtopia_Cocos/assets/7.Scripts/MyScript/Item/FitInBox.ts as cce:/internal/x/cc.
15:59:03.285 debug: Resolve cc from file:///F:/CocosProject/PLY_Roomtopia_Cocos/assets/7.Scripts/MyScript/Item/FitInBox.ts as cce:/internal/x/cc.
15:59:03.286 debug: Resolve ./BoxBg from file:///F:/CocosProject/PLY_Roomtopia_Cocos/assets/7.Scripts/MyScript/Item/FitInBox.ts as file:///F:/CocosProject/PLY_Roomtopia_Cocos/assets/7.Scripts/MyScript/Item/BoxBg.ts.
15:59:03.286 debug: Resolve cc/env from file:///F:/CocosProject/PLY_Roomtopia_Cocos/assets/7.Scripts/MyScript/Item/FitInBox.ts as external dependency cc/env.
15:59:03.286 debug: Resolve cce:/internal/code-quality/cr.mjs from file:///F:/CocosProject/PLY_Roomtopia_Cocos/assets/7.Scripts/MyScript/Item/ZoomSlider.ts as cce:/internal/code-quality/cr.mjs.
15:59:03.286 debug: Resolve cc from file:///F:/CocosProject/PLY_Roomtopia_Cocos/assets/7.Scripts/MyScript/Item/ZoomSlider.ts as cce:/internal/x/cc.
15:59:03.286 debug: Resolve cc from file:///F:/CocosProject/PLY_Roomtopia_Cocos/assets/7.Scripts/MyScript/Item/ZoomSlider.ts as cce:/internal/x/cc.
15:59:03.286 debug: Resolve cc from file:///F:/CocosProject/PLY_Roomtopia_Cocos/assets/7.Scripts/MyScript/Item/ZoomSlider.ts as cce:/internal/x/cc.
15:59:03.286 debug: Resolve cc/env from file:///F:/CocosProject/PLY_Roomtopia_Cocos/assets/7.Scripts/MyScript/Item/ZoomSlider.ts as external dependency cc/env.
15:59:03.287 debug: Resolve ../../Manager/UI from file:///F:/CocosProject/PLY_Roomtopia_Cocos/assets/7.Scripts/MyScript/Item/ZoomSlider.ts as file:///F:/CocosProject/PLY_Roomtopia_Cocos/assets/7.Scripts/Manager/UI.ts.
15:59:03.287 debug: Resolve cce:/internal/code-quality/cr.mjs from file:///F:/CocosProject/PLY_Roomtopia_Cocos/assets/7.Scripts/MyScript/Utils/SnapEffect.ts as cce:/internal/code-quality/cr.mjs.
15:59:03.287 debug: Resolve cc from file:///F:/CocosProject/PLY_Roomtopia_Cocos/assets/7.Scripts/MyScript/Utils/SnapEffect.ts as cce:/internal/x/cc.
15:59:03.288 debug: Resolve cc from file:///F:/CocosProject/PLY_Roomtopia_Cocos/assets/7.Scripts/MyScript/Utils/SnapEffect.ts as cce:/internal/x/cc.
15:59:03.288 debug: Resolve cc from file:///F:/CocosProject/PLY_Roomtopia_Cocos/assets/7.Scripts/MyScript/Utils/SnapEffect.ts as cce:/internal/x/cc.
15:59:03.288 debug: Resolve ./WinReact from file:///F:/CocosProject/PLY_Roomtopia_Cocos/assets/7.Scripts/MyScript/Utils/SnapEffect.ts as file:///F:/CocosProject/PLY_Roomtopia_Cocos/assets/7.Scripts/MyScript/Utils/WinReact.ts.
15:59:03.290 debug: Resolve ../Manager/GameManager from file:///F:/CocosProject/PLY_Roomtopia_Cocos/assets/7.Scripts/MyScript/Utils/SnapEffect.ts as file:///F:/CocosProject/PLY_Roomtopia_Cocos/assets/7.Scripts/MyScript/Manager/GameManager.ts.
15:59:03.291 debug: Resolve ../Item/ItemGraphic from file:///F:/CocosProject/PLY_Roomtopia_Cocos/assets/7.Scripts/MyScript/Utils/SnapEffect.ts as file:///F:/CocosProject/PLY_Roomtopia_Cocos/assets/7.Scripts/MyScript/Item/ItemGraphic.ts.
15:59:03.291 debug: Resolve ../../Manager/UI from file:///F:/CocosProject/PLY_Roomtopia_Cocos/assets/7.Scripts/MyScript/Utils/SnapEffect.ts as file:///F:/CocosProject/PLY_Roomtopia_Cocos/assets/7.Scripts/Manager/UI.ts.
15:59:03.374 debug: Target(preview) ends with cost 1009.4944000000833ms.
16:04:06.229 debug: Dispatch build request for time accumulated 1 asset changes.
16:04:06.233 debug: Build iteration starts.
Number of accumulated asset changes: 1
Feature changed: false
16:04:06.234 debug: Target(editor) build started.
16:04:06.236 debug: Detected change: cce:/internal/x/prerequisite-imports. Last mtime: Thu Jan 01 1970 07:11:11 GMT+0700 (Indochina Time), Current mtime: Thu Jan 01 1970 07:16:15 GMT+0700 (Indochina Time)
16:04:06.236 debug: Inspect cce:/internal/x/prerequisite-imports
16:04:06.258 debug: transform url: 'cce:/internal/x/prerequisite-imports' costs: 21.60 ms
16:04:06.260 debug: Resolve file:///C:/ProgramData/cocos/editors/Creator/3.8.8/resources/resources/3d/engine/editor/assets/default_renderpipeline/builtin-dof-pass.ts from cce:/internal/x/prerequisite-imports as file:///C:/ProgramData/cocos/editors/Creator/3.8.8/resources/resources/3d/engine/editor/assets/default_renderpipeline/builtin-dof-pass.ts.
16:04:06.262 debug: Resolve file:///C:/ProgramData/cocos/editors/Creator/3.8.8/resources/resources/3d/engine/editor/assets/default_renderpipeline/builtin-pipeline-pass.ts from cce:/internal/x/prerequisite-imports as file:///C:/ProgramData/cocos/editors/Creator/3.8.8/resources/resources/3d/engine/editor/assets/default_renderpipeline/builtin-pipeline-pass.ts.
16:04:06.267 debug: Resolve file:///C:/ProgramData/cocos/editors/Creator/3.8.8/resources/resources/3d/engine/editor/assets/default_renderpipeline/builtin-pipeline-settings.ts from cce:/internal/x/prerequisite-imports as file:///C:/ProgramData/cocos/editors/Creator/3.8.8/resources/resources/3d/engine/editor/assets/default_renderpipeline/builtin-pipeline-settings.ts.
16:04:06.268 debug: Resolve file:///C:/ProgramData/cocos/editors/Creator/3.8.8/resources/resources/3d/engine/editor/assets/default_renderpipeline/builtin-pipeline-types.ts from cce:/internal/x/prerequisite-imports as file:///C:/ProgramData/cocos/editors/Creator/3.8.8/resources/resources/3d/engine/editor/assets/default_renderpipeline/builtin-pipeline-types.ts.
16:04:06.269 debug: Resolve file:///C:/ProgramData/cocos/editors/Creator/3.8.8/resources/resources/3d/engine/editor/assets/default_renderpipeline/builtin-pipeline.ts from cce:/internal/x/prerequisite-imports as file:///C:/ProgramData/cocos/editors/Creator/3.8.8/resources/resources/3d/engine/editor/assets/default_renderpipeline/builtin-pipeline.ts.
16:04:06.269 debug: Resolve file:///C:/ProgramData/cocos/editors/Creator/3.8.8/resources/resources/3d/engine/editor/assets/tools/debug-view-runtime-control.ts from cce:/internal/x/prerequisite-imports as file:///C:/ProgramData/cocos/editors/Creator/3.8.8/resources/resources/3d/engine/editor/assets/tools/debug-view-runtime-control.ts.
16:04:06.270 debug: Resolve file:///F:/CocosProject/PLY_Roomtopia_Cocos/assets/7.Scripts/Gameplay/Data.ts from cce:/internal/x/prerequisite-imports as file:///F:/CocosProject/PLY_Roomtopia_Cocos/assets/7.Scripts/Gameplay/Data.ts.
16:04:06.270 debug: Resolve file:///F:/CocosProject/PLY_Roomtopia_Cocos/assets/7.Scripts/Manager/AssetsManagerCustom.ts from cce:/internal/x/prerequisite-imports as file:///F:/CocosProject/PLY_Roomtopia_Cocos/assets/7.Scripts/Manager/AssetsManagerCustom.ts.
16:04:06.271 debug: Resolve file:///F:/CocosProject/PLY_Roomtopia_Cocos/assets/7.Scripts/Manager/Clock.ts from cce:/internal/x/prerequisite-imports as file:///F:/CocosProject/PLY_Roomtopia_Cocos/assets/7.Scripts/Manager/Clock.ts.
16:04:06.271 debug: Resolve file:///F:/CocosProject/PLY_Roomtopia_Cocos/assets/7.Scripts/Manager/InputManager.ts from cce:/internal/x/prerequisite-imports as file:///F:/CocosProject/PLY_Roomtopia_Cocos/assets/7.Scripts/Manager/InputManager.ts.
16:04:06.271 debug: Resolve file:///F:/CocosProject/PLY_Roomtopia_Cocos/assets/7.Scripts/Manager/Joystick.ts from cce:/internal/x/prerequisite-imports as file:///F:/CocosProject/PLY_Roomtopia_Cocos/assets/7.Scripts/Manager/Joystick.ts.
16:04:06.272 debug: Resolve file:///F:/CocosProject/PLY_Roomtopia_Cocos/assets/7.Scripts/Manager/MainCamera.ts from cce:/internal/x/prerequisite-imports as file:///F:/CocosProject/PLY_Roomtopia_Cocos/assets/7.Scripts/Manager/MainCamera.ts.
16:04:06.272 debug: Resolve file:///F:/CocosProject/PLY_Roomtopia_Cocos/assets/7.Scripts/Manager/PointerController.ts from cce:/internal/x/prerequisite-imports as file:///F:/CocosProject/PLY_Roomtopia_Cocos/assets/7.Scripts/Manager/PointerController.ts.
16:04:06.272 debug: Resolve file:///F:/CocosProject/PLY_Roomtopia_Cocos/assets/7.Scripts/Manager/SoundManager.ts from cce:/internal/x/prerequisite-imports as file:///F:/CocosProject/PLY_Roomtopia_Cocos/assets/7.Scripts/Manager/SoundManager.ts.
16:04:06.273 debug: Resolve file:///F:/CocosProject/PLY_Roomtopia_Cocos/assets/7.Scripts/Manager/UI.ts from cce:/internal/x/prerequisite-imports as file:///F:/CocosProject/PLY_Roomtopia_Cocos/assets/7.Scripts/Manager/UI.ts.
16:04:06.273 debug: Resolve file:///F:/CocosProject/PLY_Roomtopia_Cocos/assets/7.Scripts/Manager/VFX.ts from cce:/internal/x/prerequisite-imports as file:///F:/CocosProject/PLY_Roomtopia_Cocos/assets/7.Scripts/Manager/VFX.ts.
16:04:06.274 debug: Resolve file:///F:/CocosProject/PLY_Roomtopia_Cocos/assets/7.Scripts/Manager/World.ts from cce:/internal/x/prerequisite-imports as file:///F:/CocosProject/PLY_Roomtopia_Cocos/assets/7.Scripts/Manager/World.ts.
16:04:06.274 debug: Resolve file:///F:/CocosProject/PLY_Roomtopia_Cocos/assets/7.Scripts/MatchAsset/MatchSprite.ts from cce:/internal/x/prerequisite-imports as file:///F:/CocosProject/PLY_Roomtopia_Cocos/assets/7.Scripts/MatchAsset/MatchSprite.ts.
16:04:06.274 debug: Resolve file:///F:/CocosProject/PLY_Roomtopia_Cocos/assets/7.Scripts/MatchAsset/NodeOrder.ts from cce:/internal/x/prerequisite-imports as file:///F:/CocosProject/PLY_Roomtopia_Cocos/assets/7.Scripts/MatchAsset/NodeOrder.ts.
16:04:06.275 debug: Resolve file:///F:/CocosProject/PLY_Roomtopia_Cocos/assets/7.Scripts/MatchAsset/ReadImagePixel.ts from cce:/internal/x/prerequisite-imports as file:///F:/CocosProject/PLY_Roomtopia_Cocos/assets/7.Scripts/MatchAsset/ReadImagePixel.ts.
16:04:06.275 debug: Resolve file:///F:/CocosProject/PLY_Roomtopia_Cocos/assets/7.Scripts/MatchAsset/SpriteSizeSetter.ts from cce:/internal/x/prerequisite-imports as file:///F:/CocosProject/PLY_Roomtopia_Cocos/assets/7.Scripts/MatchAsset/SpriteSizeSetter.ts.
16:04:06.275 debug: Resolve file:///F:/CocosProject/PLY_Roomtopia_Cocos/assets/7.Scripts/MatchAsset/Ulis.ts from cce:/internal/x/prerequisite-imports as file:///F:/CocosProject/PLY_Roomtopia_Cocos/assets/7.Scripts/MatchAsset/Ulis.ts.
16:04:06.276 debug: Resolve file:///F:/CocosProject/PLY_Roomtopia_Cocos/assets/7.Scripts/Misc/AStar.ts from cce:/internal/x/prerequisite-imports as file:///F:/CocosProject/PLY_Roomtopia_Cocos/assets/7.Scripts/Misc/AStar.ts.
16:04:06.276 debug: Resolve file:///F:/CocosProject/PLY_Roomtopia_Cocos/assets/7.Scripts/Misc/Black.ts from cce:/internal/x/prerequisite-imports as file:///F:/CocosProject/PLY_Roomtopia_Cocos/assets/7.Scripts/Misc/Black.ts.
16:04:06.276 debug: Resolve file:///F:/CocosProject/PLY_Roomtopia_Cocos/assets/7.Scripts/Misc/Cloud.ts from cce:/internal/x/prerequisite-imports as file:///F:/CocosProject/PLY_Roomtopia_Cocos/assets/7.Scripts/Misc/Cloud.ts.
16:04:06.277 debug: Resolve file:///F:/CocosProject/PLY_Roomtopia_Cocos/assets/7.Scripts/Misc/IQ.ts from cce:/internal/x/prerequisite-imports as file:///F:/CocosProject/PLY_Roomtopia_Cocos/assets/7.Scripts/Misc/IQ.ts.
16:04:06.277 debug: Resolve file:///F:/CocosProject/PLY_Roomtopia_Cocos/assets/7.Scripts/Misc/Mats.ts from cce:/internal/x/prerequisite-imports as file:///F:/CocosProject/PLY_Roomtopia_Cocos/assets/7.Scripts/Misc/Mats.ts.
16:04:06.277 debug: Resolve file:///F:/CocosProject/PLY_Roomtopia_Cocos/assets/7.Scripts/Misc/MeshLoader.ts from cce:/internal/x/prerequisite-imports as file:///F:/CocosProject/PLY_Roomtopia_Cocos/assets/7.Scripts/Misc/MeshLoader.ts.
16:04:06.278 debug: Resolve file:///F:/CocosProject/PLY_Roomtopia_Cocos/assets/7.Scripts/Misc/SkinManager.ts from cce:/internal/x/prerequisite-imports as file:///F:/CocosProject/PLY_Roomtopia_Cocos/assets/7.Scripts/Misc/SkinManager.ts.
16:04:06.278 debug: Resolve file:///F:/CocosProject/PLY_Roomtopia_Cocos/assets/7.Scripts/Misc/SplineLineRenderer.ts from cce:/internal/x/prerequisite-imports as file:///F:/CocosProject/PLY_Roomtopia_Cocos/assets/7.Scripts/Misc/SplineLineRenderer.ts.
16:04:06.278 debug: Resolve file:///F:/CocosProject/PLY_Roomtopia_Cocos/assets/7.Scripts/Misc/Tool.ts from cce:/internal/x/prerequisite-imports as file:///F:/CocosProject/PLY_Roomtopia_Cocos/assets/7.Scripts/Misc/Tool.ts.
16:04:06.279 debug: Resolve file:///F:/CocosProject/PLY_Roomtopia_Cocos/assets/7.Scripts/Misc/Tooth.ts from cce:/internal/x/prerequisite-imports as file:///F:/CocosProject/PLY_Roomtopia_Cocos/assets/7.Scripts/Misc/Tooth.ts.
16:04:06.279 debug: Resolve file:///F:/CocosProject/PLY_Roomtopia_Cocos/assets/7.Scripts/Misc/Ulis.ts from cce:/internal/x/prerequisite-imports as file:///F:/CocosProject/PLY_Roomtopia_Cocos/assets/7.Scripts/Misc/Ulis.ts.
16:04:06.280 debug: Resolve file:///F:/CocosProject/PLY_Roomtopia_Cocos/assets/7.Scripts/MyScript/Config/TrayConfig.ts from cce:/internal/x/prerequisite-imports as file:///F:/CocosProject/PLY_Roomtopia_Cocos/assets/7.Scripts/MyScript/Config/TrayConfig.ts.
16:04:06.281 debug: Resolve file:///F:/CocosProject/PLY_Roomtopia_Cocos/assets/7.Scripts/MyScript/Item/BottomBar.ts from cce:/internal/x/prerequisite-imports as file:///F:/CocosProject/PLY_Roomtopia_Cocos/assets/7.Scripts/MyScript/Item/BottomBar.ts.
16:04:06.281 debug: Resolve file:///F:/CocosProject/PLY_Roomtopia_Cocos/assets/7.Scripts/MyScript/Item/BoxBg.ts from cce:/internal/x/prerequisite-imports as file:///F:/CocosProject/PLY_Roomtopia_Cocos/assets/7.Scripts/MyScript/Item/BoxBg.ts.
16:04:06.282 debug: Resolve file:///F:/CocosProject/PLY_Roomtopia_Cocos/assets/7.Scripts/MyScript/Item/FitInBox.ts from cce:/internal/x/prerequisite-imports as file:///F:/CocosProject/PLY_Roomtopia_Cocos/assets/7.Scripts/MyScript/Item/FitInBox.ts.
16:04:06.282 debug: Detected change: file:///F:/CocosProject/PLY_Roomtopia_Cocos/assets/7.Scripts/MyScript/Item/FitInBox.ts. Last mtime: Tue Sep 22 2026 15:58:23 GMT+0700 (Indochina Time)@f17b0c4e-3a52-4d9b-8e21-6c0d5a9b7e31, Current mtime: Tue Sep 22 2026 16:02:32 GMT+0700 (Indochina Time)@f17b0c4e-3a52-4d9b-8e21-6c0d5a9b7e31
16:04:06.282 debug: Inspect file:///F:/CocosProject/PLY_Roomtopia_Cocos/assets/7.Scripts/MyScript/Item/FitInBox.ts
16:04:06.380 debug: transform url: 'file:///F:/CocosProject/PLY_Roomtopia_Cocos/assets/7.Scripts/MyScript/Item/FitInBox.ts' costs: 98.30 ms
16:04:06.382 debug: Resolve file:///F:/CocosProject/PLY_Roomtopia_Cocos/assets/7.Scripts/MyScript/Item/ItemController.ts from cce:/internal/x/prerequisite-imports as file:///F:/CocosProject/PLY_Roomtopia_Cocos/assets/7.Scripts/MyScript/Item/ItemController.ts.
16:04:06.383 debug: Resolve file:///F:/CocosProject/PLY_Roomtopia_Cocos/assets/7.Scripts/MyScript/Item/ItemGraphic.ts from cce:/internal/x/prerequisite-imports as file:///F:/CocosProject/PLY_Roomtopia_Cocos/assets/7.Scripts/MyScript/Item/ItemGraphic.ts.
16:04:06.385 debug: Resolve file:///F:/CocosProject/PLY_Roomtopia_Cocos/assets/7.Scripts/MyScript/Item/ItemMovement.ts from cce:/internal/x/prerequisite-imports as file:///F:/CocosProject/PLY_Roomtopia_Cocos/assets/7.Scripts/MyScript/Item/ItemMovement.ts.
16:04:06.385 debug: Resolve file:///F:/CocosProject/PLY_Roomtopia_Cocos/assets/7.Scripts/MyScript/Item/QuadImage.ts from cce:/internal/x/prerequisite-imports as file:///F:/CocosProject/PLY_Roomtopia_Cocos/assets/7.Scripts/MyScript/Item/QuadImage.ts.
16:04:06.386 debug: Resolve file:///F:/CocosProject/PLY_Roomtopia_Cocos/assets/7.Scripts/MyScript/Item/ZoomSlider.ts from cce:/internal/x/prerequisite-imports as file:///F:/CocosProject/PLY_Roomtopia_Cocos/assets/7.Scripts/MyScript/Item/ZoomSlider.ts.
16:04:06.387 debug: Resolve file:///F:/CocosProject/PLY_Roomtopia_Cocos/assets/7.Scripts/MyScript/Manager/GameManager.ts from cce:/internal/x/prerequisite-imports as file:///F:/CocosProject/PLY_Roomtopia_Cocos/assets/7.Scripts/MyScript/Manager/GameManager.ts.
16:04:06.387 debug: Resolve file:///F:/CocosProject/PLY_Roomtopia_Cocos/assets/7.Scripts/MyScript/Manager/HandHintManager.ts from cce:/internal/x/prerequisite-imports as file:///F:/CocosProject/PLY_Roomtopia_Cocos/assets/7.Scripts/MyScript/Manager/HandHintManager.ts.
16:04:06.387 debug: Resolve file:///F:/CocosProject/PLY_Roomtopia_Cocos/assets/7.Scripts/MyScript/Manager/ItemManager.ts from cce:/internal/x/prerequisite-imports as file:///F:/CocosProject/PLY_Roomtopia_Cocos/assets/7.Scripts/MyScript/Manager/ItemManager.ts.
16:04:06.388 debug: Resolve file:///F:/CocosProject/PLY_Roomtopia_Cocos/assets/7.Scripts/MyScript/Manager/ModelRotate.ts from cce:/internal/x/prerequisite-imports as file:///F:/CocosProject/PLY_Roomtopia_Cocos/assets/7.Scripts/MyScript/Manager/ModelRotate.ts.
16:04:06.388 debug: Resolve file:///F:/CocosProject/PLY_Roomtopia_Cocos/assets/7.Scripts/MyScript/ScriptTemplate/ComponentCache.ts from cce:/internal/x/prerequisite-imports as file:///F:/CocosProject/PLY_Roomtopia_Cocos/assets/7.Scripts/MyScript/ScriptTemplate/ComponentCache.ts.
16:04:06.389 debug: Resolve file:///F:/CocosProject/PLY_Roomtopia_Cocos/assets/7.Scripts/MyScript/ScriptTemplate/Ply_GameUnit.ts from cce:/internal/x/prerequisite-imports as file:///F:/CocosProject/PLY_Roomtopia_Cocos/assets/7.Scripts/MyScript/ScriptTemplate/Ply_GameUnit.ts.
16:04:06.389 debug: Resolve file:///F:/CocosProject/PLY_Roomtopia_Cocos/assets/7.Scripts/MyScript/ScriptTemplate/Ply_Pool.ts from cce:/internal/x/prerequisite-imports as file:///F:/CocosProject/PLY_Roomtopia_Cocos/assets/7.Scripts/MyScript/ScriptTemplate/Ply_Pool.ts.
16:04:06.390 debug: Resolve file:///F:/CocosProject/PLY_Roomtopia_Cocos/assets/7.Scripts/MyScript/ScriptTemplate/Ply_Singleton.ts from cce:/internal/x/prerequisite-imports as file:///F:/CocosProject/PLY_Roomtopia_Cocos/assets/7.Scripts/MyScript/ScriptTemplate/Ply_Singleton.ts.
16:04:06.390 debug: Resolve file:///F:/CocosProject/PLY_Roomtopia_Cocos/assets/7.Scripts/MyScript/ScriptTemplate/Ply_SoundManager.ts from cce:/internal/x/prerequisite-imports as file:///F:/CocosProject/PLY_Roomtopia_Cocos/assets/7.Scripts/MyScript/ScriptTemplate/Ply_SoundManager.ts.
16:04:06.390 debug: Resolve file:///F:/CocosProject/PLY_Roomtopia_Cocos/assets/7.Scripts/MyScript/ScriptTemplate/Ply_Types.ts from cce:/internal/x/prerequisite-imports as file:///F:/CocosProject/PLY_Roomtopia_Cocos/assets/7.Scripts/MyScript/ScriptTemplate/Ply_Types.ts.
16:04:06.391 debug: Resolve file:///F:/CocosProject/PLY_Roomtopia_Cocos/assets/7.Scripts/MyScript/ScriptTemplate/Yielders.ts from cce:/internal/x/prerequisite-imports as file:///F:/CocosProject/PLY_Roomtopia_Cocos/assets/7.Scripts/MyScript/ScriptTemplate/Yielders.ts.
16:04:06.391 debug: Resolve file:///F:/CocosProject/PLY_Roomtopia_Cocos/assets/7.Scripts/MyScript/Utils/SnapEffect.ts from cce:/internal/x/prerequisite-imports as file:///F:/CocosProject/PLY_Roomtopia_Cocos/assets/7.Scripts/MyScript/Utils/SnapEffect.ts.
16:04:06.392 debug: Resolve file:///F:/CocosProject/PLY_Roomtopia_Cocos/assets/7.Scripts/MyScript/Utils/WinReact.ts from cce:/internal/x/prerequisite-imports as file:///F:/CocosProject/PLY_Roomtopia_Cocos/assets/7.Scripts/MyScript/Utils/WinReact.ts.
16:04:06.392 debug: Resolve file:///F:/CocosProject/PLY_Roomtopia_Cocos/assets/7.Scripts/Pool/PoolControl.ts from cce:/internal/x/prerequisite-imports as file:///F:/CocosProject/PLY_Roomtopia_Cocos/assets/7.Scripts/Pool/PoolControl.ts.
16:04:06.393 debug: Resolve file:///F:/CocosProject/PLY_Roomtopia_Cocos/assets/7.Scripts/Pool/PoolManager.ts from cce:/internal/x/prerequisite-imports as file:///F:/CocosProject/PLY_Roomtopia_Cocos/assets/7.Scripts/Pool/PoolManager.ts.
16:04:06.393 debug: Resolve file:///F:/CocosProject/PLY_Roomtopia_Cocos/assets/7.Scripts/Pool/PoolMember.ts from cce:/internal/x/prerequisite-imports as file:///F:/CocosProject/PLY_Roomtopia_Cocos/assets/7.Scripts/Pool/PoolMember.ts.
16:04:06.394 debug: Resolve file:///F:/CocosProject/PLY_Roomtopia_Cocos/assets/7.Scripts/Sand/SandSimulation.ts from cce:/internal/x/prerequisite-imports as file:///F:/CocosProject/PLY_Roomtopia_Cocos/assets/7.Scripts/Sand/SandSimulation.ts.
16:04:06.395 debug: Resolve file:///F:/CocosProject/PLY_Roomtopia_Cocos/assets/7.Scripts/Tool/AppLovinAnalytics.ts from cce:/internal/x/prerequisite-imports as file:///F:/CocosProject/PLY_Roomtopia_Cocos/assets/7.Scripts/Tool/AppLovinAnalytics.ts.
16:04:06.395 debug: Resolve file:///F:/CocosProject/PLY_Roomtopia_Cocos/assets/7.Scripts/Tool/GameController.ts from cce:/internal/x/prerequisite-imports as file:///F:/CocosProject/PLY_Roomtopia_Cocos/assets/7.Scripts/Tool/GameController.ts.
16:04:06.396 debug: Resolve cce:/internal/code-quality/cr.mjs from file:///F:/CocosProject/PLY_Roomtopia_Cocos/assets/7.Scripts/MyScript/Item/FitInBox.ts as cce:/internal/code-quality/cr.mjs.
16:04:06.396 debug: Resolve cc from file:///F:/CocosProject/PLY_Roomtopia_Cocos/assets/7.Scripts/MyScript/Item/FitInBox.ts as cce:/internal/x/cc.
16:04:06.396 debug: Resolve cc from file:///F:/CocosProject/PLY_Roomtopia_Cocos/assets/7.Scripts/MyScript/Item/FitInBox.ts as cce:/internal/x/cc.
16:04:06.396 debug: Resolve cc from file:///F:/CocosProject/PLY_Roomtopia_Cocos/assets/7.Scripts/MyScript/Item/FitInBox.ts as cce:/internal/x/cc.
16:04:06.397 debug: Resolve ./BoxBg from file:///F:/CocosProject/PLY_Roomtopia_Cocos/assets/7.Scripts/MyScript/Item/FitInBox.ts as file:///F:/CocosProject/PLY_Roomtopia_Cocos/assets/7.Scripts/MyScript/Item/BoxBg.ts.
16:04:06.397 debug: Resolve cc/env from file:///F:/CocosProject/PLY_Roomtopia_Cocos/assets/7.Scripts/MyScript/Item/FitInBox.ts as external dependency cc/env.
16:04:06.436 debug: Target(editor) ends with cost 201.96120000001974ms.
16:04:06.436 debug: Target(preview) build started.
16:04:06.440 debug: Detected change: cce:/internal/x/prerequisite-imports. Last mtime: Thu Jan 01 1970 07:11:11 GMT+0700 (Indochina Time), Current mtime: Thu Jan 01 1970 07:16:15 GMT+0700 (Indochina Time)
16:04:06.440 debug: Inspect cce:/internal/x/prerequisite-imports
16:04:06.466 debug: transform url: 'cce:/internal/x/prerequisite-imports' costs: 25.00 ms
16:04:06.470 debug: Resolve file:///C:/ProgramData/cocos/editors/Creator/3.8.8/resources/resources/3d/engine/editor/assets/default_renderpipeline/builtin-dof-pass.ts from cce:/internal/x/prerequisite-imports as file:///C:/ProgramData/cocos/editors/Creator/3.8.8/resources/resources/3d/engine/editor/assets/default_renderpipeline/builtin-dof-pass.ts.
16:04:06.471 debug: Resolve file:///C:/ProgramData/cocos/editors/Creator/3.8.8/resources/resources/3d/engine/editor/assets/default_renderpipeline/builtin-pipeline-pass.ts from cce:/internal/x/prerequisite-imports as file:///C:/ProgramData/cocos/editors/Creator/3.8.8/resources/resources/3d/engine/editor/assets/default_renderpipeline/builtin-pipeline-pass.ts.
16:04:06.472 debug: Resolve file:///C:/ProgramData/cocos/editors/Creator/3.8.8/resources/resources/3d/engine/editor/assets/default_renderpipeline/builtin-pipeline-settings.ts from cce:/internal/x/prerequisite-imports as file:///C:/ProgramData/cocos/editors/Creator/3.8.8/resources/resources/3d/engine/editor/assets/default_renderpipeline/builtin-pipeline-settings.ts.
16:04:06.473 debug: Resolve file:///C:/ProgramData/cocos/editors/Creator/3.8.8/resources/resources/3d/engine/editor/assets/default_renderpipeline/builtin-pipeline-types.ts from cce:/internal/x/prerequisite-imports as file:///C:/ProgramData/cocos/editors/Creator/3.8.8/resources/resources/3d/engine/editor/assets/default_renderpipeline/builtin-pipeline-types.ts.
16:04:06.474 debug: Resolve file:///C:/ProgramData/cocos/editors/Creator/3.8.8/resources/resources/3d/engine/editor/assets/default_renderpipeline/builtin-pipeline.ts from cce:/internal/x/prerequisite-imports as file:///C:/ProgramData/cocos/editors/Creator/3.8.8/resources/resources/3d/engine/editor/assets/default_renderpipeline/builtin-pipeline.ts.
16:04:06.475 debug: Resolve file:///C:/ProgramData/cocos/editors/Creator/3.8.8/resources/resources/3d/engine/editor/assets/tools/debug-view-runtime-control.ts from cce:/internal/x/prerequisite-imports as file:///C:/ProgramData/cocos/editors/Creator/3.8.8/resources/resources/3d/engine/editor/assets/tools/debug-view-runtime-control.ts.
16:04:06.475 debug: Resolve file:///F:/CocosProject/PLY_Roomtopia_Cocos/assets/7.Scripts/Gameplay/Data.ts from cce:/internal/x/prerequisite-imports as file:///F:/CocosProject/PLY_Roomtopia_Cocos/assets/7.Scripts/Gameplay/Data.ts.
16:04:06.476 debug: Resolve file:///F:/CocosProject/PLY_Roomtopia_Cocos/assets/7.Scripts/Manager/AssetsManagerCustom.ts from cce:/internal/x/prerequisite-imports as file:///F:/CocosProject/PLY_Roomtopia_Cocos/assets/7.Scripts/Manager/AssetsManagerCustom.ts.
16:04:06.476 debug: Resolve file:///F:/CocosProject/PLY_Roomtopia_Cocos/assets/7.Scripts/Manager/Clock.ts from cce:/internal/x/prerequisite-imports as file:///F:/CocosProject/PLY_Roomtopia_Cocos/assets/7.Scripts/Manager/Clock.ts.
16:04:06.476 debug: Resolve file:///F:/CocosProject/PLY_Roomtopia_Cocos/assets/7.Scripts/Manager/InputManager.ts from cce:/internal/x/prerequisite-imports as file:///F:/CocosProject/PLY_Roomtopia_Cocos/assets/7.Scripts/Manager/InputManager.ts.
16:04:06.477 debug: Resolve file:///F:/CocosProject/PLY_Roomtopia_Cocos/assets/7.Scripts/Manager/Joystick.ts from cce:/internal/x/prerequisite-imports as file:///F:/CocosProject/PLY_Roomtopia_Cocos/assets/7.Scripts/Manager/Joystick.ts.
16:04:06.477 debug: Resolve file:///F:/CocosProject/PLY_Roomtopia_Cocos/assets/7.Scripts/Manager/MainCamera.ts from cce:/internal/x/prerequisite-imports as file:///F:/CocosProject/PLY_Roomtopia_Cocos/assets/7.Scripts/Manager/MainCamera.ts.
16:04:06.478 debug: Resolve file:///F:/CocosProject/PLY_Roomtopia_Cocos/assets/7.Scripts/Manager/PointerController.ts from cce:/internal/x/prerequisite-imports as file:///F:/CocosProject/PLY_Roomtopia_Cocos/assets/7.Scripts/Manager/PointerController.ts.
16:04:06.479 debug: Resolve file:///F:/CocosProject/PLY_Roomtopia_Cocos/assets/7.Scripts/Manager/SoundManager.ts from cce:/internal/x/prerequisite-imports as file:///F:/CocosProject/PLY_Roomtopia_Cocos/assets/7.Scripts/Manager/SoundManager.ts.
16:04:06.479 debug: Resolve file:///F:/CocosProject/PLY_Roomtopia_Cocos/assets/7.Scripts/Manager/UI.ts from cce:/internal/x/prerequisite-imports as file:///F:/CocosProject/PLY_Roomtopia_Cocos/assets/7.Scripts/Manager/UI.ts.
16:04:06.481 debug: Resolve file:///F:/CocosProject/PLY_Roomtopia_Cocos/assets/7.Scripts/Manager/VFX.ts from cce:/internal/x/prerequisite-imports as file:///F:/CocosProject/PLY_Roomtopia_Cocos/assets/7.Scripts/Manager/VFX.ts.
16:04:06.481 debug: Resolve file:///F:/CocosProject/PLY_Roomtopia_Cocos/assets/7.Scripts/Manager/World.ts from cce:/internal/x/prerequisite-imports as file:///F:/CocosProject/PLY_Roomtopia_Cocos/assets/7.Scripts/Manager/World.ts.
16:04:06.482 debug: Resolve file:///F:/CocosProject/PLY_Roomtopia_Cocos/assets/7.Scripts/MatchAsset/MatchSprite.ts from cce:/internal/x/prerequisite-imports as file:///F:/CocosProject/PLY_Roomtopia_Cocos/assets/7.Scripts/MatchAsset/MatchSprite.ts.
16:04:06.482 debug: Resolve file:///F:/CocosProject/PLY_Roomtopia_Cocos/assets/7.Scripts/MatchAsset/NodeOrder.ts from cce:/internal/x/prerequisite-imports as file:///F:/CocosProject/PLY_Roomtopia_Cocos/assets/7.Scripts/MatchAsset/NodeOrder.ts.
16:04:06.483 debug: Resolve file:///F:/CocosProject/PLY_Roomtopia_Cocos/assets/7.Scripts/MatchAsset/ReadImagePixel.ts from cce:/internal/x/prerequisite-imports as file:///F:/CocosProject/PLY_Roomtopia_Cocos/assets/7.Scripts/MatchAsset/ReadImagePixel.ts.
16:04:06.483 debug: Resolve file:///F:/CocosProject/PLY_Roomtopia_Cocos/assets/7.Scripts/MatchAsset/SpriteSizeSetter.ts from cce:/internal/x/prerequisite-imports as file:///F:/CocosProject/PLY_Roomtopia_Cocos/assets/7.Scripts/MatchAsset/SpriteSizeSetter.ts.
16:04:06.484 debug: Resolve file:///F:/CocosProject/PLY_Roomtopia_Cocos/assets/7.Scripts/MatchAsset/Ulis.ts from cce:/internal/x/prerequisite-imports as file:///F:/CocosProject/PLY_Roomtopia_Cocos/assets/7.Scripts/MatchAsset/Ulis.ts.
16:04:06.484 debug: Resolve file:///F:/CocosProject/PLY_Roomtopia_Cocos/assets/7.Scripts/Misc/AStar.ts from cce:/internal/x/prerequisite-imports as file:///F:/CocosProject/PLY_Roomtopia_Cocos/assets/7.Scripts/Misc/AStar.ts.
16:04:06.484 debug: Resolve file:///F:/CocosProject/PLY_Roomtopia_Cocos/assets/7.Scripts/Misc/Black.ts from cce:/internal/x/prerequisite-imports as file:///F:/CocosProject/PLY_Roomtopia_Cocos/assets/7.Scripts/Misc/Black.ts.
16:04:06.485 debug: Resolve file:///F:/CocosProject/PLY_Roomtopia_Cocos/assets/7.Scripts/Misc/Cloud.ts from cce:/internal/x/prerequisite-imports as file:///F:/CocosProject/PLY_Roomtopia_Cocos/assets/7.Scripts/Misc/Cloud.ts.
16:04:06.485 debug: Resolve file:///F:/CocosProject/PLY_Roomtopia_Cocos/assets/7.Scripts/Misc/IQ.ts from cce:/internal/x/prerequisite-imports as file:///F:/CocosProject/PLY_Roomtopia_Cocos/assets/7.Scripts/Misc/IQ.ts.
16:04:06.486 debug: Resolve file:///F:/CocosProject/PLY_Roomtopia_Cocos/assets/7.Scripts/Misc/Mats.ts from cce:/internal/x/prerequisite-imports as file:///F:/CocosProject/PLY_Roomtopia_Cocos/assets/7.Scripts/Misc/Mats.ts.
16:04:06.486 debug: Resolve file:///F:/CocosProject/PLY_Roomtopia_Cocos/assets/7.Scripts/Misc/MeshLoader.ts from cce:/internal/x/prerequisite-imports as file:///F:/CocosProject/PLY_Roomtopia_Cocos/assets/7.Scripts/Misc/MeshLoader.ts.
16:04:06.486 debug: Resolve file:///F:/CocosProject/PLY_Roomtopia_Cocos/assets/7.Scripts/Misc/SkinManager.ts from cce:/internal/x/prerequisite-imports as file:///F:/CocosProject/PLY_Roomtopia_Cocos/assets/7.Scripts/Misc/SkinManager.ts.
16:04:06.487 debug: Resolve file:///F:/CocosProject/PLY_Roomtopia_Cocos/assets/7.Scripts/Misc/SplineLineRenderer.ts from cce:/internal/x/prerequisite-imports as file:///F:/CocosProject/PLY_Roomtopia_Cocos/assets/7.Scripts/Misc/SplineLineRenderer.ts.
16:04:06.487 debug: Resolve file:///F:/CocosProject/PLY_Roomtopia_Cocos/assets/7.Scripts/Misc/Tool.ts from cce:/internal/x/prerequisite-imports as file:///F:/CocosProject/PLY_Roomtopia_Cocos/assets/7.Scripts/Misc/Tool.ts.
16:04:06.488 debug: Resolve file:///F:/CocosProject/PLY_Roomtopia_Cocos/assets/7.Scripts/Misc/Tooth.ts from cce:/internal/x/prerequisite-imports as file:///F:/CocosProject/PLY_Roomtopia_Cocos/assets/7.Scripts/Misc/Tooth.ts.
16:04:06.488 debug: Resolve file:///F:/CocosProject/PLY_Roomtopia_Cocos/assets/7.Scripts/Misc/Ulis.ts from cce:/internal/x/prerequisite-imports as file:///F:/CocosProject/PLY_Roomtopia_Cocos/assets/7.Scripts/Misc/Ulis.ts.
16:04:06.489 debug: Resolve file:///F:/CocosProject/PLY_Roomtopia_Cocos/assets/7.Scripts/MyScript/Config/TrayConfig.ts from cce:/internal/x/prerequisite-imports as file:///F:/CocosProject/PLY_Roomtopia_Cocos/assets/7.Scripts/MyScript/Config/TrayConfig.ts.
16:04:06.490 debug: Resolve file:///F:/CocosProject/PLY_Roomtopia_Cocos/assets/7.Scripts/MyScript/Item/BottomBar.ts from cce:/internal/x/prerequisite-imports as file:///F:/CocosProject/PLY_Roomtopia_Cocos/assets/7.Scripts/MyScript/Item/BottomBar.ts.
16:04:06.490 debug: Resolve file:///F:/CocosProject/PLY_Roomtopia_Cocos/assets/7.Scripts/MyScript/Item/BoxBg.ts from cce:/internal/x/prerequisite-imports as file:///F:/CocosProject/PLY_Roomtopia_Cocos/assets/7.Scripts/MyScript/Item/BoxBg.ts.
16:04:06.491 debug: Resolve file:///F:/CocosProject/PLY_Roomtopia_Cocos/assets/7.Scripts/MyScript/Item/FitInBox.ts from cce:/internal/x/prerequisite-imports as file:///F:/CocosProject/PLY_Roomtopia_Cocos/assets/7.Scripts/MyScript/Item/FitInBox.ts.
16:04:06.491 debug: Detected change: file:///F:/CocosProject/PLY_Roomtopia_Cocos/assets/7.Scripts/MyScript/Item/FitInBox.ts. Last mtime: Tue Sep 22 2026 15:58:23 GMT+0700 (Indochina Time)@f17b0c4e-3a52-4d9b-8e21-6c0d5a9b7e31, Current mtime: Tue Sep 22 2026 16:02:32 GMT+0700 (Indochina Time)@f17b0c4e-3a52-4d9b-8e21-6c0d5a9b7e31
16:04:06.491 debug: Inspect file:///F:/CocosProject/PLY_Roomtopia_Cocos/assets/7.Scripts/MyScript/Item/FitInBox.ts
16:04:06.608 debug: transform url: 'file:///F:/CocosProject/PLY_Roomtopia_Cocos/assets/7.Scripts/MyScript/Item/FitInBox.ts' costs: 116.90 ms
16:04:06.611 debug: Resolve file:///F:/CocosProject/PLY_Roomtopia_Cocos/assets/7.Scripts/MyScript/Item/ItemController.ts from cce:/internal/x/prerequisite-imports as file:///F:/CocosProject/PLY_Roomtopia_Cocos/assets/7.Scripts/MyScript/Item/ItemController.ts.
16:04:06.612 debug: Resolve file:///F:/CocosProject/PLY_Roomtopia_Cocos/assets/7.Scripts/MyScript/Item/ItemGraphic.ts from cce:/internal/x/prerequisite-imports as file:///F:/CocosProject/PLY_Roomtopia_Cocos/assets/7.Scripts/MyScript/Item/ItemGraphic.ts.
16:04:06.619 debug: Resolve file:///F:/CocosProject/PLY_Roomtopia_Cocos/assets/7.Scripts/MyScript/Item/ItemMovement.ts from cce:/internal/x/prerequisite-imports as file:///F:/CocosProject/PLY_Roomtopia_Cocos/assets/7.Scripts/MyScript/Item/ItemMovement.ts.
16:04:06.620 debug: Resolve file:///F:/CocosProject/PLY_Roomtopia_Cocos/assets/7.Scripts/MyScript/Item/QuadImage.ts from cce:/internal/x/prerequisite-imports as file:///F:/CocosProject/PLY_Roomtopia_Cocos/assets/7.Scripts/MyScript/Item/QuadImage.ts.
16:04:06.622 debug: Resolve file:///F:/CocosProject/PLY_Roomtopia_Cocos/assets/7.Scripts/MyScript/Item/ZoomSlider.ts from cce:/internal/x/prerequisite-imports as file:///F:/CocosProject/PLY_Roomtopia_Cocos/assets/7.Scripts/MyScript/Item/ZoomSlider.ts.
16:04:06.624 debug: Resolve file:///F:/CocosProject/PLY_Roomtopia_Cocos/assets/7.Scripts/MyScript/Manager/GameManager.ts from cce:/internal/x/prerequisite-imports as file:///F:/CocosProject/PLY_Roomtopia_Cocos/assets/7.Scripts/MyScript/Manager/GameManager.ts.
16:04:06.625 debug: Resolve file:///F:/CocosProject/PLY_Roomtopia_Cocos/assets/7.Scripts/MyScript/Manager/HandHintManager.ts from cce:/internal/x/prerequisite-imports as file:///F:/CocosProject/PLY_Roomtopia_Cocos/assets/7.Scripts/MyScript/Manager/HandHintManager.ts.
16:04:06.625 debug: Resolve file:///F:/CocosProject/PLY_Roomtopia_Cocos/assets/7.Scripts/MyScript/Manager/ItemManager.ts from cce:/internal/x/prerequisite-imports as file:///F:/CocosProject/PLY_Roomtopia_Cocos/assets/7.Scripts/MyScript/Manager/ItemManager.ts.
16:04:06.626 debug: Resolve file:///F:/CocosProject/PLY_Roomtopia_Cocos/assets/7.Scripts/MyScript/Manager/ModelRotate.ts from cce:/internal/x/prerequisite-imports as file:///F:/CocosProject/PLY_Roomtopia_Cocos/assets/7.Scripts/MyScript/Manager/ModelRotate.ts.
16:04:06.626 debug: Resolve file:///F:/CocosProject/PLY_Roomtopia_Cocos/assets/7.Scripts/MyScript/ScriptTemplate/ComponentCache.ts from cce:/internal/x/prerequisite-imports as file:///F:/CocosProject/PLY_Roomtopia_Cocos/assets/7.Scripts/MyScript/ScriptTemplate/ComponentCache.ts.
16:04:06.628 debug: Resolve file:///F:/CocosProject/PLY_Roomtopia_Cocos/assets/7.Scripts/MyScript/ScriptTemplate/Ply_GameUnit.ts from cce:/internal/x/prerequisite-imports as file:///F:/CocosProject/PLY_Roomtopia_Cocos/assets/7.Scripts/MyScript/ScriptTemplate/Ply_GameUnit.ts.
16:04:06.629 debug: Resolve file:///F:/CocosProject/PLY_Roomtopia_Cocos/assets/7.Scripts/MyScript/ScriptTemplate/Ply_Pool.ts from cce:/internal/x/prerequisite-imports as file:///F:/CocosProject/PLY_Roomtopia_Cocos/assets/7.Scripts/MyScript/ScriptTemplate/Ply_Pool.ts.
16:04:06.630 debug: Resolve file:///F:/CocosProject/PLY_Roomtopia_Cocos/assets/7.Scripts/MyScript/ScriptTemplate/Ply_Singleton.ts from cce:/internal/x/prerequisite-imports as file:///F:/CocosProject/PLY_Roomtopia_Cocos/assets/7.Scripts/MyScript/ScriptTemplate/Ply_Singleton.ts.
16:04:06.631 debug: Resolve file:///F:/CocosProject/PLY_Roomtopia_Cocos/assets/7.Scripts/MyScript/ScriptTemplate/Ply_SoundManager.ts from cce:/internal/x/prerequisite-imports as file:///F:/CocosProject/PLY_Roomtopia_Cocos/assets/7.Scripts/MyScript/ScriptTemplate/Ply_SoundManager.ts.
16:04:06.632 debug: Resolve file:///F:/CocosProject/PLY_Roomtopia_Cocos/assets/7.Scripts/MyScript/ScriptTemplate/Ply_Types.ts from cce:/internal/x/prerequisite-imports as file:///F:/CocosProject/PLY_Roomtopia_Cocos/assets/7.Scripts/MyScript/ScriptTemplate/Ply_Types.ts.
16:04:06.633 debug: Resolve file:///F:/CocosProject/PLY_Roomtopia_Cocos/assets/7.Scripts/MyScript/ScriptTemplate/Yielders.ts from cce:/internal/x/prerequisite-imports as file:///F:/CocosProject/PLY_Roomtopia_Cocos/assets/7.Scripts/MyScript/ScriptTemplate/Yielders.ts.
16:04:06.633 debug: Resolve file:///F:/CocosProject/PLY_Roomtopia_Cocos/assets/7.Scripts/MyScript/Utils/SnapEffect.ts from cce:/internal/x/prerequisite-imports as file:///F:/CocosProject/PLY_Roomtopia_Cocos/assets/7.Scripts/MyScript/Utils/SnapEffect.ts.
16:04:06.634 debug: Resolve file:///F:/CocosProject/PLY_Roomtopia_Cocos/assets/7.Scripts/MyScript/Utils/WinReact.ts from cce:/internal/x/prerequisite-imports as file:///F:/CocosProject/PLY_Roomtopia_Cocos/assets/7.Scripts/MyScript/Utils/WinReact.ts.
16:04:06.634 debug: Resolve file:///F:/CocosProject/PLY_Roomtopia_Cocos/assets/7.Scripts/Pool/PoolControl.ts from cce:/internal/x/prerequisite-imports as file:///F:/CocosProject/PLY_Roomtopia_Cocos/assets/7.Scripts/Pool/PoolControl.ts.
16:04:06.635 debug: Resolve file:///F:/CocosProject/PLY_Roomtopia_Cocos/assets/7.Scripts/Pool/PoolManager.ts from cce:/internal/x/prerequisite-imports as file:///F:/CocosProject/PLY_Roomtopia_Cocos/assets/7.Scripts/Pool/PoolManager.ts.
16:04:06.635 debug: Resolve file:///F:/CocosProject/PLY_Roomtopia_Cocos/assets/7.Scripts/Pool/PoolMember.ts from cce:/internal/x/prerequisite-imports as file:///F:/CocosProject/PLY_Roomtopia_Cocos/assets/7.Scripts/Pool/PoolMember.ts.
16:04:06.636 debug: Resolve file:///F:/CocosProject/PLY_Roomtopia_Cocos/assets/7.Scripts/Sand/SandSimulation.ts from cce:/internal/x/prerequisite-imports as file:///F:/CocosProject/PLY_Roomtopia_Cocos/assets/7.Scripts/Sand/SandSimulation.ts.
16:04:06.637 debug: Resolve file:///F:/CocosProject/PLY_Roomtopia_Cocos/assets/7.Scripts/Tool/AppLovinAnalytics.ts from cce:/internal/x/prerequisite-imports as file:///F:/CocosProject/PLY_Roomtopia_Cocos/assets/7.Scripts/Tool/AppLovinAnalytics.ts.
16:04:06.637 debug: Resolve file:///F:/CocosProject/PLY_Roomtopia_Cocos/assets/7.Scripts/Tool/GameController.ts from cce:/internal/x/prerequisite-imports as file:///F:/CocosProject/PLY_Roomtopia_Cocos/assets/7.Scripts/Tool/GameController.ts.
16:04:06.639 debug: Resolve cce:/internal/code-quality/cr.mjs from file:///F:/CocosProject/PLY_Roomtopia_Cocos/assets/7.Scripts/MyScript/Item/FitInBox.ts as cce:/internal/code-quality/cr.mjs.
16:04:06.639 debug: Resolve cc from file:///F:/CocosProject/PLY_Roomtopia_Cocos/assets/7.Scripts/MyScript/Item/FitInBox.ts as cce:/internal/x/cc.
16:04:06.639 debug: Resolve cc from file:///F:/CocosProject/PLY_Roomtopia_Cocos/assets/7.Scripts/MyScript/Item/FitInBox.ts as cce:/internal/x/cc.
16:04:06.639 debug: Resolve cc from file:///F:/CocosProject/PLY_Roomtopia_Cocos/assets/7.Scripts/MyScript/Item/FitInBox.ts as cce:/internal/x/cc.
16:04:06.640 debug: Resolve ./BoxBg from file:///F:/CocosProject/PLY_Roomtopia_Cocos/assets/7.Scripts/MyScript/Item/FitInBox.ts as file:///F:/CocosProject/PLY_Roomtopia_Cocos/assets/7.Scripts/MyScript/Item/BoxBg.ts.
16:04:06.640 debug: Resolve cc/env from file:///F:/CocosProject/PLY_Roomtopia_Cocos/assets/7.Scripts/MyScript/Item/FitInBox.ts as external dependency cc/env.
16:04:06.705 debug: Target(preview) ends with cost 268.45570000004955ms.
16:08:22.133 debug: Dispatch build request for time accumulated 1 asset changes.
16:08:22.147 debug: Build iteration starts.
Number of accumulated asset changes: 1
Feature changed: false
16:08:22.149 debug: Target(editor) build started.
16:08:22.152 debug: Detected change: cce:/internal/x/prerequisite-imports. Last mtime: Thu Jan 01 1970 07:16:15 GMT+0700 (Indochina Time), Current mtime: Thu Jan 01 1970 07:20:31 GMT+0700 (Indochina Time)
16:08:22.152 debug: Inspect cce:/internal/x/prerequisite-imports
16:08:22.192 debug: transform url: 'cce:/internal/x/prerequisite-imports' costs: 39.70 ms
16:08:22.194 debug: Resolve file:///C:/ProgramData/cocos/editors/Creator/3.8.8/resources/resources/3d/engine/editor/assets/default_renderpipeline/builtin-dof-pass.ts from cce:/internal/x/prerequisite-imports as file:///C:/ProgramData/cocos/editors/Creator/3.8.8/resources/resources/3d/engine/editor/assets/default_renderpipeline/builtin-dof-pass.ts.
16:08:22.195 debug: Resolve file:///C:/ProgramData/cocos/editors/Creator/3.8.8/resources/resources/3d/engine/editor/assets/default_renderpipeline/builtin-pipeline-pass.ts from cce:/internal/x/prerequisite-imports as file:///C:/ProgramData/cocos/editors/Creator/3.8.8/resources/resources/3d/engine/editor/assets/default_renderpipeline/builtin-pipeline-pass.ts.
16:08:22.197 debug: Resolve file:///C:/ProgramData/cocos/editors/Creator/3.8.8/resources/resources/3d/engine/editor/assets/default_renderpipeline/builtin-pipeline-settings.ts from cce:/internal/x/prerequisite-imports as file:///C:/ProgramData/cocos/editors/Creator/3.8.8/resources/resources/3d/engine/editor/assets/default_renderpipeline/builtin-pipeline-settings.ts.
16:08:22.198 debug: Resolve file:///C:/ProgramData/cocos/editors/Creator/3.8.8/resources/resources/3d/engine/editor/assets/default_renderpipeline/builtin-pipeline-types.ts from cce:/internal/x/prerequisite-imports as file:///C:/ProgramData/cocos/editors/Creator/3.8.8/resources/resources/3d/engine/editor/assets/default_renderpipeline/builtin-pipeline-types.ts.
16:08:22.199 debug: Resolve file:///C:/ProgramData/cocos/editors/Creator/3.8.8/resources/resources/3d/engine/editor/assets/default_renderpipeline/builtin-pipeline.ts from cce:/internal/x/prerequisite-imports as file:///C:/ProgramData/cocos/editors/Creator/3.8.8/resources/resources/3d/engine/editor/assets/default_renderpipeline/builtin-pipeline.ts.
16:08:22.200 debug: Resolve file:///C:/ProgramData/cocos/editors/Creator/3.8.8/resources/resources/3d/engine/editor/assets/tools/debug-view-runtime-control.ts from cce:/internal/x/prerequisite-imports as file:///C:/ProgramData/cocos/editors/Creator/3.8.8/resources/resources/3d/engine/editor/assets/tools/debug-view-runtime-control.ts.
16:08:22.201 debug: Resolve file:///F:/CocosProject/PLY_Roomtopia_Cocos/assets/7.Scripts/Gameplay/Data.ts from cce:/internal/x/prerequisite-imports as file:///F:/CocosProject/PLY_Roomtopia_Cocos/assets/7.Scripts/Gameplay/Data.ts.
16:08:22.201 debug: Resolve file:///F:/CocosProject/PLY_Roomtopia_Cocos/assets/7.Scripts/Manager/AssetsManagerCustom.ts from cce:/internal/x/prerequisite-imports as file:///F:/CocosProject/PLY_Roomtopia_Cocos/assets/7.Scripts/Manager/AssetsManagerCustom.ts.
16:08:22.202 debug: Resolve file:///F:/CocosProject/PLY_Roomtopia_Cocos/assets/7.Scripts/Manager/Clock.ts from cce:/internal/x/prerequisite-imports as file:///F:/CocosProject/PLY_Roomtopia_Cocos/assets/7.Scripts/Manager/Clock.ts.
16:08:22.202 debug: Resolve file:///F:/CocosProject/PLY_Roomtopia_Cocos/assets/7.Scripts/Manager/InputManager.ts from cce:/internal/x/prerequisite-imports as file:///F:/CocosProject/PLY_Roomtopia_Cocos/assets/7.Scripts/Manager/InputManager.ts.
16:08:22.202 debug: Resolve file:///F:/CocosProject/PLY_Roomtopia_Cocos/assets/7.Scripts/Manager/Joystick.ts from cce:/internal/x/prerequisite-imports as file:///F:/CocosProject/PLY_Roomtopia_Cocos/assets/7.Scripts/Manager/Joystick.ts.
16:08:22.203 debug: Resolve file:///F:/CocosProject/PLY_Roomtopia_Cocos/assets/7.Scripts/Manager/MainCamera.ts from cce:/internal/x/prerequisite-imports as file:///F:/CocosProject/PLY_Roomtopia_Cocos/assets/7.Scripts/Manager/MainCamera.ts.
16:08:22.203 debug: Resolve file:///F:/CocosProject/PLY_Roomtopia_Cocos/assets/7.Scripts/Manager/PointerController.ts from cce:/internal/x/prerequisite-imports as file:///F:/CocosProject/PLY_Roomtopia_Cocos/assets/7.Scripts/Manager/PointerController.ts.
16:08:22.204 debug: Resolve file:///F:/CocosProject/PLY_Roomtopia_Cocos/assets/7.Scripts/Manager/SoundManager.ts from cce:/internal/x/prerequisite-imports as file:///F:/CocosProject/PLY_Roomtopia_Cocos/assets/7.Scripts/Manager/SoundManager.ts.
16:08:22.204 debug: Resolve file:///F:/CocosProject/PLY_Roomtopia_Cocos/assets/7.Scripts/Manager/UI.ts from cce:/internal/x/prerequisite-imports as file:///F:/CocosProject/PLY_Roomtopia_Cocos/assets/7.Scripts/Manager/UI.ts.
16:08:22.204 debug: Resolve file:///F:/CocosProject/PLY_Roomtopia_Cocos/assets/7.Scripts/Manager/VFX.ts from cce:/internal/x/prerequisite-imports as file:///F:/CocosProject/PLY_Roomtopia_Cocos/assets/7.Scripts/Manager/VFX.ts.
16:08:22.205 debug: Resolve file:///F:/CocosProject/PLY_Roomtopia_Cocos/assets/7.Scripts/Manager/World.ts from cce:/internal/x/prerequisite-imports as file:///F:/CocosProject/PLY_Roomtopia_Cocos/assets/7.Scripts/Manager/World.ts.
16:08:22.205 debug: Resolve file:///F:/CocosProject/PLY_Roomtopia_Cocos/assets/7.Scripts/MatchAsset/MatchSprite.ts from cce:/internal/x/prerequisite-imports as file:///F:/CocosProject/PLY_Roomtopia_Cocos/assets/7.Scripts/MatchAsset/MatchSprite.ts.
16:08:22.206 debug: Resolve file:///F:/CocosProject/PLY_Roomtopia_Cocos/assets/7.Scripts/MatchAsset/NodeOrder.ts from cce:/internal/x/prerequisite-imports as file:///F:/CocosProject/PLY_Roomtopia_Cocos/assets/7.Scripts/MatchAsset/NodeOrder.ts.
16:08:22.206 debug: Resolve file:///F:/CocosProject/PLY_Roomtopia_Cocos/assets/7.Scripts/MatchAsset/ReadImagePixel.ts from cce:/internal/x/prerequisite-imports as file:///F:/CocosProject/PLY_Roomtopia_Cocos/assets/7.Scripts/MatchAsset/ReadImagePixel.ts.
16:08:22.206 debug: Resolve file:///F:/CocosProject/PLY_Roomtopia_Cocos/assets/7.Scripts/MatchAsset/SpriteSizeSetter.ts from cce:/internal/x/prerequisite-imports as file:///F:/CocosProject/PLY_Roomtopia_Cocos/assets/7.Scripts/MatchAsset/SpriteSizeSetter.ts.
16:08:22.207 debug: Resolve file:///F:/CocosProject/PLY_Roomtopia_Cocos/assets/7.Scripts/MatchAsset/Ulis.ts from cce:/internal/x/prerequisite-imports as file:///F:/CocosProject/PLY_Roomtopia_Cocos/assets/7.Scripts/MatchAsset/Ulis.ts.
16:08:22.207 debug: Resolve file:///F:/CocosProject/PLY_Roomtopia_Cocos/assets/7.Scripts/Misc/AStar.ts from cce:/internal/x/prerequisite-imports as file:///F:/CocosProject/PLY_Roomtopia_Cocos/assets/7.Scripts/Misc/AStar.ts.
16:08:22.208 debug: Resolve file:///F:/CocosProject/PLY_Roomtopia_Cocos/assets/7.Scripts/Misc/Black.ts from cce:/internal/x/prerequisite-imports as file:///F:/CocosProject/PLY_Roomtopia_Cocos/assets/7.Scripts/Misc/Black.ts.
16:08:22.208 debug: Resolve file:///F:/CocosProject/PLY_Roomtopia_Cocos/assets/7.Scripts/Misc/Cloud.ts from cce:/internal/x/prerequisite-imports as file:///F:/CocosProject/PLY_Roomtopia_Cocos/assets/7.Scripts/Misc/Cloud.ts.
16:08:22.209 debug: Resolve file:///F:/CocosProject/PLY_Roomtopia_Cocos/assets/7.Scripts/Misc/IQ.ts from cce:/internal/x/prerequisite-imports as file:///F:/CocosProject/PLY_Roomtopia_Cocos/assets/7.Scripts/Misc/IQ.ts.
16:08:22.209 debug: Resolve file:///F:/CocosProject/PLY_Roomtopia_Cocos/assets/7.Scripts/Misc/Mats.ts from cce:/internal/x/prerequisite-imports as file:///F:/CocosProject/PLY_Roomtopia_Cocos/assets/7.Scripts/Misc/Mats.ts.
16:08:22.209 debug: Resolve file:///F:/CocosProject/PLY_Roomtopia_Cocos/assets/7.Scripts/Misc/MeshLoader.ts from cce:/internal/x/prerequisite-imports as file:///F:/CocosProject/PLY_Roomtopia_Cocos/assets/7.Scripts/Misc/MeshLoader.ts.
16:08:22.210 debug: Resolve file:///F:/CocosProject/PLY_Roomtopia_Cocos/assets/7.Scripts/Misc/SkinManager.ts from cce:/internal/x/prerequisite-imports as file:///F:/CocosProject/PLY_Roomtopia_Cocos/assets/7.Scripts/Misc/SkinManager.ts.
16:08:22.210 debug: Resolve file:///F:/CocosProject/PLY_Roomtopia_Cocos/assets/7.Scripts/Misc/SplineLineRenderer.ts from cce:/internal/x/prerequisite-imports as file:///F:/CocosProject/PLY_Roomtopia_Cocos/assets/7.Scripts/Misc/SplineLineRenderer.ts.
16:08:22.211 debug: Resolve file:///F:/CocosProject/PLY_Roomtopia_Cocos/assets/7.Scripts/Misc/Tool.ts from cce:/internal/x/prerequisite-imports as file:///F:/CocosProject/PLY_Roomtopia_Cocos/assets/7.Scripts/Misc/Tool.ts.
16:08:22.211 debug: Resolve file:///F:/CocosProject/PLY_Roomtopia_Cocos/assets/7.Scripts/Misc/Tooth.ts from cce:/internal/x/prerequisite-imports as file:///F:/CocosProject/PLY_Roomtopia_Cocos/assets/7.Scripts/Misc/Tooth.ts.
16:08:22.211 debug: Resolve file:///F:/CocosProject/PLY_Roomtopia_Cocos/assets/7.Scripts/Misc/Ulis.ts from cce:/internal/x/prerequisite-imports as file:///F:/CocosProject/PLY_Roomtopia_Cocos/assets/7.Scripts/Misc/Ulis.ts.
16:08:22.212 debug: Resolve file:///F:/CocosProject/PLY_Roomtopia_Cocos/assets/7.Scripts/MyScript/Config/TrayConfig.ts from cce:/internal/x/prerequisite-imports as file:///F:/CocosProject/PLY_Roomtopia_Cocos/assets/7.Scripts/MyScript/Config/TrayConfig.ts.
16:08:22.212 debug: Resolve file:///F:/CocosProject/PLY_Roomtopia_Cocos/assets/7.Scripts/MyScript/Item/BottomBar.ts from cce:/internal/x/prerequisite-imports as file:///F:/CocosProject/PLY_Roomtopia_Cocos/assets/7.Scripts/MyScript/Item/BottomBar.ts.
16:08:22.213 debug: Resolve file:///F:/CocosProject/PLY_Roomtopia_Cocos/assets/7.Scripts/MyScript/Item/BoxBg.ts from cce:/internal/x/prerequisite-imports as file:///F:/CocosProject/PLY_Roomtopia_Cocos/assets/7.Scripts/MyScript/Item/BoxBg.ts.
16:08:22.213 debug: Resolve file:///F:/CocosProject/PLY_Roomtopia_Cocos/assets/7.Scripts/MyScript/Item/FitInBox.ts from cce:/internal/x/prerequisite-imports as file:///F:/CocosProject/PLY_Roomtopia_Cocos/assets/7.Scripts/MyScript/Item/FitInBox.ts.
16:08:22.215 debug: Resolve file:///F:/CocosProject/PLY_Roomtopia_Cocos/assets/7.Scripts/MyScript/Item/ItemController.ts from cce:/internal/x/prerequisite-imports as file:///F:/CocosProject/PLY_Roomtopia_Cocos/assets/7.Scripts/MyScript/Item/ItemController.ts.
16:08:22.215 debug: Resolve file:///F:/CocosProject/PLY_Roomtopia_Cocos/assets/7.Scripts/MyScript/Item/ItemGraphic.ts from cce:/internal/x/prerequisite-imports as file:///F:/CocosProject/PLY_Roomtopia_Cocos/assets/7.Scripts/MyScript/Item/ItemGraphic.ts.
16:08:22.216 debug: Resolve file:///F:/CocosProject/PLY_Roomtopia_Cocos/assets/7.Scripts/MyScript/Item/ItemMovement.ts from cce:/internal/x/prerequisite-imports as file:///F:/CocosProject/PLY_Roomtopia_Cocos/assets/7.Scripts/MyScript/Item/ItemMovement.ts.
16:08:22.216 debug: Resolve file:///F:/CocosProject/PLY_Roomtopia_Cocos/assets/7.Scripts/MyScript/Item/QuadImage.ts from cce:/internal/x/prerequisite-imports as file:///F:/CocosProject/PLY_Roomtopia_Cocos/assets/7.Scripts/MyScript/Item/QuadImage.ts.
16:08:22.217 debug: Resolve file:///F:/CocosProject/PLY_Roomtopia_Cocos/assets/7.Scripts/MyScript/Item/ZoomSlider.ts from cce:/internal/x/prerequisite-imports as file:///F:/CocosProject/PLY_Roomtopia_Cocos/assets/7.Scripts/MyScript/Item/ZoomSlider.ts.
16:08:22.217 debug: Detected change: file:///F:/CocosProject/PLY_Roomtopia_Cocos/assets/7.Scripts/MyScript/Item/ZoomSlider.ts. Last mtime: Tue Sep 22 2026 15:58:47 GMT+0700 (Indochina Time)@ba854627-9265-4b8e-8394-02fd1f1a2e14, Current mtime: Tue Sep 22 2026 16:08:08 GMT+0700 (Indochina Time)@ba854627-9265-4b8e-8394-02fd1f1a2e14
16:08:22.217 debug: Inspect file:///F:/CocosProject/PLY_Roomtopia_Cocos/assets/7.Scripts/MyScript/Item/ZoomSlider.ts
16:08:22.322 debug: transform url: 'file:///F:/CocosProject/PLY_Roomtopia_Cocos/assets/7.Scripts/MyScript/Item/ZoomSlider.ts' costs: 105.10 ms
16:08:22.324 debug: Resolve file:///F:/CocosProject/PLY_Roomtopia_Cocos/assets/7.Scripts/MyScript/Manager/GameManager.ts from cce:/internal/x/prerequisite-imports as file:///F:/CocosProject/PLY_Roomtopia_Cocos/assets/7.Scripts/MyScript/Manager/GameManager.ts.
16:08:22.324 debug: Resolve file:///F:/CocosProject/PLY_Roomtopia_Cocos/assets/7.Scripts/MyScript/Manager/HandHintManager.ts from cce:/internal/x/prerequisite-imports as file:///F:/CocosProject/PLY_Roomtopia_Cocos/assets/7.Scripts/MyScript/Manager/HandHintManager.ts.
16:08:22.325 debug: Resolve file:///F:/CocosProject/PLY_Roomtopia_Cocos/assets/7.Scripts/MyScript/Manager/ItemManager.ts from cce:/internal/x/prerequisite-imports as file:///F:/CocosProject/PLY_Roomtopia_Cocos/assets/7.Scripts/MyScript/Manager/ItemManager.ts.
16:08:22.325 debug: Resolve file:///F:/CocosProject/PLY_Roomtopia_Cocos/assets/7.Scripts/MyScript/Manager/ModelRotate.ts from cce:/internal/x/prerequisite-imports as file:///F:/CocosProject/PLY_Roomtopia_Cocos/assets/7.Scripts/MyScript/Manager/ModelRotate.ts.
16:08:22.326 debug: Resolve file:///F:/CocosProject/PLY_Roomtopia_Cocos/assets/7.Scripts/MyScript/ScriptTemplate/ComponentCache.ts from cce:/internal/x/prerequisite-imports as file:///F:/CocosProject/PLY_Roomtopia_Cocos/assets/7.Scripts/MyScript/ScriptTemplate/ComponentCache.ts.
16:08:22.326 debug: Resolve file:///F:/CocosProject/PLY_Roomtopia_Cocos/assets/7.Scripts/MyScript/ScriptTemplate/Ply_GameUnit.ts from cce:/internal/x/prerequisite-imports as file:///F:/CocosProject/PLY_Roomtopia_Cocos/assets/7.Scripts/MyScript/ScriptTemplate/Ply_GameUnit.ts.
16:08:22.327 debug: Resolve file:///F:/CocosProject/PLY_Roomtopia_Cocos/assets/7.Scripts/MyScript/ScriptTemplate/Ply_Pool.ts from cce:/internal/x/prerequisite-imports as file:///F:/CocosProject/PLY_Roomtopia_Cocos/assets/7.Scripts/MyScript/ScriptTemplate/Ply_Pool.ts.
16:08:22.327 debug: Resolve file:///F:/CocosProject/PLY_Roomtopia_Cocos/assets/7.Scripts/MyScript/ScriptTemplate/Ply_Singleton.ts from cce:/internal/x/prerequisite-imports as file:///F:/CocosProject/PLY_Roomtopia_Cocos/assets/7.Scripts/MyScript/ScriptTemplate/Ply_Singleton.ts.
16:08:22.328 debug: Resolve file:///F:/CocosProject/PLY_Roomtopia_Cocos/assets/7.Scripts/MyScript/ScriptTemplate/Ply_SoundManager.ts from cce:/internal/x/prerequisite-imports as file:///F:/CocosProject/PLY_Roomtopia_Cocos/assets/7.Scripts/MyScript/ScriptTemplate/Ply_SoundManager.ts.
16:08:22.328 debug: Resolve file:///F:/CocosProject/PLY_Roomtopia_Cocos/assets/7.Scripts/MyScript/ScriptTemplate/Ply_Types.ts from cce:/internal/x/prerequisite-imports as file:///F:/CocosProject/PLY_Roomtopia_Cocos/assets/7.Scripts/MyScript/ScriptTemplate/Ply_Types.ts.
16:08:22.329 debug: Resolve file:///F:/CocosProject/PLY_Roomtopia_Cocos/assets/7.Scripts/MyScript/ScriptTemplate/Yielders.ts from cce:/internal/x/prerequisite-imports as file:///F:/CocosProject/PLY_Roomtopia_Cocos/assets/7.Scripts/MyScript/ScriptTemplate/Yielders.ts.
16:08:22.329 debug: Resolve file:///F:/CocosProject/PLY_Roomtopia_Cocos/assets/7.Scripts/MyScript/Utils/SnapEffect.ts from cce:/internal/x/prerequisite-imports as file:///F:/CocosProject/PLY_Roomtopia_Cocos/assets/7.Scripts/MyScript/Utils/SnapEffect.ts.
16:08:22.330 debug: Resolve file:///F:/CocosProject/PLY_Roomtopia_Cocos/assets/7.Scripts/MyScript/Utils/WinReact.ts from cce:/internal/x/prerequisite-imports as file:///F:/CocosProject/PLY_Roomtopia_Cocos/assets/7.Scripts/MyScript/Utils/WinReact.ts.
16:08:22.331 debug: Resolve file:///F:/CocosProject/PLY_Roomtopia_Cocos/assets/7.Scripts/Pool/PoolControl.ts from cce:/internal/x/prerequisite-imports as file:///F:/CocosProject/PLY_Roomtopia_Cocos/assets/7.Scripts/Pool/PoolControl.ts.
16:08:22.331 debug: Resolve file:///F:/CocosProject/PLY_Roomtopia_Cocos/assets/7.Scripts/Pool/PoolManager.ts from cce:/internal/x/prerequisite-imports as file:///F:/CocosProject/PLY_Roomtopia_Cocos/assets/7.Scripts/Pool/PoolManager.ts.
16:08:22.332 debug: Resolve file:///F:/CocosProject/PLY_Roomtopia_Cocos/assets/7.Scripts/Pool/PoolMember.ts from cce:/internal/x/prerequisite-imports as file:///F:/CocosProject/PLY_Roomtopia_Cocos/assets/7.Scripts/Pool/PoolMember.ts.
16:08:22.333 debug: Resolve file:///F:/CocosProject/PLY_Roomtopia_Cocos/assets/7.Scripts/Sand/SandSimulation.ts from cce:/internal/x/prerequisite-imports as file:///F:/CocosProject/PLY_Roomtopia_Cocos/assets/7.Scripts/Sand/SandSimulation.ts.
16:08:22.333 debug: Resolve file:///F:/CocosProject/PLY_Roomtopia_Cocos/assets/7.Scripts/Tool/AppLovinAnalytics.ts from cce:/internal/x/prerequisite-imports as file:///F:/CocosProject/PLY_Roomtopia_Cocos/assets/7.Scripts/Tool/AppLovinAnalytics.ts.
16:08:22.334 debug: Resolve file:///F:/CocosProject/PLY_Roomtopia_Cocos/assets/7.Scripts/Tool/GameController.ts from cce:/internal/x/prerequisite-imports as file:///F:/CocosProject/PLY_Roomtopia_Cocos/assets/7.Scripts/Tool/GameController.ts.
16:08:22.335 debug: Resolve cce:/internal/code-quality/cr.mjs from file:///F:/CocosProject/PLY_Roomtopia_Cocos/assets/7.Scripts/MyScript/Item/ZoomSlider.ts as cce:/internal/code-quality/cr.mjs.
16:08:22.335 debug: Resolve cc from file:///F:/CocosProject/PLY_Roomtopia_Cocos/assets/7.Scripts/MyScript/Item/ZoomSlider.ts as cce:/internal/x/cc.
16:08:22.335 debug: Resolve cc from file:///F:/CocosProject/PLY_Roomtopia_Cocos/assets/7.Scripts/MyScript/Item/ZoomSlider.ts as cce:/internal/x/cc.
16:08:22.335 debug: Resolve cc from file:///F:/CocosProject/PLY_Roomtopia_Cocos/assets/7.Scripts/MyScript/Item/ZoomSlider.ts as cce:/internal/x/cc.
16:08:22.335 debug: Resolve cc/env from file:///F:/CocosProject/PLY_Roomtopia_Cocos/assets/7.Scripts/MyScript/Item/ZoomSlider.ts as external dependency cc/env.
16:08:22.338 debug: Resolve ../../Manager/UI from file:///F:/CocosProject/PLY_Roomtopia_Cocos/assets/7.Scripts/MyScript/Item/ZoomSlider.ts as file:///F:/CocosProject/PLY_Roomtopia_Cocos/assets/7.Scripts/Manager/UI.ts.
16:08:22.380 debug: Target(editor) ends with cost 231.21160000003874ms.
16:08:22.381 debug: Target(preview) build started.
16:08:22.383 debug: Detected change: cce:/internal/x/prerequisite-imports. Last mtime: Thu Jan 01 1970 07:16:15 GMT+0700 (Indochina Time), Current mtime: Thu Jan 01 1970 07:20:31 GMT+0700 (Indochina Time)
16:08:22.384 debug: Inspect cce:/internal/x/prerequisite-imports
16:08:22.409 debug: transform url: 'cce:/internal/x/prerequisite-imports' costs: 24.90 ms
16:08:22.411 debug: Resolve file:///C:/ProgramData/cocos/editors/Creator/3.8.8/resources/resources/3d/engine/editor/assets/default_renderpipeline/builtin-dof-pass.ts from cce:/internal/x/prerequisite-imports as file:///C:/ProgramData/cocos/editors/Creator/3.8.8/resources/resources/3d/engine/editor/assets/default_renderpipeline/builtin-dof-pass.ts.
16:08:22.411 debug: Resolve file:///C:/ProgramData/cocos/editors/Creator/3.8.8/resources/resources/3d/engine/editor/assets/default_renderpipeline/builtin-pipeline-pass.ts from cce:/internal/x/prerequisite-imports as file:///C:/ProgramData/cocos/editors/Creator/3.8.8/resources/resources/3d/engine/editor/assets/default_renderpipeline/builtin-pipeline-pass.ts.
16:08:22.412 debug: Resolve file:///C:/ProgramData/cocos/editors/Creator/3.8.8/resources/resources/3d/engine/editor/assets/default_renderpipeline/builtin-pipeline-settings.ts from cce:/internal/x/prerequisite-imports as file:///C:/ProgramData/cocos/editors/Creator/3.8.8/resources/resources/3d/engine/editor/assets/default_renderpipeline/builtin-pipeline-settings.ts.
16:08:22.413 debug: Resolve file:///C:/ProgramData/cocos/editors/Creator/3.8.8/resources/resources/3d/engine/editor/assets/default_renderpipeline/builtin-pipeline-types.ts from cce:/internal/x/prerequisite-imports as file:///C:/ProgramData/cocos/editors/Creator/3.8.8/resources/resources/3d/engine/editor/assets/default_renderpipeline/builtin-pipeline-types.ts.
16:08:22.414 debug: Resolve file:///C:/ProgramData/cocos/editors/Creator/3.8.8/resources/resources/3d/engine/editor/assets/default_renderpipeline/builtin-pipeline.ts from cce:/internal/x/prerequisite-imports as file:///C:/ProgramData/cocos/editors/Creator/3.8.8/resources/resources/3d/engine/editor/assets/default_renderpipeline/builtin-pipeline.ts.
16:08:22.415 debug: Resolve file:///C:/ProgramData/cocos/editors/Creator/3.8.8/resources/resources/3d/engine/editor/assets/tools/debug-view-runtime-control.ts from cce:/internal/x/prerequisite-imports as file:///C:/ProgramData/cocos/editors/Creator/3.8.8/resources/resources/3d/engine/editor/assets/tools/debug-view-runtime-control.ts.
16:08:22.416 debug: Resolve file:///F:/CocosProject/PLY_Roomtopia_Cocos/assets/7.Scripts/Gameplay/Data.ts from cce:/internal/x/prerequisite-imports as file:///F:/CocosProject/PLY_Roomtopia_Cocos/assets/7.Scripts/Gameplay/Data.ts.
16:08:22.416 debug: Resolve file:///F:/CocosProject/PLY_Roomtopia_Cocos/assets/7.Scripts/Manager/AssetsManagerCustom.ts from cce:/internal/x/prerequisite-imports as file:///F:/CocosProject/PLY_Roomtopia_Cocos/assets/7.Scripts/Manager/AssetsManagerCustom.ts.
16:08:22.417 debug: Resolve file:///F:/CocosProject/PLY_Roomtopia_Cocos/assets/7.Scripts/Manager/Clock.ts from cce:/internal/x/prerequisite-imports as file:///F:/CocosProject/PLY_Roomtopia_Cocos/assets/7.Scripts/Manager/Clock.ts.
16:08:22.417 debug: Resolve file:///F:/CocosProject/PLY_Roomtopia_Cocos/assets/7.Scripts/Manager/InputManager.ts from cce:/internal/x/prerequisite-imports as file:///F:/CocosProject/PLY_Roomtopia_Cocos/assets/7.Scripts/Manager/InputManager.ts.
16:08:22.418 debug: Resolve file:///F:/CocosProject/PLY_Roomtopia_Cocos/assets/7.Scripts/Manager/Joystick.ts from cce:/internal/x/prerequisite-imports as file:///F:/CocosProject/PLY_Roomtopia_Cocos/assets/7.Scripts/Manager/Joystick.ts.
16:08:22.418 debug: Resolve file:///F:/CocosProject/PLY_Roomtopia_Cocos/assets/7.Scripts/Manager/MainCamera.ts from cce:/internal/x/prerequisite-imports as file:///F:/CocosProject/PLY_Roomtopia_Cocos/assets/7.Scripts/Manager/MainCamera.ts.
16:08:22.419 debug: Resolve file:///F:/CocosProject/PLY_Roomtopia_Cocos/assets/7.Scripts/Manager/PointerController.ts from cce:/internal/x/prerequisite-imports as file:///F:/CocosProject/PLY_Roomtopia_Cocos/assets/7.Scripts/Manager/PointerController.ts.
16:08:22.419 debug: Resolve file:///F:/CocosProject/PLY_Roomtopia_Cocos/assets/7.Scripts/Manager/SoundManager.ts from cce:/internal/x/prerequisite-imports as file:///F:/CocosProject/PLY_Roomtopia_Cocos/assets/7.Scripts/Manager/SoundManager.ts.
16:08:22.419 debug: Resolve file:///F:/CocosProject/PLY_Roomtopia_Cocos/assets/7.Scripts/Manager/UI.ts from cce:/internal/x/prerequisite-imports as file:///F:/CocosProject/PLY_Roomtopia_Cocos/assets/7.Scripts/Manager/UI.ts.
16:08:22.420 debug: Resolve file:///F:/CocosProject/PLY_Roomtopia_Cocos/assets/7.Scripts/Manager/VFX.ts from cce:/internal/x/prerequisite-imports as file:///F:/CocosProject/PLY_Roomtopia_Cocos/assets/7.Scripts/Manager/VFX.ts.
16:08:22.420 debug: Resolve file:///F:/CocosProject/PLY_Roomtopia_Cocos/assets/7.Scripts/Manager/World.ts from cce:/internal/x/prerequisite-imports as file:///F:/CocosProject/PLY_Roomtopia_Cocos/assets/7.Scripts/Manager/World.ts.
16:08:22.421 debug: Resolve file:///F:/CocosProject/PLY_Roomtopia_Cocos/assets/7.Scripts/MatchAsset/MatchSprite.ts from cce:/internal/x/prerequisite-imports as file:///F:/CocosProject/PLY_Roomtopia_Cocos/assets/7.Scripts/MatchAsset/MatchSprite.ts.
16:08:22.421 debug: Resolve file:///F:/CocosProject/PLY_Roomtopia_Cocos/assets/7.Scripts/MatchAsset/NodeOrder.ts from cce:/internal/x/prerequisite-imports as file:///F:/CocosProject/PLY_Roomtopia_Cocos/assets/7.Scripts/MatchAsset/NodeOrder.ts.
16:08:22.422 debug: Resolve file:///F:/CocosProject/PLY_Roomtopia_Cocos/assets/7.Scripts/MatchAsset/ReadImagePixel.ts from cce:/internal/x/prerequisite-imports as file:///F:/CocosProject/PLY_Roomtopia_Cocos/assets/7.Scripts/MatchAsset/ReadImagePixel.ts.
16:08:22.422 debug: Resolve file:///F:/CocosProject/PLY_Roomtopia_Cocos/assets/7.Scripts/MatchAsset/SpriteSizeSetter.ts from cce:/internal/x/prerequisite-imports as file:///F:/CocosProject/PLY_Roomtopia_Cocos/assets/7.Scripts/MatchAsset/SpriteSizeSetter.ts.
16:08:22.422 debug: Resolve file:///F:/CocosProject/PLY_Roomtopia_Cocos/assets/7.Scripts/MatchAsset/Ulis.ts from cce:/internal/x/prerequisite-imports as file:///F:/CocosProject/PLY_Roomtopia_Cocos/assets/7.Scripts/MatchAsset/Ulis.ts.
16:08:22.423 debug: Resolve file:///F:/CocosProject/PLY_Roomtopia_Cocos/assets/7.Scripts/Misc/AStar.ts from cce:/internal/x/prerequisite-imports as file:///F:/CocosProject/PLY_Roomtopia_Cocos/assets/7.Scripts/Misc/AStar.ts.
16:08:22.423 debug: Resolve file:///F:/CocosProject/PLY_Roomtopia_Cocos/assets/7.Scripts/Misc/Black.ts from cce:/internal/x/prerequisite-imports as file:///F:/CocosProject/PLY_Roomtopia_Cocos/assets/7.Scripts/Misc/Black.ts.
16:08:22.424 debug: Resolve file:///F:/CocosProject/PLY_Roomtopia_Cocos/assets/7.Scripts/Misc/Cloud.ts from cce:/internal/x/prerequisite-imports as file:///F:/CocosProject/PLY_Roomtopia_Cocos/assets/7.Scripts/Misc/Cloud.ts.
16:08:22.424 debug: Resolve file:///F:/CocosProject/PLY_Roomtopia_Cocos/assets/7.Scripts/Misc/IQ.ts from cce:/internal/x/prerequisite-imports as file:///F:/CocosProject/PLY_Roomtopia_Cocos/assets/7.Scripts/Misc/IQ.ts.
16:08:22.425 debug: Resolve file:///F:/CocosProject/PLY_Roomtopia_Cocos/assets/7.Scripts/Misc/Mats.ts from cce:/internal/x/prerequisite-imports as file:///F:/CocosProject/PLY_Roomtopia_Cocos/assets/7.Scripts/Misc/Mats.ts.
16:08:22.425 debug: Resolve file:///F:/CocosProject/PLY_Roomtopia_Cocos/assets/7.Scripts/Misc/MeshLoader.ts from cce:/internal/x/prerequisite-imports as file:///F:/CocosProject/PLY_Roomtopia_Cocos/assets/7.Scripts/Misc/MeshLoader.ts.
16:08:22.426 debug: Resolve file:///F:/CocosProject/PLY_Roomtopia_Cocos/assets/7.Scripts/Misc/SkinManager.ts from cce:/internal/x/prerequisite-imports as file:///F:/CocosProject/PLY_Roomtopia_Cocos/assets/7.Scripts/Misc/SkinManager.ts.
16:08:22.426 debug: Resolve file:///F:/CocosProject/PLY_Roomtopia_Cocos/assets/7.Scripts/Misc/SplineLineRenderer.ts from cce:/internal/x/prerequisite-imports as file:///F:/CocosProject/PLY_Roomtopia_Cocos/assets/7.Scripts/Misc/SplineLineRenderer.ts.
16:08:22.427 debug: Resolve file:///F:/CocosProject/PLY_Roomtopia_Cocos/assets/7.Scripts/Misc/Tool.ts from cce:/internal/x/prerequisite-imports as file:///F:/CocosProject/PLY_Roomtopia_Cocos/assets/7.Scripts/Misc/Tool.ts.
16:08:22.427 debug: Resolve file:///F:/CocosProject/PLY_Roomtopia_Cocos/assets/7.Scripts/Misc/Tooth.ts from cce:/internal/x/prerequisite-imports as file:///F:/CocosProject/PLY_Roomtopia_Cocos/assets/7.Scripts/Misc/Tooth.ts.
16:08:22.427 debug: Resolve file:///F:/CocosProject/PLY_Roomtopia_Cocos/assets/7.Scripts/Misc/Ulis.ts from cce:/internal/x/prerequisite-imports as file:///F:/CocosProject/PLY_Roomtopia_Cocos/assets/7.Scripts/Misc/Ulis.ts.
16:08:22.428 debug: Resolve file:///F:/CocosProject/PLY_Roomtopia_Cocos/assets/7.Scripts/MyScript/Config/TrayConfig.ts from cce:/internal/x/prerequisite-imports as file:///F:/CocosProject/PLY_Roomtopia_Cocos/assets/7.Scripts/MyScript/Config/TrayConfig.ts.
16:08:22.428 debug: Resolve file:///F:/CocosProject/PLY_Roomtopia_Cocos/assets/7.Scripts/MyScript/Item/BottomBar.ts from cce:/internal/x/prerequisite-imports as file:///F:/CocosProject/PLY_Roomtopia_Cocos/assets/7.Scripts/MyScript/Item/BottomBar.ts.
16:08:22.429 debug: Resolve file:///F:/CocosProject/PLY_Roomtopia_Cocos/assets/7.Scripts/MyScript/Item/BoxBg.ts from cce:/internal/x/prerequisite-imports as file:///F:/CocosProject/PLY_Roomtopia_Cocos/assets/7.Scripts/MyScript/Item/BoxBg.ts.
16:08:22.429 debug: Resolve file:///F:/CocosProject/PLY_Roomtopia_Cocos/assets/7.Scripts/MyScript/Item/FitInBox.ts from cce:/internal/x/prerequisite-imports as file:///F:/CocosProject/PLY_Roomtopia_Cocos/assets/7.Scripts/MyScript/Item/FitInBox.ts.
16:08:22.430 debug: Resolve file:///F:/CocosProject/PLY_Roomtopia_Cocos/assets/7.Scripts/MyScript/Item/ItemController.ts from cce:/internal/x/prerequisite-imports as file:///F:/CocosProject/PLY_Roomtopia_Cocos/assets/7.Scripts/MyScript/Item/ItemController.ts.
16:08:22.430 debug: Resolve file:///F:/CocosProject/PLY_Roomtopia_Cocos/assets/7.Scripts/MyScript/Item/ItemGraphic.ts from cce:/internal/x/prerequisite-imports as file:///F:/CocosProject/PLY_Roomtopia_Cocos/assets/7.Scripts/MyScript/Item/ItemGraphic.ts.
16:08:22.431 debug: Resolve file:///F:/CocosProject/PLY_Roomtopia_Cocos/assets/7.Scripts/MyScript/Item/ItemMovement.ts from cce:/internal/x/prerequisite-imports as file:///F:/CocosProject/PLY_Roomtopia_Cocos/assets/7.Scripts/MyScript/Item/ItemMovement.ts.
16:08:22.431 debug: Resolve file:///F:/CocosProject/PLY_Roomtopia_Cocos/assets/7.Scripts/MyScript/Item/QuadImage.ts from cce:/internal/x/prerequisite-imports as file:///F:/CocosProject/PLY_Roomtopia_Cocos/assets/7.Scripts/MyScript/Item/QuadImage.ts.
16:08:22.432 debug: Resolve file:///F:/CocosProject/PLY_Roomtopia_Cocos/assets/7.Scripts/MyScript/Item/ZoomSlider.ts from cce:/internal/x/prerequisite-imports as file:///F:/CocosProject/PLY_Roomtopia_Cocos/assets/7.Scripts/MyScript/Item/ZoomSlider.ts.
16:08:22.432 debug: Detected change: file:///F:/CocosProject/PLY_Roomtopia_Cocos/assets/7.Scripts/MyScript/Item/ZoomSlider.ts. Last mtime: Tue Sep 22 2026 15:58:47 GMT+0700 (Indochina Time)@ba854627-9265-4b8e-8394-02fd1f1a2e14, Current mtime: Tue Sep 22 2026 16:08:08 GMT+0700 (Indochina Time)@ba854627-9265-4b8e-8394-02fd1f1a2e14
16:08:22.432 debug: Inspect file:///F:/CocosProject/PLY_Roomtopia_Cocos/assets/7.Scripts/MyScript/Item/ZoomSlider.ts
16:08:22.538 debug: transform url: 'file:///F:/CocosProject/PLY_Roomtopia_Cocos/assets/7.Scripts/MyScript/Item/ZoomSlider.ts' costs: 106.00 ms
16:08:22.540 debug: Resolve file:///F:/CocosProject/PLY_Roomtopia_Cocos/assets/7.Scripts/MyScript/Manager/GameManager.ts from cce:/internal/x/prerequisite-imports as file:///F:/CocosProject/PLY_Roomtopia_Cocos/assets/7.Scripts/MyScript/Manager/GameManager.ts.
16:08:22.541 debug: Resolve file:///F:/CocosProject/PLY_Roomtopia_Cocos/assets/7.Scripts/MyScript/Manager/HandHintManager.ts from cce:/internal/x/prerequisite-imports as file:///F:/CocosProject/PLY_Roomtopia_Cocos/assets/7.Scripts/MyScript/Manager/HandHintManager.ts.
16:08:22.541 debug: Resolve file:///F:/CocosProject/PLY_Roomtopia_Cocos/assets/7.Scripts/MyScript/Manager/ItemManager.ts from cce:/internal/x/prerequisite-imports as file:///F:/CocosProject/PLY_Roomtopia_Cocos/assets/7.Scripts/MyScript/Manager/ItemManager.ts.
16:08:22.542 debug: Resolve file:///F:/CocosProject/PLY_Roomtopia_Cocos/assets/7.Scripts/MyScript/Manager/ModelRotate.ts from cce:/internal/x/prerequisite-imports as file:///F:/CocosProject/PLY_Roomtopia_Cocos/assets/7.Scripts/MyScript/Manager/ModelRotate.ts.
16:08:22.542 debug: Resolve file:///F:/CocosProject/PLY_Roomtopia_Cocos/assets/7.Scripts/MyScript/ScriptTemplate/ComponentCache.ts from cce:/internal/x/prerequisite-imports as file:///F:/CocosProject/PLY_Roomtopia_Cocos/assets/7.Scripts/MyScript/ScriptTemplate/ComponentCache.ts.
16:08:22.543 debug: Resolve file:///F:/CocosProject/PLY_Roomtopia_Cocos/assets/7.Scripts/MyScript/ScriptTemplate/Ply_GameUnit.ts from cce:/internal/x/prerequisite-imports as file:///F:/CocosProject/PLY_Roomtopia_Cocos/assets/7.Scripts/MyScript/ScriptTemplate/Ply_GameUnit.ts.
16:08:22.543 debug: Resolve file:///F:/CocosProject/PLY_Roomtopia_Cocos/assets/7.Scripts/MyScript/ScriptTemplate/Ply_Pool.ts from cce:/internal/x/prerequisite-imports as file:///F:/CocosProject/PLY_Roomtopia_Cocos/assets/7.Scripts/MyScript/ScriptTemplate/Ply_Pool.ts.
16:08:22.544 debug: Resolve file:///F:/CocosProject/PLY_Roomtopia_Cocos/assets/7.Scripts/MyScript/ScriptTemplate/Ply_Singleton.ts from cce:/internal/x/prerequisite-imports as file:///F:/CocosProject/PLY_Roomtopia_Cocos/assets/7.Scripts/MyScript/ScriptTemplate/Ply_Singleton.ts.
16:08:22.544 debug: Resolve file:///F:/CocosProject/PLY_Roomtopia_Cocos/assets/7.Scripts/MyScript/ScriptTemplate/Ply_SoundManager.ts from cce:/internal/x/prerequisite-imports as file:///F:/CocosProject/PLY_Roomtopia_Cocos/assets/7.Scripts/MyScript/ScriptTemplate/Ply_SoundManager.ts.
16:08:22.545 debug: Resolve file:///F:/CocosProject/PLY_Roomtopia_Cocos/assets/7.Scripts/MyScript/ScriptTemplate/Ply_Types.ts from cce:/internal/x/prerequisite-imports as file:///F:/CocosProject/PLY_Roomtopia_Cocos/assets/7.Scripts/MyScript/ScriptTemplate/Ply_Types.ts.
16:08:22.545 debug: Resolve file:///F:/CocosProject/PLY_Roomtopia_Cocos/assets/7.Scripts/MyScript/ScriptTemplate/Yielders.ts from cce:/internal/x/prerequisite-imports as file:///F:/CocosProject/PLY_Roomtopia_Cocos/assets/7.Scripts/MyScript/ScriptTemplate/Yielders.ts.
16:08:22.546 debug: Resolve file:///F:/CocosProject/PLY_Roomtopia_Cocos/assets/7.Scripts/MyScript/Utils/SnapEffect.ts from cce:/internal/x/prerequisite-imports as file:///F:/CocosProject/PLY_Roomtopia_Cocos/assets/7.Scripts/MyScript/Utils/SnapEffect.ts.
16:08:22.546 debug: Resolve file:///F:/CocosProject/PLY_Roomtopia_Cocos/assets/7.Scripts/MyScript/Utils/WinReact.ts from cce:/internal/x/prerequisite-imports as file:///F:/CocosProject/PLY_Roomtopia_Cocos/assets/7.Scripts/MyScript/Utils/WinReact.ts.
16:08:22.546 debug: Resolve file:///F:/CocosProject/PLY_Roomtopia_Cocos/assets/7.Scripts/Pool/PoolControl.ts from cce:/internal/x/prerequisite-imports as file:///F:/CocosProject/PLY_Roomtopia_Cocos/assets/7.Scripts/Pool/PoolControl.ts.
16:08:22.547 debug: Resolve file:///F:/CocosProject/PLY_Roomtopia_Cocos/assets/7.Scripts/Pool/PoolManager.ts from cce:/internal/x/prerequisite-imports as file:///F:/CocosProject/PLY_Roomtopia_Cocos/assets/7.Scripts/Pool/PoolManager.ts.
16:08:22.548 debug: Resolve file:///F:/CocosProject/PLY_Roomtopia_Cocos/assets/7.Scripts/Pool/PoolMember.ts from cce:/internal/x/prerequisite-imports as file:///F:/CocosProject/PLY_Roomtopia_Cocos/assets/7.Scripts/Pool/PoolMember.ts.
16:08:22.550 debug: Resolve file:///F:/CocosProject/PLY_Roomtopia_Cocos/assets/7.Scripts/Sand/SandSimulation.ts from cce:/internal/x/prerequisite-imports as file:///F:/CocosProject/PLY_Roomtopia_Cocos/assets/7.Scripts/Sand/SandSimulation.ts.
16:08:22.552 debug: Resolve file:///F:/CocosProject/PLY_Roomtopia_Cocos/assets/7.Scripts/Tool/AppLovinAnalytics.ts from cce:/internal/x/prerequisite-imports as file:///F:/CocosProject/PLY_Roomtopia_Cocos/assets/7.Scripts/Tool/AppLovinAnalytics.ts.
16:08:22.553 debug: Resolve file:///F:/CocosProject/PLY_Roomtopia_Cocos/assets/7.Scripts/Tool/GameController.ts from cce:/internal/x/prerequisite-imports as file:///F:/CocosProject/PLY_Roomtopia_Cocos/assets/7.Scripts/Tool/GameController.ts.
16:08:22.554 debug: Resolve cce:/internal/code-quality/cr.mjs from file:///F:/CocosProject/PLY_Roomtopia_Cocos/assets/7.Scripts/MyScript/Item/ZoomSlider.ts as cce:/internal/code-quality/cr.mjs.
16:08:22.554 debug: Resolve cc from file:///F:/CocosProject/PLY_Roomtopia_Cocos/assets/7.Scripts/MyScript/Item/ZoomSlider.ts as cce:/internal/x/cc.
16:08:22.554 debug: Resolve cc from file:///F:/CocosProject/PLY_Roomtopia_Cocos/assets/7.Scripts/MyScript/Item/ZoomSlider.ts as cce:/internal/x/cc.
16:08:22.554 debug: Resolve cc from file:///F:/CocosProject/PLY_Roomtopia_Cocos/assets/7.Scripts/MyScript/Item/ZoomSlider.ts as cce:/internal/x/cc.
16:08:22.554 debug: Resolve cc/env from file:///F:/CocosProject/PLY_Roomtopia_Cocos/assets/7.Scripts/MyScript/Item/ZoomSlider.ts as external dependency cc/env.
16:08:22.555 debug: Resolve ../../Manager/UI from file:///F:/CocosProject/PLY_Roomtopia_Cocos/assets/7.Scripts/MyScript/Item/ZoomSlider.ts as file:///F:/CocosProject/PLY_Roomtopia_Cocos/assets/7.Scripts/Manager/UI.ts.
16:08:22.622 debug: Target(preview) ends with cost 241.4289999997709ms.
16:12:27.942 debug: Dispatch build request for time accumulated 1 asset changes.
16:12:27.945 debug: Build iteration starts.
Number of accumulated asset changes: 1
Feature changed: false
16:12:27.945 debug: Target(editor) build started.
16:12:27.948 debug: Detected change: cce:/internal/x/prerequisite-imports. Last mtime: Thu Jan 01 1970 07:20:31 GMT+0700 (Indochina Time), Current mtime: Thu Jan 01 1970 07:24:37 GMT+0700 (Indochina Time)
16:12:27.948 debug: Inspect cce:/internal/x/prerequisite-imports
16:12:27.967 debug: transform url: 'cce:/internal/x/prerequisite-imports' costs: 18.90 ms
16:12:27.969 debug: Resolve file:///C:/ProgramData/cocos/editors/Creator/3.8.8/resources/resources/3d/engine/editor/assets/default_renderpipeline/builtin-dof-pass.ts from cce:/internal/x/prerequisite-imports as file:///C:/ProgramData/cocos/editors/Creator/3.8.8/resources/resources/3d/engine/editor/assets/default_renderpipeline/builtin-dof-pass.ts.
16:12:27.969 debug: Resolve file:///C:/ProgramData/cocos/editors/Creator/3.8.8/resources/resources/3d/engine/editor/assets/default_renderpipeline/builtin-pipeline-pass.ts from cce:/internal/x/prerequisite-imports as file:///C:/ProgramData/cocos/editors/Creator/3.8.8/resources/resources/3d/engine/editor/assets/default_renderpipeline/builtin-pipeline-pass.ts.
16:12:27.970 debug: Resolve file:///C:/ProgramData/cocos/editors/Creator/3.8.8/resources/resources/3d/engine/editor/assets/default_renderpipeline/builtin-pipeline-settings.ts from cce:/internal/x/prerequisite-imports as file:///C:/ProgramData/cocos/editors/Creator/3.8.8/resources/resources/3d/engine/editor/assets/default_renderpipeline/builtin-pipeline-settings.ts.
16:12:27.971 debug: Resolve file:///C:/ProgramData/cocos/editors/Creator/3.8.8/resources/resources/3d/engine/editor/assets/default_renderpipeline/builtin-pipeline-types.ts from cce:/internal/x/prerequisite-imports as file:///C:/ProgramData/cocos/editors/Creator/3.8.8/resources/resources/3d/engine/editor/assets/default_renderpipeline/builtin-pipeline-types.ts.
16:12:27.972 debug: Resolve file:///C:/ProgramData/cocos/editors/Creator/3.8.8/resources/resources/3d/engine/editor/assets/default_renderpipeline/builtin-pipeline.ts from cce:/internal/x/prerequisite-imports as file:///C:/ProgramData/cocos/editors/Creator/3.8.8/resources/resources/3d/engine/editor/assets/default_renderpipeline/builtin-pipeline.ts.
16:12:27.972 debug: Resolve file:///C:/ProgramData/cocos/editors/Creator/3.8.8/resources/resources/3d/engine/editor/assets/tools/debug-view-runtime-control.ts from cce:/internal/x/prerequisite-imports as file:///C:/ProgramData/cocos/editors/Creator/3.8.8/resources/resources/3d/engine/editor/assets/tools/debug-view-runtime-control.ts.
16:12:27.973 debug: Resolve file:///F:/CocosProject/PLY_Roomtopia_Cocos/assets/7.Scripts/Gameplay/Data.ts from cce:/internal/x/prerequisite-imports as file:///F:/CocosProject/PLY_Roomtopia_Cocos/assets/7.Scripts/Gameplay/Data.ts.
16:12:27.974 debug: Resolve file:///F:/CocosProject/PLY_Roomtopia_Cocos/assets/7.Scripts/Manager/AssetsManagerCustom.ts from cce:/internal/x/prerequisite-imports as file:///F:/CocosProject/PLY_Roomtopia_Cocos/assets/7.Scripts/Manager/AssetsManagerCustom.ts.
16:12:27.976 debug: Resolve file:///F:/CocosProject/PLY_Roomtopia_Cocos/assets/7.Scripts/Manager/Clock.ts from cce:/internal/x/prerequisite-imports as file:///F:/CocosProject/PLY_Roomtopia_Cocos/assets/7.Scripts/Manager/Clock.ts.
16:12:27.977 debug: Resolve file:///F:/CocosProject/PLY_Roomtopia_Cocos/assets/7.Scripts/Manager/InputManager.ts from cce:/internal/x/prerequisite-imports as file:///F:/CocosProject/PLY_Roomtopia_Cocos/assets/7.Scripts/Manager/InputManager.ts.
16:12:27.978 debug: Resolve file:///F:/CocosProject/PLY_Roomtopia_Cocos/assets/7.Scripts/Manager/Joystick.ts from cce:/internal/x/prerequisite-imports as file:///F:/CocosProject/PLY_Roomtopia_Cocos/assets/7.Scripts/Manager/Joystick.ts.
16:12:27.979 debug: Resolve file:///F:/CocosProject/PLY_Roomtopia_Cocos/assets/7.Scripts/Manager/MainCamera.ts from cce:/internal/x/prerequisite-imports as file:///F:/CocosProject/PLY_Roomtopia_Cocos/assets/7.Scripts/Manager/MainCamera.ts.
16:12:27.979 debug: Resolve file:///F:/CocosProject/PLY_Roomtopia_Cocos/assets/7.Scripts/Manager/PointerController.ts from cce:/internal/x/prerequisite-imports as file:///F:/CocosProject/PLY_Roomtopia_Cocos/assets/7.Scripts/Manager/PointerController.ts.
16:12:27.980 debug: Resolve file:///F:/CocosProject/PLY_Roomtopia_Cocos/assets/7.Scripts/Manager/SoundManager.ts from cce:/internal/x/prerequisite-imports as file:///F:/CocosProject/PLY_Roomtopia_Cocos/assets/7.Scripts/Manager/SoundManager.ts.
16:12:27.980 debug: Resolve file:///F:/CocosProject/PLY_Roomtopia_Cocos/assets/7.Scripts/Manager/UI.ts from cce:/internal/x/prerequisite-imports as file:///F:/CocosProject/PLY_Roomtopia_Cocos/assets/7.Scripts/Manager/UI.ts.
16:12:27.981 debug: Resolve file:///F:/CocosProject/PLY_Roomtopia_Cocos/assets/7.Scripts/Manager/VFX.ts from cce:/internal/x/prerequisite-imports as file:///F:/CocosProject/PLY_Roomtopia_Cocos/assets/7.Scripts/Manager/VFX.ts.
16:12:27.981 debug: Resolve file:///F:/CocosProject/PLY_Roomtopia_Cocos/assets/7.Scripts/Manager/World.ts from cce:/internal/x/prerequisite-imports as file:///F:/CocosProject/PLY_Roomtopia_Cocos/assets/7.Scripts/Manager/World.ts.
16:12:27.981 debug: Resolve file:///F:/CocosProject/PLY_Roomtopia_Cocos/assets/7.Scripts/MatchAsset/MatchSprite.ts from cce:/internal/x/prerequisite-imports as file:///F:/CocosProject/PLY_Roomtopia_Cocos/assets/7.Scripts/MatchAsset/MatchSprite.ts.
16:12:27.982 debug: Resolve file:///F:/CocosProject/PLY_Roomtopia_Cocos/assets/7.Scripts/MatchAsset/NodeOrder.ts from cce:/internal/x/prerequisite-imports as file:///F:/CocosProject/PLY_Roomtopia_Cocos/assets/7.Scripts/MatchAsset/NodeOrder.ts.
16:12:27.982 debug: Resolve file:///F:/CocosProject/PLY_Roomtopia_Cocos/assets/7.Scripts/MatchAsset/ReadImagePixel.ts from cce:/internal/x/prerequisite-imports as file:///F:/CocosProject/PLY_Roomtopia_Cocos/assets/7.Scripts/MatchAsset/ReadImagePixel.ts.
16:12:27.983 debug: Resolve file:///F:/CocosProject/PLY_Roomtopia_Cocos/assets/7.Scripts/MatchAsset/SpriteSizeSetter.ts from cce:/internal/x/prerequisite-imports as file:///F:/CocosProject/PLY_Roomtopia_Cocos/assets/7.Scripts/MatchAsset/SpriteSizeSetter.ts.
16:12:27.983 debug: Resolve file:///F:/CocosProject/PLY_Roomtopia_Cocos/assets/7.Scripts/MatchAsset/Ulis.ts from cce:/internal/x/prerequisite-imports as file:///F:/CocosProject/PLY_Roomtopia_Cocos/assets/7.Scripts/MatchAsset/Ulis.ts.
16:12:27.983 debug: Resolve file:///F:/CocosProject/PLY_Roomtopia_Cocos/assets/7.Scripts/Misc/AStar.ts from cce:/internal/x/prerequisite-imports as file:///F:/CocosProject/PLY_Roomtopia_Cocos/assets/7.Scripts/Misc/AStar.ts.
16:12:27.984 debug: Resolve file:///F:/CocosProject/PLY_Roomtopia_Cocos/assets/7.Scripts/Misc/Black.ts from cce:/internal/x/prerequisite-imports as file:///F:/CocosProject/PLY_Roomtopia_Cocos/assets/7.Scripts/Misc/Black.ts.
16:12:27.984 debug: Resolve file:///F:/CocosProject/PLY_Roomtopia_Cocos/assets/7.Scripts/Misc/Cloud.ts from cce:/internal/x/prerequisite-imports as file:///F:/CocosProject/PLY_Roomtopia_Cocos/assets/7.Scripts/Misc/Cloud.ts.
16:12:27.984 debug: Resolve file:///F:/CocosProject/PLY_Roomtopia_Cocos/assets/7.Scripts/Misc/IQ.ts from cce:/internal/x/prerequisite-imports as file:///F:/CocosProject/PLY_Roomtopia_Cocos/assets/7.Scripts/Misc/IQ.ts.
16:12:27.985 debug: Resolve file:///F:/CocosProject/PLY_Roomtopia_Cocos/assets/7.Scripts/Misc/Mats.ts from cce:/internal/x/prerequisite-imports as file:///F:/CocosProject/PLY_Roomtopia_Cocos/assets/7.Scripts/Misc/Mats.ts.
16:12:27.985 debug: Resolve file:///F:/CocosProject/PLY_Roomtopia_Cocos/assets/7.Scripts/Misc/MeshLoader.ts from cce:/internal/x/prerequisite-imports as file:///F:/CocosProject/PLY_Roomtopia_Cocos/assets/7.Scripts/Misc/MeshLoader.ts.
16:12:27.985 debug: Resolve file:///F:/CocosProject/PLY_Roomtopia_Cocos/assets/7.Scripts/Misc/SkinManager.ts from cce:/internal/x/prerequisite-imports as file:///F:/CocosProject/PLY_Roomtopia_Cocos/assets/7.Scripts/Misc/SkinManager.ts.
16:12:27.986 debug: Resolve file:///F:/CocosProject/PLY_Roomtopia_Cocos/assets/7.Scripts/Misc/SplineLineRenderer.ts from cce:/internal/x/prerequisite-imports as file:///F:/CocosProject/PLY_Roomtopia_Cocos/assets/7.Scripts/Misc/SplineLineRenderer.ts.
16:12:27.986 debug: Resolve file:///F:/CocosProject/PLY_Roomtopia_Cocos/assets/7.Scripts/Misc/Tool.ts from cce:/internal/x/prerequisite-imports as file:///F:/CocosProject/PLY_Roomtopia_Cocos/assets/7.Scripts/Misc/Tool.ts.
16:12:27.986 debug: Resolve file:///F:/CocosProject/PLY_Roomtopia_Cocos/assets/7.Scripts/Misc/Tooth.ts from cce:/internal/x/prerequisite-imports as file:///F:/CocosProject/PLY_Roomtopia_Cocos/assets/7.Scripts/Misc/Tooth.ts.
16:12:27.987 debug: Resolve file:///F:/CocosProject/PLY_Roomtopia_Cocos/assets/7.Scripts/Misc/Ulis.ts from cce:/internal/x/prerequisite-imports as file:///F:/CocosProject/PLY_Roomtopia_Cocos/assets/7.Scripts/Misc/Ulis.ts.
16:12:27.987 debug: Resolve file:///F:/CocosProject/PLY_Roomtopia_Cocos/assets/7.Scripts/MyScript/Config/TrayConfig.ts from cce:/internal/x/prerequisite-imports as file:///F:/CocosProject/PLY_Roomtopia_Cocos/assets/7.Scripts/MyScript/Config/TrayConfig.ts.
16:12:27.987 debug: Resolve file:///F:/CocosProject/PLY_Roomtopia_Cocos/assets/7.Scripts/MyScript/Item/BottomBar.ts from cce:/internal/x/prerequisite-imports as file:///F:/CocosProject/PLY_Roomtopia_Cocos/assets/7.Scripts/MyScript/Item/BottomBar.ts.
16:12:27.988 debug: Resolve file:///F:/CocosProject/PLY_Roomtopia_Cocos/assets/7.Scripts/MyScript/Item/BoxBg.ts from cce:/internal/x/prerequisite-imports as file:///F:/CocosProject/PLY_Roomtopia_Cocos/assets/7.Scripts/MyScript/Item/BoxBg.ts.
16:12:27.988 debug: Resolve file:///F:/CocosProject/PLY_Roomtopia_Cocos/assets/7.Scripts/MyScript/Item/FitInBox.ts from cce:/internal/x/prerequisite-imports as file:///F:/CocosProject/PLY_Roomtopia_Cocos/assets/7.Scripts/MyScript/Item/FitInBox.ts.
16:12:27.988 debug: Resolve file:///F:/CocosProject/PLY_Roomtopia_Cocos/assets/7.Scripts/MyScript/Item/ItemController.ts from cce:/internal/x/prerequisite-imports as file:///F:/CocosProject/PLY_Roomtopia_Cocos/assets/7.Scripts/MyScript/Item/ItemController.ts.
16:12:27.989 debug: Resolve file:///F:/CocosProject/PLY_Roomtopia_Cocos/assets/7.Scripts/MyScript/Item/ItemGraphic.ts from cce:/internal/x/prerequisite-imports as file:///F:/CocosProject/PLY_Roomtopia_Cocos/assets/7.Scripts/MyScript/Item/ItemGraphic.ts.
16:12:27.989 debug: Resolve file:///F:/CocosProject/PLY_Roomtopia_Cocos/assets/7.Scripts/MyScript/Item/ItemMovement.ts from cce:/internal/x/prerequisite-imports as file:///F:/CocosProject/PLY_Roomtopia_Cocos/assets/7.Scripts/MyScript/Item/ItemMovement.ts.
16:12:27.990 debug: Resolve file:///F:/CocosProject/PLY_Roomtopia_Cocos/assets/7.Scripts/MyScript/Item/QuadImage.ts from cce:/internal/x/prerequisite-imports as file:///F:/CocosProject/PLY_Roomtopia_Cocos/assets/7.Scripts/MyScript/Item/QuadImage.ts.
16:12:27.990 debug: Resolve file:///F:/CocosProject/PLY_Roomtopia_Cocos/assets/7.Scripts/MyScript/Item/ZoomSlider.ts from cce:/internal/x/prerequisite-imports as file:///F:/CocosProject/PLY_Roomtopia_Cocos/assets/7.Scripts/MyScript/Item/ZoomSlider.ts.
16:12:27.991 debug: Resolve file:///F:/CocosProject/PLY_Roomtopia_Cocos/assets/7.Scripts/MyScript/Manager/GameManager.ts from cce:/internal/x/prerequisite-imports as file:///F:/CocosProject/PLY_Roomtopia_Cocos/assets/7.Scripts/MyScript/Manager/GameManager.ts.
16:12:27.991 debug: Resolve file:///F:/CocosProject/PLY_Roomtopia_Cocos/assets/7.Scripts/MyScript/Manager/HandHintManager.ts from cce:/internal/x/prerequisite-imports as file:///F:/CocosProject/PLY_Roomtopia_Cocos/assets/7.Scripts/MyScript/Manager/HandHintManager.ts.
16:12:27.992 debug: Resolve file:///F:/CocosProject/PLY_Roomtopia_Cocos/assets/7.Scripts/MyScript/Manager/ItemManager.ts from cce:/internal/x/prerequisite-imports as file:///F:/CocosProject/PLY_Roomtopia_Cocos/assets/7.Scripts/MyScript/Manager/ItemManager.ts.
16:12:27.992 debug: Resolve file:///F:/CocosProject/PLY_Roomtopia_Cocos/assets/7.Scripts/MyScript/Manager/ModelRotate.ts from cce:/internal/x/prerequisite-imports as file:///F:/CocosProject/PLY_Roomtopia_Cocos/assets/7.Scripts/MyScript/Manager/ModelRotate.ts.
16:12:27.993 debug: Resolve file:///F:/CocosProject/PLY_Roomtopia_Cocos/assets/7.Scripts/MyScript/ScriptTemplate/ComponentCache.ts from cce:/internal/x/prerequisite-imports as file:///F:/CocosProject/PLY_Roomtopia_Cocos/assets/7.Scripts/MyScript/ScriptTemplate/ComponentCache.ts.
16:12:27.994 debug: Resolve file:///F:/CocosProject/PLY_Roomtopia_Cocos/assets/7.Scripts/MyScript/ScriptTemplate/Ply_GameUnit.ts from cce:/internal/x/prerequisite-imports as file:///F:/CocosProject/PLY_Roomtopia_Cocos/assets/7.Scripts/MyScript/ScriptTemplate/Ply_GameUnit.ts.
16:12:27.994 debug: Resolve file:///F:/CocosProject/PLY_Roomtopia_Cocos/assets/7.Scripts/MyScript/ScriptTemplate/Ply_Pool.ts from cce:/internal/x/prerequisite-imports as file:///F:/CocosProject/PLY_Roomtopia_Cocos/assets/7.Scripts/MyScript/ScriptTemplate/Ply_Pool.ts.
16:12:27.995 debug: Resolve file:///F:/CocosProject/PLY_Roomtopia_Cocos/assets/7.Scripts/MyScript/ScriptTemplate/Ply_Singleton.ts from cce:/internal/x/prerequisite-imports as file:///F:/CocosProject/PLY_Roomtopia_Cocos/assets/7.Scripts/MyScript/ScriptTemplate/Ply_Singleton.ts.
16:12:27.995 debug: Resolve file:///F:/CocosProject/PLY_Roomtopia_Cocos/assets/7.Scripts/MyScript/ScriptTemplate/Ply_SoundManager.ts from cce:/internal/x/prerequisite-imports as file:///F:/CocosProject/PLY_Roomtopia_Cocos/assets/7.Scripts/MyScript/ScriptTemplate/Ply_SoundManager.ts.
16:12:27.995 debug: Resolve file:///F:/CocosProject/PLY_Roomtopia_Cocos/assets/7.Scripts/MyScript/ScriptTemplate/Ply_Types.ts from cce:/internal/x/prerequisite-imports as file:///F:/CocosProject/PLY_Roomtopia_Cocos/assets/7.Scripts/MyScript/ScriptTemplate/Ply_Types.ts.
16:12:27.996 debug: Resolve file:///F:/CocosProject/PLY_Roomtopia_Cocos/assets/7.Scripts/MyScript/ScriptTemplate/Yielders.ts from cce:/internal/x/prerequisite-imports as file:///F:/CocosProject/PLY_Roomtopia_Cocos/assets/7.Scripts/MyScript/ScriptTemplate/Yielders.ts.
16:12:27.996 debug: Resolve file:///F:/CocosProject/PLY_Roomtopia_Cocos/assets/7.Scripts/MyScript/Utils/SnapEffect.ts from cce:/internal/x/prerequisite-imports as file:///F:/CocosProject/PLY_Roomtopia_Cocos/assets/7.Scripts/MyScript/Utils/SnapEffect.ts.
16:12:27.997 debug: Detected change: file:///F:/CocosProject/PLY_Roomtopia_Cocos/assets/7.Scripts/MyScript/Utils/SnapEffect.ts. Last mtime: Tue Sep 22 2026 15:58:23 GMT+0700 (Indochina Time)@b20530d8-e1d2-477a-8802-6ad83263fcf2, Current mtime: Tue Sep 22 2026 16:12:00 GMT+0700 (Indochina Time)@b20530d8-e1d2-477a-8802-6ad83263fcf2
16:12:27.997 debug: Inspect file:///F:/CocosProject/PLY_Roomtopia_Cocos/assets/7.Scripts/MyScript/Utils/SnapEffect.ts
16:12:28.073 debug: transform url: 'file:///F:/CocosProject/PLY_Roomtopia_Cocos/assets/7.Scripts/MyScript/Utils/SnapEffect.ts' costs: 76.50 ms
16:12:28.076 debug: Resolve file:///F:/CocosProject/PLY_Roomtopia_Cocos/assets/7.Scripts/MyScript/Utils/WinReact.ts from cce:/internal/x/prerequisite-imports as file:///F:/CocosProject/PLY_Roomtopia_Cocos/assets/7.Scripts/MyScript/Utils/WinReact.ts.
16:12:28.076 debug: Resolve file:///F:/CocosProject/PLY_Roomtopia_Cocos/assets/7.Scripts/Pool/PoolControl.ts from cce:/internal/x/prerequisite-imports as file:///F:/CocosProject/PLY_Roomtopia_Cocos/assets/7.Scripts/Pool/PoolControl.ts.
16:12:28.077 debug: Resolve file:///F:/CocosProject/PLY_Roomtopia_Cocos/assets/7.Scripts/Pool/PoolManager.ts from cce:/internal/x/prerequisite-imports as file:///F:/CocosProject/PLY_Roomtopia_Cocos/assets/7.Scripts/Pool/PoolManager.ts.
16:12:28.077 debug: Resolve file:///F:/CocosProject/PLY_Roomtopia_Cocos/assets/7.Scripts/Pool/PoolMember.ts from cce:/internal/x/prerequisite-imports as file:///F:/CocosProject/PLY_Roomtopia_Cocos/assets/7.Scripts/Pool/PoolMember.ts.
16:12:28.078 debug: Resolve file:///F:/CocosProject/PLY_Roomtopia_Cocos/assets/7.Scripts/Sand/SandSimulation.ts from cce:/internal/x/prerequisite-imports as file:///F:/CocosProject/PLY_Roomtopia_Cocos/assets/7.Scripts/Sand/SandSimulation.ts.
16:12:28.078 debug: Resolve file:///F:/CocosProject/PLY_Roomtopia_Cocos/assets/7.Scripts/Tool/AppLovinAnalytics.ts from cce:/internal/x/prerequisite-imports as file:///F:/CocosProject/PLY_Roomtopia_Cocos/assets/7.Scripts/Tool/AppLovinAnalytics.ts.
16:12:28.078 debug: Resolve file:///F:/CocosProject/PLY_Roomtopia_Cocos/assets/7.Scripts/Tool/GameController.ts from cce:/internal/x/prerequisite-imports as file:///F:/CocosProject/PLY_Roomtopia_Cocos/assets/7.Scripts/Tool/GameController.ts.
16:12:28.079 debug: Resolve cce:/internal/code-quality/cr.mjs from file:///F:/CocosProject/PLY_Roomtopia_Cocos/assets/7.Scripts/MyScript/Utils/SnapEffect.ts as cce:/internal/code-quality/cr.mjs.
16:12:28.079 debug: Resolve cc from file:///F:/CocosProject/PLY_Roomtopia_Cocos/assets/7.Scripts/MyScript/Utils/SnapEffect.ts as cce:/internal/x/cc.
16:12:28.079 debug: Resolve cc from file:///F:/CocosProject/PLY_Roomtopia_Cocos/assets/7.Scripts/MyScript/Utils/SnapEffect.ts as cce:/internal/x/cc.
16:12:28.079 debug: Resolve cc from file:///F:/CocosProject/PLY_Roomtopia_Cocos/assets/7.Scripts/MyScript/Utils/SnapEffect.ts as cce:/internal/x/cc.
16:12:28.080 debug: Resolve ./WinReact from file:///F:/CocosProject/PLY_Roomtopia_Cocos/assets/7.Scripts/MyScript/Utils/SnapEffect.ts as file:///F:/CocosProject/PLY_Roomtopia_Cocos/assets/7.Scripts/MyScript/Utils/WinReact.ts.
16:12:28.080 debug: Resolve ../Manager/GameManager from file:///F:/CocosProject/PLY_Roomtopia_Cocos/assets/7.Scripts/MyScript/Utils/SnapEffect.ts as file:///F:/CocosProject/PLY_Roomtopia_Cocos/assets/7.Scripts/MyScript/Manager/GameManager.ts.
16:12:28.081 debug: Resolve ../Item/ItemGraphic from file:///F:/CocosProject/PLY_Roomtopia_Cocos/assets/7.Scripts/MyScript/Utils/SnapEffect.ts as file:///F:/CocosProject/PLY_Roomtopia_Cocos/assets/7.Scripts/MyScript/Item/ItemGraphic.ts.
16:12:28.081 debug: Resolve ../../Manager/UI from file:///F:/CocosProject/PLY_Roomtopia_Cocos/assets/7.Scripts/MyScript/Utils/SnapEffect.ts as file:///F:/CocosProject/PLY_Roomtopia_Cocos/assets/7.Scripts/Manager/UI.ts.
16:12:28.120 debug: Target(editor) ends with cost 174.73139999993145ms.
16:12:28.121 debug: Target(preview) build started.
16:12:28.124 debug: Detected change: cce:/internal/x/prerequisite-imports. Last mtime: Thu Jan 01 1970 07:20:31 GMT+0700 (Indochina Time), Current mtime: Thu Jan 01 1970 07:24:37 GMT+0700 (Indochina Time)
16:12:28.124 debug: Inspect cce:/internal/x/prerequisite-imports
16:12:28.145 debug: transform url: 'cce:/internal/x/prerequisite-imports' costs: 20.40 ms
16:12:28.147 debug: Resolve file:///C:/ProgramData/cocos/editors/Creator/3.8.8/resources/resources/3d/engine/editor/assets/default_renderpipeline/builtin-dof-pass.ts from cce:/internal/x/prerequisite-imports as file:///C:/ProgramData/cocos/editors/Creator/3.8.8/resources/resources/3d/engine/editor/assets/default_renderpipeline/builtin-dof-pass.ts.
16:12:28.148 debug: Resolve file:///C:/ProgramData/cocos/editors/Creator/3.8.8/resources/resources/3d/engine/editor/assets/default_renderpipeline/builtin-pipeline-pass.ts from cce:/internal/x/prerequisite-imports as file:///C:/ProgramData/cocos/editors/Creator/3.8.8/resources/resources/3d/engine/editor/assets/default_renderpipeline/builtin-pipeline-pass.ts.
16:12:28.149 debug: Resolve file:///C:/ProgramData/cocos/editors/Creator/3.8.8/resources/resources/3d/engine/editor/assets/default_renderpipeline/builtin-pipeline-settings.ts from cce:/internal/x/prerequisite-imports as file:///C:/ProgramData/cocos/editors/Creator/3.8.8/resources/resources/3d/engine/editor/assets/default_renderpipeline/builtin-pipeline-settings.ts.
16:12:28.149 debug: Resolve file:///C:/ProgramData/cocos/editors/Creator/3.8.8/resources/resources/3d/engine/editor/assets/default_renderpipeline/builtin-pipeline-types.ts from cce:/internal/x/prerequisite-imports as file:///C:/ProgramData/cocos/editors/Creator/3.8.8/resources/resources/3d/engine/editor/assets/default_renderpipeline/builtin-pipeline-types.ts.
16:12:28.150 debug: Resolve file:///C:/ProgramData/cocos/editors/Creator/3.8.8/resources/resources/3d/engine/editor/assets/default_renderpipeline/builtin-pipeline.ts from cce:/internal/x/prerequisite-imports as file:///C:/ProgramData/cocos/editors/Creator/3.8.8/resources/resources/3d/engine/editor/assets/default_renderpipeline/builtin-pipeline.ts.
16:12:28.151 debug: Resolve file:///C:/ProgramData/cocos/editors/Creator/3.8.8/resources/resources/3d/engine/editor/assets/tools/debug-view-runtime-control.ts from cce:/internal/x/prerequisite-imports as file:///C:/ProgramData/cocos/editors/Creator/3.8.8/resources/resources/3d/engine/editor/assets/tools/debug-view-runtime-control.ts.
16:12:28.151 debug: Resolve file:///F:/CocosProject/PLY_Roomtopia_Cocos/assets/7.Scripts/Gameplay/Data.ts from cce:/internal/x/prerequisite-imports as file:///F:/CocosProject/PLY_Roomtopia_Cocos/assets/7.Scripts/Gameplay/Data.ts.
16:12:28.152 debug: Resolve file:///F:/CocosProject/PLY_Roomtopia_Cocos/assets/7.Scripts/Manager/AssetsManagerCustom.ts from cce:/internal/x/prerequisite-imports as file:///F:/CocosProject/PLY_Roomtopia_Cocos/assets/7.Scripts/Manager/AssetsManagerCustom.ts.
16:12:28.152 debug: Resolve file:///F:/CocosProject/PLY_Roomtopia_Cocos/assets/7.Scripts/Manager/Clock.ts from cce:/internal/x/prerequisite-imports as file:///F:/CocosProject/PLY_Roomtopia_Cocos/assets/7.Scripts/Manager/Clock.ts.
16:12:28.153 debug: Resolve file:///F:/CocosProject/PLY_Roomtopia_Cocos/assets/7.Scripts/Manager/InputManager.ts from cce:/internal/x/prerequisite-imports as file:///F:/CocosProject/PLY_Roomtopia_Cocos/assets/7.Scripts/Manager/InputManager.ts.
16:12:28.153 debug: Resolve file:///F:/CocosProject/PLY_Roomtopia_Cocos/assets/7.Scripts/Manager/Joystick.ts from cce:/internal/x/prerequisite-imports as file:///F:/CocosProject/PLY_Roomtopia_Cocos/assets/7.Scripts/Manager/Joystick.ts.
16:12:28.153 debug: Resolve file:///F:/CocosProject/PLY_Roomtopia_Cocos/assets/7.Scripts/Manager/MainCamera.ts from cce:/internal/x/prerequisite-imports as file:///F:/CocosProject/PLY_Roomtopia_Cocos/assets/7.Scripts/Manager/MainCamera.ts.
16:12:28.154 debug: Resolve file:///F:/CocosProject/PLY_Roomtopia_Cocos/assets/7.Scripts/Manager/PointerController.ts from cce:/internal/x/prerequisite-imports as file:///F:/CocosProject/PLY_Roomtopia_Cocos/assets/7.Scripts/Manager/PointerController.ts.
16:12:28.154 debug: Resolve file:///F:/CocosProject/PLY_Roomtopia_Cocos/assets/7.Scripts/Manager/SoundManager.ts from cce:/internal/x/prerequisite-imports as file:///F:/CocosProject/PLY_Roomtopia_Cocos/assets/7.Scripts/Manager/SoundManager.ts.
16:12:28.155 debug: Resolve file:///F:/CocosProject/PLY_Roomtopia_Cocos/assets/7.Scripts/Manager/UI.ts from cce:/internal/x/prerequisite-imports as file:///F:/CocosProject/PLY_Roomtopia_Cocos/assets/7.Scripts/Manager/UI.ts.
16:12:28.155 debug: Resolve file:///F:/CocosProject/PLY_Roomtopia_Cocos/assets/7.Scripts/Manager/VFX.ts from cce:/internal/x/prerequisite-imports as file:///F:/CocosProject/PLY_Roomtopia_Cocos/assets/7.Scripts/Manager/VFX.ts.
16:12:28.156 debug: Resolve file:///F:/CocosProject/PLY_Roomtopia_Cocos/assets/7.Scripts/Manager/World.ts from cce:/internal/x/prerequisite-imports as file:///F:/CocosProject/PLY_Roomtopia_Cocos/assets/7.Scripts/Manager/World.ts.
16:12:28.156 debug: Resolve file:///F:/CocosProject/PLY_Roomtopia_Cocos/assets/7.Scripts/MatchAsset/MatchSprite.ts from cce:/internal/x/prerequisite-imports as file:///F:/CocosProject/PLY_Roomtopia_Cocos/assets/7.Scripts/MatchAsset/MatchSprite.ts.
16:12:28.157 debug: Resolve file:///F:/CocosProject/PLY_Roomtopia_Cocos/assets/7.Scripts/MatchAsset/NodeOrder.ts from cce:/internal/x/prerequisite-imports as file:///F:/CocosProject/PLY_Roomtopia_Cocos/assets/7.Scripts/MatchAsset/NodeOrder.ts.
16:12:28.157 debug: Resolve file:///F:/CocosProject/PLY_Roomtopia_Cocos/assets/7.Scripts/MatchAsset/ReadImagePixel.ts from cce:/internal/x/prerequisite-imports as file:///F:/CocosProject/PLY_Roomtopia_Cocos/assets/7.Scripts/MatchAsset/ReadImagePixel.ts.
16:12:28.158 debug: Resolve file:///F:/CocosProject/PLY_Roomtopia_Cocos/assets/7.Scripts/MatchAsset/SpriteSizeSetter.ts from cce:/internal/x/prerequisite-imports as file:///F:/CocosProject/PLY_Roomtopia_Cocos/assets/7.Scripts/MatchAsset/SpriteSizeSetter.ts.
16:12:28.158 debug: Resolve file:///F:/CocosProject/PLY_Roomtopia_Cocos/assets/7.Scripts/MatchAsset/Ulis.ts from cce:/internal/x/prerequisite-imports as file:///F:/CocosProject/PLY_Roomtopia_Cocos/assets/7.Scripts/MatchAsset/Ulis.ts.
16:12:28.159 debug: Resolve file:///F:/CocosProject/PLY_Roomtopia_Cocos/assets/7.Scripts/Misc/AStar.ts from cce:/internal/x/prerequisite-imports as file:///F:/CocosProject/PLY_Roomtopia_Cocos/assets/7.Scripts/Misc/AStar.ts.
16:12:28.159 debug: Resolve file:///F:/CocosProject/PLY_Roomtopia_Cocos/assets/7.Scripts/Misc/Black.ts from cce:/internal/x/prerequisite-imports as file:///F:/CocosProject/PLY_Roomtopia_Cocos/assets/7.Scripts/Misc/Black.ts.
16:12:28.161 debug: Resolve file:///F:/CocosProject/PLY_Roomtopia_Cocos/assets/7.Scripts/Misc/Cloud.ts from cce:/internal/x/prerequisite-imports as file:///F:/CocosProject/PLY_Roomtopia_Cocos/assets/7.Scripts/Misc/Cloud.ts.
16:12:28.161 debug: Resolve file:///F:/CocosProject/PLY_Roomtopia_Cocos/assets/7.Scripts/Misc/IQ.ts from cce:/internal/x/prerequisite-imports as file:///F:/CocosProject/PLY_Roomtopia_Cocos/assets/7.Scripts/Misc/IQ.ts.
16:12:28.162 debug: Resolve file:///F:/CocosProject/PLY_Roomtopia_Cocos/assets/7.Scripts/Misc/Mats.ts from cce:/internal/x/prerequisite-imports as file:///F:/CocosProject/PLY_Roomtopia_Cocos/assets/7.Scripts/Misc/Mats.ts.
16:12:28.162 debug: Resolve file:///F:/CocosProject/PLY_Roomtopia_Cocos/assets/7.Scripts/Misc/MeshLoader.ts from cce:/internal/x/prerequisite-imports as file:///F:/CocosProject/PLY_Roomtopia_Cocos/assets/7.Scripts/Misc/MeshLoader.ts.
16:12:28.163 debug: Resolve file:///F:/CocosProject/PLY_Roomtopia_Cocos/assets/7.Scripts/Misc/SkinManager.ts from cce:/internal/x/prerequisite-imports as file:///F:/CocosProject/PLY_Roomtopia_Cocos/assets/7.Scripts/Misc/SkinManager.ts.
16:12:28.163 debug: Resolve file:///F:/CocosProject/PLY_Roomtopia_Cocos/assets/7.Scripts/Misc/SplineLineRenderer.ts from cce:/internal/x/prerequisite-imports as file:///F:/CocosProject/PLY_Roomtopia_Cocos/assets/7.Scripts/Misc/SplineLineRenderer.ts.
16:12:28.164 debug: Resolve file:///F:/CocosProject/PLY_Roomtopia_Cocos/assets/7.Scripts/Misc/Tool.ts from cce:/internal/x/prerequisite-imports as file:///F:/CocosProject/PLY_Roomtopia_Cocos/assets/7.Scripts/Misc/Tool.ts.
16:12:28.164 debug: Resolve file:///F:/CocosProject/PLY_Roomtopia_Cocos/assets/7.Scripts/Misc/Tooth.ts from cce:/internal/x/prerequisite-imports as file:///F:/CocosProject/PLY_Roomtopia_Cocos/assets/7.Scripts/Misc/Tooth.ts.
16:12:28.164 debug: Resolve file:///F:/CocosProject/PLY_Roomtopia_Cocos/assets/7.Scripts/Misc/Ulis.ts from cce:/internal/x/prerequisite-imports as file:///F:/CocosProject/PLY_Roomtopia_Cocos/assets/7.Scripts/Misc/Ulis.ts.
16:12:28.165 debug: Resolve file:///F:/CocosProject/PLY_Roomtopia_Cocos/assets/7.Scripts/MyScript/Config/TrayConfig.ts from cce:/internal/x/prerequisite-imports as file:///F:/CocosProject/PLY_Roomtopia_Cocos/assets/7.Scripts/MyScript/Config/TrayConfig.ts.
16:12:28.165 debug: Resolve file:///F:/CocosProject/PLY_Roomtopia_Cocos/assets/7.Scripts/MyScript/Item/BottomBar.ts from cce:/internal/x/prerequisite-imports as file:///F:/CocosProject/PLY_Roomtopia_Cocos/assets/7.Scripts/MyScript/Item/BottomBar.ts.
16:12:28.166 debug: Resolve file:///F:/CocosProject/PLY_Roomtopia_Cocos/assets/7.Scripts/MyScript/Item/BoxBg.ts from cce:/internal/x/prerequisite-imports as file:///F:/CocosProject/PLY_Roomtopia_Cocos/assets/7.Scripts/MyScript/Item/BoxBg.ts.
16:12:28.166 debug: Resolve file:///F:/CocosProject/PLY_Roomtopia_Cocos/assets/7.Scripts/MyScript/Item/FitInBox.ts from cce:/internal/x/prerequisite-imports as file:///F:/CocosProject/PLY_Roomtopia_Cocos/assets/7.Scripts/MyScript/Item/FitInBox.ts.
16:12:28.167 debug: Resolve file:///F:/CocosProject/PLY_Roomtopia_Cocos/assets/7.Scripts/MyScript/Item/ItemController.ts from cce:/internal/x/prerequisite-imports as file:///F:/CocosProject/PLY_Roomtopia_Cocos/assets/7.Scripts/MyScript/Item/ItemController.ts.
16:12:28.167 debug: Resolve file:///F:/CocosProject/PLY_Roomtopia_Cocos/assets/7.Scripts/MyScript/Item/ItemGraphic.ts from cce:/internal/x/prerequisite-imports as file:///F:/CocosProject/PLY_Roomtopia_Cocos/assets/7.Scripts/MyScript/Item/ItemGraphic.ts.
16:12:28.168 debug: Resolve file:///F:/CocosProject/PLY_Roomtopia_Cocos/assets/7.Scripts/MyScript/Item/ItemMovement.ts from cce:/internal/x/prerequisite-imports as file:///F:/CocosProject/PLY_Roomtopia_Cocos/assets/7.Scripts/MyScript/Item/ItemMovement.ts.
16:12:28.168 debug: Resolve file:///F:/CocosProject/PLY_Roomtopia_Cocos/assets/7.Scripts/MyScript/Item/QuadImage.ts from cce:/internal/x/prerequisite-imports as file:///F:/CocosProject/PLY_Roomtopia_Cocos/assets/7.Scripts/MyScript/Item/QuadImage.ts.
16:12:28.168 debug: Resolve file:///F:/CocosProject/PLY_Roomtopia_Cocos/assets/7.Scripts/MyScript/Item/ZoomSlider.ts from cce:/internal/x/prerequisite-imports as file:///F:/CocosProject/PLY_Roomtopia_Cocos/assets/7.Scripts/MyScript/Item/ZoomSlider.ts.
16:12:28.169 debug: Resolve file:///F:/CocosProject/PLY_Roomtopia_Cocos/assets/7.Scripts/MyScript/Manager/GameManager.ts from cce:/internal/x/prerequisite-imports as file:///F:/CocosProject/PLY_Roomtopia_Cocos/assets/7.Scripts/MyScript/Manager/GameManager.ts.
16:12:28.169 debug: Resolve file:///F:/CocosProject/PLY_Roomtopia_Cocos/assets/7.Scripts/MyScript/Manager/HandHintManager.ts from cce:/internal/x/prerequisite-imports as file:///F:/CocosProject/PLY_Roomtopia_Cocos/assets/7.Scripts/MyScript/Manager/HandHintManager.ts.
16:12:28.170 debug: Resolve file:///F:/CocosProject/PLY_Roomtopia_Cocos/assets/7.Scripts/MyScript/Manager/ItemManager.ts from cce:/internal/x/prerequisite-imports as file:///F:/CocosProject/PLY_Roomtopia_Cocos/assets/7.Scripts/MyScript/Manager/ItemManager.ts.
16:12:28.170 debug: Resolve file:///F:/CocosProject/PLY_Roomtopia_Cocos/assets/7.Scripts/MyScript/Manager/ModelRotate.ts from cce:/internal/x/prerequisite-imports as file:///F:/CocosProject/PLY_Roomtopia_Cocos/assets/7.Scripts/MyScript/Manager/ModelRotate.ts.
16:12:28.170 debug: Resolve file:///F:/CocosProject/PLY_Roomtopia_Cocos/assets/7.Scripts/MyScript/ScriptTemplate/ComponentCache.ts from cce:/internal/x/prerequisite-imports as file:///F:/CocosProject/PLY_Roomtopia_Cocos/assets/7.Scripts/MyScript/ScriptTemplate/ComponentCache.ts.
16:12:28.171 debug: Resolve file:///F:/CocosProject/PLY_Roomtopia_Cocos/assets/7.Scripts/MyScript/ScriptTemplate/Ply_GameUnit.ts from cce:/internal/x/prerequisite-imports as file:///F:/CocosProject/PLY_Roomtopia_Cocos/assets/7.Scripts/MyScript/ScriptTemplate/Ply_GameUnit.ts.
16:12:28.171 debug: Resolve file:///F:/CocosProject/PLY_Roomtopia_Cocos/assets/7.Scripts/MyScript/ScriptTemplate/Ply_Pool.ts from cce:/internal/x/prerequisite-imports as file:///F:/CocosProject/PLY_Roomtopia_Cocos/assets/7.Scripts/MyScript/ScriptTemplate/Ply_Pool.ts.
16:12:28.172 debug: Resolve file:///F:/CocosProject/PLY_Roomtopia_Cocos/assets/7.Scripts/MyScript/ScriptTemplate/Ply_Singleton.ts from cce:/internal/x/prerequisite-imports as file:///F:/CocosProject/PLY_Roomtopia_Cocos/assets/7.Scripts/MyScript/ScriptTemplate/Ply_Singleton.ts.
16:12:28.172 debug: Resolve file:///F:/CocosProject/PLY_Roomtopia_Cocos/assets/7.Scripts/MyScript/ScriptTemplate/Ply_SoundManager.ts from cce:/internal/x/prerequisite-imports as file:///F:/CocosProject/PLY_Roomtopia_Cocos/assets/7.Scripts/MyScript/ScriptTemplate/Ply_SoundManager.ts.
16:12:28.172 debug: Resolve file:///F:/CocosProject/PLY_Roomtopia_Cocos/assets/7.Scripts/MyScript/ScriptTemplate/Ply_Types.ts from cce:/internal/x/prerequisite-imports as file:///F:/CocosProject/PLY_Roomtopia_Cocos/assets/7.Scripts/MyScript/ScriptTemplate/Ply_Types.ts.
16:12:28.173 debug: Resolve file:///F:/CocosProject/PLY_Roomtopia_Cocos/assets/7.Scripts/MyScript/ScriptTemplate/Yielders.ts from cce:/internal/x/prerequisite-imports as file:///F:/CocosProject/PLY_Roomtopia_Cocos/assets/7.Scripts/MyScript/ScriptTemplate/Yielders.ts.
16:12:28.173 debug: Resolve file:///F:/CocosProject/PLY_Roomtopia_Cocos/assets/7.Scripts/MyScript/Utils/SnapEffect.ts from cce:/internal/x/prerequisite-imports as file:///F:/CocosProject/PLY_Roomtopia_Cocos/assets/7.Scripts/MyScript/Utils/SnapEffect.ts.
16:12:28.174 debug: Detected change: file:///F:/CocosProject/PLY_Roomtopia_Cocos/assets/7.Scripts/MyScript/Utils/SnapEffect.ts. Last mtime: Tue Sep 22 2026 15:58:23 GMT+0700 (Indochina Time)@b20530d8-e1d2-477a-8802-6ad83263fcf2, Current mtime: Tue Sep 22 2026 16:12:00 GMT+0700 (Indochina Time)@b20530d8-e1d2-477a-8802-6ad83263fcf2
16:12:28.174 debug: Inspect file:///F:/CocosProject/PLY_Roomtopia_Cocos/assets/7.Scripts/MyScript/Utils/SnapEffect.ts
16:12:28.254 debug: transform url: 'file:///F:/CocosProject/PLY_Roomtopia_Cocos/assets/7.Scripts/MyScript/Utils/SnapEffect.ts' costs: 80.50 ms
16:12:28.256 debug: Resolve file:///F:/CocosProject/PLY_Roomtopia_Cocos/assets/7.Scripts/MyScript/Utils/WinReact.ts from cce:/internal/x/prerequisite-imports as file:///F:/CocosProject/PLY_Roomtopia_Cocos/assets/7.Scripts/MyScript/Utils/WinReact.ts.
16:12:28.256 debug: Resolve file:///F:/CocosProject/PLY_Roomtopia_Cocos/assets/7.Scripts/Pool/PoolControl.ts from cce:/internal/x/prerequisite-imports as file:///F:/CocosProject/PLY_Roomtopia_Cocos/assets/7.Scripts/Pool/PoolControl.ts.
16:12:28.257 debug: Resolve file:///F:/CocosProject/PLY_Roomtopia_Cocos/assets/7.Scripts/Pool/PoolManager.ts from cce:/internal/x/prerequisite-imports as file:///F:/CocosProject/PLY_Roomtopia_Cocos/assets/7.Scripts/Pool/PoolManager.ts.
16:12:28.257 debug: Resolve file:///F:/CocosProject/PLY_Roomtopia_Cocos/assets/7.Scripts/Pool/PoolMember.ts from cce:/internal/x/prerequisite-imports as file:///F:/CocosProject/PLY_Roomtopia_Cocos/assets/7.Scripts/Pool/PoolMember.ts.
16:12:28.258 debug: Resolve file:///F:/CocosProject/PLY_Roomtopia_Cocos/assets/7.Scripts/Sand/SandSimulation.ts from cce:/internal/x/prerequisite-imports as file:///F:/CocosProject/PLY_Roomtopia_Cocos/assets/7.Scripts/Sand/SandSimulation.ts.
16:12:28.259 debug: Resolve file:///F:/CocosProject/PLY_Roomtopia_Cocos/assets/7.Scripts/Tool/AppLovinAnalytics.ts from cce:/internal/x/prerequisite-imports as file:///F:/CocosProject/PLY_Roomtopia_Cocos/assets/7.Scripts/Tool/AppLovinAnalytics.ts.
16:12:28.259 debug: Resolve file:///F:/CocosProject/PLY_Roomtopia_Cocos/assets/7.Scripts/Tool/GameController.ts from cce:/internal/x/prerequisite-imports as file:///F:/CocosProject/PLY_Roomtopia_Cocos/assets/7.Scripts/Tool/GameController.ts.
16:12:28.261 debug: Resolve cce:/internal/code-quality/cr.mjs from file:///F:/CocosProject/PLY_Roomtopia_Cocos/assets/7.Scripts/MyScript/Utils/SnapEffect.ts as cce:/internal/code-quality/cr.mjs.
16:12:28.261 debug: Resolve cc from file:///F:/CocosProject/PLY_Roomtopia_Cocos/assets/7.Scripts/MyScript/Utils/SnapEffect.ts as cce:/internal/x/cc.
16:12:28.261 debug: Resolve cc from file:///F:/CocosProject/PLY_Roomtopia_Cocos/assets/7.Scripts/MyScript/Utils/SnapEffect.ts as cce:/internal/x/cc.
16:12:28.261 debug: Resolve cc from file:///F:/CocosProject/PLY_Roomtopia_Cocos/assets/7.Scripts/MyScript/Utils/SnapEffect.ts as cce:/internal/x/cc.
16:12:28.261 debug: Resolve ./WinReact from file:///F:/CocosProject/PLY_Roomtopia_Cocos/assets/7.Scripts/MyScript/Utils/SnapEffect.ts as file:///F:/CocosProject/PLY_Roomtopia_Cocos/assets/7.Scripts/MyScript/Utils/WinReact.ts.
16:12:28.262 debug: Resolve ../Manager/GameManager from file:///F:/CocosProject/PLY_Roomtopia_Cocos/assets/7.Scripts/MyScript/Utils/SnapEffect.ts as file:///F:/CocosProject/PLY_Roomtopia_Cocos/assets/7.Scripts/MyScript/Manager/GameManager.ts.
16:12:28.262 debug: Resolve ../Item/ItemGraphic from file:///F:/CocosProject/PLY_Roomtopia_Cocos/assets/7.Scripts/MyScript/Utils/SnapEffect.ts as file:///F:/CocosProject/PLY_Roomtopia_Cocos/assets/7.Scripts/MyScript/Item/ItemGraphic.ts.
16:12:28.263 debug: Resolve ../../Manager/UI from file:///F:/CocosProject/PLY_Roomtopia_Cocos/assets/7.Scripts/MyScript/Utils/SnapEffect.ts as file:///F:/CocosProject/PLY_Roomtopia_Cocos/assets/7.Scripts/Manager/UI.ts.
16:12:28.307 debug: Target(preview) ends with cost 185.91250000009313ms.
16:13:47.102 debug: Dispatch build request for time accumulated 1 asset changes.
16:13:47.104 debug: Build iteration starts.
Number of accumulated asset changes: 1
Feature changed: false
16:13:47.104 debug: Target(editor) build started.
16:13:47.107 debug: Detected change: cce:/internal/x/prerequisite-imports. Last mtime: Thu Jan 01 1970 07:24:37 GMT+0700 (Indochina Time), Current mtime: Thu Jan 01 1970 07:25:56 GMT+0700 (Indochina Time)
16:13:47.107 debug: Inspect cce:/internal/x/prerequisite-imports
16:13:47.123 debug: transform url: 'cce:/internal/x/prerequisite-imports' costs: 16.60 ms
16:13:47.126 debug: Resolve file:///C:/ProgramData/cocos/editors/Creator/3.8.8/resources/resources/3d/engine/editor/assets/default_renderpipeline/builtin-dof-pass.ts from cce:/internal/x/prerequisite-imports as file:///C:/ProgramData/cocos/editors/Creator/3.8.8/resources/resources/3d/engine/editor/assets/default_renderpipeline/builtin-dof-pass.ts.
16:13:47.127 debug: Resolve file:///C:/ProgramData/cocos/editors/Creator/3.8.8/resources/resources/3d/engine/editor/assets/default_renderpipeline/builtin-pipeline-pass.ts from cce:/internal/x/prerequisite-imports as file:///C:/ProgramData/cocos/editors/Creator/3.8.8/resources/resources/3d/engine/editor/assets/default_renderpipeline/builtin-pipeline-pass.ts.
16:13:47.129 debug: Resolve file:///C:/ProgramData/cocos/editors/Creator/3.8.8/resources/resources/3d/engine/editor/assets/default_renderpipeline/builtin-pipeline-settings.ts from cce:/internal/x/prerequisite-imports as file:///C:/ProgramData/cocos/editors/Creator/3.8.8/resources/resources/3d/engine/editor/assets/default_renderpipeline/builtin-pipeline-settings.ts.
16:13:47.130 debug: Resolve file:///C:/ProgramData/cocos/editors/Creator/3.8.8/resources/resources/3d/engine/editor/assets/default_renderpipeline/builtin-pipeline-types.ts from cce:/internal/x/prerequisite-imports as file:///C:/ProgramData/cocos/editors/Creator/3.8.8/resources/resources/3d/engine/editor/assets/default_renderpipeline/builtin-pipeline-types.ts.
16:13:47.131 debug: Resolve file:///C:/ProgramData/cocos/editors/Creator/3.8.8/resources/resources/3d/engine/editor/assets/default_renderpipeline/builtin-pipeline.ts from cce:/internal/x/prerequisite-imports as file:///C:/ProgramData/cocos/editors/Creator/3.8.8/resources/resources/3d/engine/editor/assets/default_renderpipeline/builtin-pipeline.ts.
16:13:47.132 debug: Resolve file:///C:/ProgramData/cocos/editors/Creator/3.8.8/resources/resources/3d/engine/editor/assets/tools/debug-view-runtime-control.ts from cce:/internal/x/prerequisite-imports as file:///C:/ProgramData/cocos/editors/Creator/3.8.8/resources/resources/3d/engine/editor/assets/tools/debug-view-runtime-control.ts.
16:13:47.133 debug: Resolve file:///F:/CocosProject/PLY_Roomtopia_Cocos/assets/7.Scripts/Gameplay/Data.ts from cce:/internal/x/prerequisite-imports as file:///F:/CocosProject/PLY_Roomtopia_Cocos/assets/7.Scripts/Gameplay/Data.ts.
16:13:47.133 debug: Resolve file:///F:/CocosProject/PLY_Roomtopia_Cocos/assets/7.Scripts/Manager/AssetsManagerCustom.ts from cce:/internal/x/prerequisite-imports as file:///F:/CocosProject/PLY_Roomtopia_Cocos/assets/7.Scripts/Manager/AssetsManagerCustom.ts.
16:13:47.133 debug: Resolve file:///F:/CocosProject/PLY_Roomtopia_Cocos/assets/7.Scripts/Manager/Clock.ts from cce:/internal/x/prerequisite-imports as file:///F:/CocosProject/PLY_Roomtopia_Cocos/assets/7.Scripts/Manager/Clock.ts.
16:13:47.134 debug: Resolve file:///F:/CocosProject/PLY_Roomtopia_Cocos/assets/7.Scripts/Manager/InputManager.ts from cce:/internal/x/prerequisite-imports as file:///F:/CocosProject/PLY_Roomtopia_Cocos/assets/7.Scripts/Manager/InputManager.ts.
16:13:47.134 debug: Resolve file:///F:/CocosProject/PLY_Roomtopia_Cocos/assets/7.Scripts/Manager/Joystick.ts from cce:/internal/x/prerequisite-imports as file:///F:/CocosProject/PLY_Roomtopia_Cocos/assets/7.Scripts/Manager/Joystick.ts.
16:13:47.135 debug: Resolve file:///F:/CocosProject/PLY_Roomtopia_Cocos/assets/7.Scripts/Manager/MainCamera.ts from cce:/internal/x/prerequisite-imports as file:///F:/CocosProject/PLY_Roomtopia_Cocos/assets/7.Scripts/Manager/MainCamera.ts.
16:13:47.135 debug: Resolve file:///F:/CocosProject/PLY_Roomtopia_Cocos/assets/7.Scripts/Manager/PointerController.ts from cce:/internal/x/prerequisite-imports as file:///F:/CocosProject/PLY_Roomtopia_Cocos/assets/7.Scripts/Manager/PointerController.ts.
16:13:47.136 debug: Resolve file:///F:/CocosProject/PLY_Roomtopia_Cocos/assets/7.Scripts/Manager/SoundManager.ts from cce:/internal/x/prerequisite-imports as file:///F:/CocosProject/PLY_Roomtopia_Cocos/assets/7.Scripts/Manager/SoundManager.ts.
16:13:47.136 debug: Resolve file:///F:/CocosProject/PLY_Roomtopia_Cocos/assets/7.Scripts/Manager/UI.ts from cce:/internal/x/prerequisite-imports as file:///F:/CocosProject/PLY_Roomtopia_Cocos/assets/7.Scripts/Manager/UI.ts.
16:13:47.136 debug: Resolve file:///F:/CocosProject/PLY_Roomtopia_Cocos/assets/7.Scripts/Manager/VFX.ts from cce:/internal/x/prerequisite-imports as file:///F:/CocosProject/PLY_Roomtopia_Cocos/assets/7.Scripts/Manager/VFX.ts.
16:13:47.137 debug: Resolve file:///F:/CocosProject/PLY_Roomtopia_Cocos/assets/7.Scripts/Manager/World.ts from cce:/internal/x/prerequisite-imports as file:///F:/CocosProject/PLY_Roomtopia_Cocos/assets/7.Scripts/Manager/World.ts.
16:13:47.137 debug: Resolve file:///F:/CocosProject/PLY_Roomtopia_Cocos/assets/7.Scripts/MatchAsset/MatchSprite.ts from cce:/internal/x/prerequisite-imports as file:///F:/CocosProject/PLY_Roomtopia_Cocos/assets/7.Scripts/MatchAsset/MatchSprite.ts.
16:13:47.137 debug: Resolve file:///F:/CocosProject/PLY_Roomtopia_Cocos/assets/7.Scripts/MatchAsset/NodeOrder.ts from cce:/internal/x/prerequisite-imports as file:///F:/CocosProject/PLY_Roomtopia_Cocos/assets/7.Scripts/MatchAsset/NodeOrder.ts.
16:13:47.138 debug: Resolve file:///F:/CocosProject/PLY_Roomtopia_Cocos/assets/7.Scripts/MatchAsset/ReadImagePixel.ts from cce:/internal/x/prerequisite-imports as file:///F:/CocosProject/PLY_Roomtopia_Cocos/assets/7.Scripts/MatchAsset/ReadImagePixel.ts.
16:13:47.138 debug: Resolve file:///F:/CocosProject/PLY_Roomtopia_Cocos/assets/7.Scripts/MatchAsset/SpriteSizeSetter.ts from cce:/internal/x/prerequisite-imports as file:///F:/CocosProject/PLY_Roomtopia_Cocos/assets/7.Scripts/MatchAsset/SpriteSizeSetter.ts.
16:13:47.138 debug: Resolve file:///F:/CocosProject/PLY_Roomtopia_Cocos/assets/7.Scripts/MatchAsset/Ulis.ts from cce:/internal/x/prerequisite-imports as file:///F:/CocosProject/PLY_Roomtopia_Cocos/assets/7.Scripts/MatchAsset/Ulis.ts.
16:13:47.139 debug: Resolve file:///F:/CocosProject/PLY_Roomtopia_Cocos/assets/7.Scripts/Misc/AStar.ts from cce:/internal/x/prerequisite-imports as file:///F:/CocosProject/PLY_Roomtopia_Cocos/assets/7.Scripts/Misc/AStar.ts.
16:13:47.139 debug: Resolve file:///F:/CocosProject/PLY_Roomtopia_Cocos/assets/7.Scripts/Misc/Black.ts from cce:/internal/x/prerequisite-imports as file:///F:/CocosProject/PLY_Roomtopia_Cocos/assets/7.Scripts/Misc/Black.ts.
16:13:47.139 debug: Resolve file:///F:/CocosProject/PLY_Roomtopia_Cocos/assets/7.Scripts/Misc/Cloud.ts from cce:/internal/x/prerequisite-imports as file:///F:/CocosProject/PLY_Roomtopia_Cocos/assets/7.Scripts/Misc/Cloud.ts.
16:13:47.140 debug: Resolve file:///F:/CocosProject/PLY_Roomtopia_Cocos/assets/7.Scripts/Misc/IQ.ts from cce:/internal/x/prerequisite-imports as file:///F:/CocosProject/PLY_Roomtopia_Cocos/assets/7.Scripts/Misc/IQ.ts.
16:13:47.140 debug: Resolve file:///F:/CocosProject/PLY_Roomtopia_Cocos/assets/7.Scripts/Misc/Mats.ts from cce:/internal/x/prerequisite-imports as file:///F:/CocosProject/PLY_Roomtopia_Cocos/assets/7.Scripts/Misc/Mats.ts.
16:13:47.140 debug: Resolve file:///F:/CocosProject/PLY_Roomtopia_Cocos/assets/7.Scripts/Misc/MeshLoader.ts from cce:/internal/x/prerequisite-imports as file:///F:/CocosProject/PLY_Roomtopia_Cocos/assets/7.Scripts/Misc/MeshLoader.ts.
16:13:47.141 debug: Resolve file:///F:/CocosProject/PLY_Roomtopia_Cocos/assets/7.Scripts/Misc/SkinManager.ts from cce:/internal/x/prerequisite-imports as file:///F:/CocosProject/PLY_Roomtopia_Cocos/assets/7.Scripts/Misc/SkinManager.ts.
16:13:47.141 debug: Resolve file:///F:/CocosProject/PLY_Roomtopia_Cocos/assets/7.Scripts/Misc/SplineLineRenderer.ts from cce:/internal/x/prerequisite-imports as file:///F:/CocosProject/PLY_Roomtopia_Cocos/assets/7.Scripts/Misc/SplineLineRenderer.ts.
16:13:47.141 debug: Resolve file:///F:/CocosProject/PLY_Roomtopia_Cocos/assets/7.Scripts/Misc/Tool.ts from cce:/internal/x/prerequisite-imports as file:///F:/CocosProject/PLY_Roomtopia_Cocos/assets/7.Scripts/Misc/Tool.ts.
16:13:47.142 debug: Resolve file:///F:/CocosProject/PLY_Roomtopia_Cocos/assets/7.Scripts/Misc/Tooth.ts from cce:/internal/x/prerequisite-imports as file:///F:/CocosProject/PLY_Roomtopia_Cocos/assets/7.Scripts/Misc/Tooth.ts.
16:13:47.142 debug: Resolve file:///F:/CocosProject/PLY_Roomtopia_Cocos/assets/7.Scripts/Misc/Ulis.ts from cce:/internal/x/prerequisite-imports as file:///F:/CocosProject/PLY_Roomtopia_Cocos/assets/7.Scripts/Misc/Ulis.ts.
16:13:47.142 debug: Resolve file:///F:/CocosProject/PLY_Roomtopia_Cocos/assets/7.Scripts/MyScript/Config/TrayConfig.ts from cce:/internal/x/prerequisite-imports as file:///F:/CocosProject/PLY_Roomtopia_Cocos/assets/7.Scripts/MyScript/Config/TrayConfig.ts.
16:13:47.143 debug: Resolve file:///F:/CocosProject/PLY_Roomtopia_Cocos/assets/7.Scripts/MyScript/Item/BottomBar.ts from cce:/internal/x/prerequisite-imports as file:///F:/CocosProject/PLY_Roomtopia_Cocos/assets/7.Scripts/MyScript/Item/BottomBar.ts.
16:13:47.143 debug: Resolve file:///F:/CocosProject/PLY_Roomtopia_Cocos/assets/7.Scripts/MyScript/Item/BoxBg.ts from cce:/internal/x/prerequisite-imports as file:///F:/CocosProject/PLY_Roomtopia_Cocos/assets/7.Scripts/MyScript/Item/BoxBg.ts.
16:13:47.143 debug: Resolve file:///F:/CocosProject/PLY_Roomtopia_Cocos/assets/7.Scripts/MyScript/Item/FitInBox.ts from cce:/internal/x/prerequisite-imports as file:///F:/CocosProject/PLY_Roomtopia_Cocos/assets/7.Scripts/MyScript/Item/FitInBox.ts.
16:13:47.144 debug: Resolve file:///F:/CocosProject/PLY_Roomtopia_Cocos/assets/7.Scripts/MyScript/Item/ItemController.ts from cce:/internal/x/prerequisite-imports as file:///F:/CocosProject/PLY_Roomtopia_Cocos/assets/7.Scripts/MyScript/Item/ItemController.ts.
16:13:47.144 debug: Resolve file:///F:/CocosProject/PLY_Roomtopia_Cocos/assets/7.Scripts/MyScript/Item/ItemGraphic.ts from cce:/internal/x/prerequisite-imports as file:///F:/CocosProject/PLY_Roomtopia_Cocos/assets/7.Scripts/MyScript/Item/ItemGraphic.ts.
16:13:47.144 debug: Resolve file:///F:/CocosProject/PLY_Roomtopia_Cocos/assets/7.Scripts/MyScript/Item/ItemMovement.ts from cce:/internal/x/prerequisite-imports as file:///F:/CocosProject/PLY_Roomtopia_Cocos/assets/7.Scripts/MyScript/Item/ItemMovement.ts.
16:13:47.145 debug: Resolve file:///F:/CocosProject/PLY_Roomtopia_Cocos/assets/7.Scripts/MyScript/Item/QuadImage.ts from cce:/internal/x/prerequisite-imports as file:///F:/CocosProject/PLY_Roomtopia_Cocos/assets/7.Scripts/MyScript/Item/QuadImage.ts.
16:13:47.145 debug: Resolve file:///F:/CocosProject/PLY_Roomtopia_Cocos/assets/7.Scripts/MyScript/Item/ZoomSlider.ts from cce:/internal/x/prerequisite-imports as file:///F:/CocosProject/PLY_Roomtopia_Cocos/assets/7.Scripts/MyScript/Item/ZoomSlider.ts.
16:13:47.146 debug: Resolve file:///F:/CocosProject/PLY_Roomtopia_Cocos/assets/7.Scripts/MyScript/Manager/GameManager.ts from cce:/internal/x/prerequisite-imports as file:///F:/CocosProject/PLY_Roomtopia_Cocos/assets/7.Scripts/MyScript/Manager/GameManager.ts.
16:13:47.146 debug: Resolve file:///F:/CocosProject/PLY_Roomtopia_Cocos/assets/7.Scripts/MyScript/Manager/HandHintManager.ts from cce:/internal/x/prerequisite-imports as file:///F:/CocosProject/PLY_Roomtopia_Cocos/assets/7.Scripts/MyScript/Manager/HandHintManager.ts.
16:13:47.147 debug: Resolve file:///F:/CocosProject/PLY_Roomtopia_Cocos/assets/7.Scripts/MyScript/Manager/ItemManager.ts from cce:/internal/x/prerequisite-imports as file:///F:/CocosProject/PLY_Roomtopia_Cocos/assets/7.Scripts/MyScript/Manager/ItemManager.ts.
16:13:47.147 debug: Resolve file:///F:/CocosProject/PLY_Roomtopia_Cocos/assets/7.Scripts/MyScript/Manager/ModelRotate.ts from cce:/internal/x/prerequisite-imports as file:///F:/CocosProject/PLY_Roomtopia_Cocos/assets/7.Scripts/MyScript/Manager/ModelRotate.ts.
16:13:47.148 debug: Resolve file:///F:/CocosProject/PLY_Roomtopia_Cocos/assets/7.Scripts/MyScript/ScriptTemplate/ComponentCache.ts from cce:/internal/x/prerequisite-imports as file:///F:/CocosProject/PLY_Roomtopia_Cocos/assets/7.Scripts/MyScript/ScriptTemplate/ComponentCache.ts.
16:13:47.148 debug: Resolve file:///F:/CocosProject/PLY_Roomtopia_Cocos/assets/7.Scripts/MyScript/ScriptTemplate/Ply_GameUnit.ts from cce:/internal/x/prerequisite-imports as file:///F:/CocosProject/PLY_Roomtopia_Cocos/assets/7.Scripts/MyScript/ScriptTemplate/Ply_GameUnit.ts.
16:13:47.149 debug: Resolve file:///F:/CocosProject/PLY_Roomtopia_Cocos/assets/7.Scripts/MyScript/ScriptTemplate/Ply_Pool.ts from cce:/internal/x/prerequisite-imports as file:///F:/CocosProject/PLY_Roomtopia_Cocos/assets/7.Scripts/MyScript/ScriptTemplate/Ply_Pool.ts.
16:13:47.149 debug: Resolve file:///F:/CocosProject/PLY_Roomtopia_Cocos/assets/7.Scripts/MyScript/ScriptTemplate/Ply_Singleton.ts from cce:/internal/x/prerequisite-imports as file:///F:/CocosProject/PLY_Roomtopia_Cocos/assets/7.Scripts/MyScript/ScriptTemplate/Ply_Singleton.ts.
16:13:47.150 debug: Resolve file:///F:/CocosProject/PLY_Roomtopia_Cocos/assets/7.Scripts/MyScript/ScriptTemplate/Ply_SoundManager.ts from cce:/internal/x/prerequisite-imports as file:///F:/CocosProject/PLY_Roomtopia_Cocos/assets/7.Scripts/MyScript/ScriptTemplate/Ply_SoundManager.ts.
16:13:47.151 debug: Resolve file:///F:/CocosProject/PLY_Roomtopia_Cocos/assets/7.Scripts/MyScript/ScriptTemplate/Ply_Types.ts from cce:/internal/x/prerequisite-imports as file:///F:/CocosProject/PLY_Roomtopia_Cocos/assets/7.Scripts/MyScript/ScriptTemplate/Ply_Types.ts.
16:13:47.151 debug: Resolve file:///F:/CocosProject/PLY_Roomtopia_Cocos/assets/7.Scripts/MyScript/ScriptTemplate/Yielders.ts from cce:/internal/x/prerequisite-imports as file:///F:/CocosProject/PLY_Roomtopia_Cocos/assets/7.Scripts/MyScript/ScriptTemplate/Yielders.ts.
16:13:47.152 debug: Resolve file:///F:/CocosProject/PLY_Roomtopia_Cocos/assets/7.Scripts/MyScript/Utils/SnapEffect.ts from cce:/internal/x/prerequisite-imports as file:///F:/CocosProject/PLY_Roomtopia_Cocos/assets/7.Scripts/MyScript/Utils/SnapEffect.ts.
16:13:47.152 debug: Detected change: file:///F:/CocosProject/PLY_Roomtopia_Cocos/assets/7.Scripts/MyScript/Utils/SnapEffect.ts. Last mtime: Tue Sep 22 2026 16:12:00 GMT+0700 (Indochina Time)@b20530d8-e1d2-477a-8802-6ad83263fcf2, Current mtime: Tue Sep 22 2026 16:13:45 GMT+0700 (Indochina Time)@b20530d8-e1d2-477a-8802-6ad83263fcf2
16:13:47.152 debug: Inspect file:///F:/CocosProject/PLY_Roomtopia_Cocos/assets/7.Scripts/MyScript/Utils/SnapEffect.ts
16:13:47.240 debug: transform url: 'file:///F:/CocosProject/PLY_Roomtopia_Cocos/assets/7.Scripts/MyScript/Utils/SnapEffect.ts' costs: 88.50 ms
16:13:47.242 debug: Resolve file:///F:/CocosProject/PLY_Roomtopia_Cocos/assets/7.Scripts/MyScript/Utils/WinReact.ts from cce:/internal/x/prerequisite-imports as file:///F:/CocosProject/PLY_Roomtopia_Cocos/assets/7.Scripts/MyScript/Utils/WinReact.ts.
16:13:47.243 debug: Resolve file:///F:/CocosProject/PLY_Roomtopia_Cocos/assets/7.Scripts/Pool/PoolControl.ts from cce:/internal/x/prerequisite-imports as file:///F:/CocosProject/PLY_Roomtopia_Cocos/assets/7.Scripts/Pool/PoolControl.ts.
16:13:47.243 debug: Resolve file:///F:/CocosProject/PLY_Roomtopia_Cocos/assets/7.Scripts/Pool/PoolManager.ts from cce:/internal/x/prerequisite-imports as file:///F:/CocosProject/PLY_Roomtopia_Cocos/assets/7.Scripts/Pool/PoolManager.ts.
16:13:47.244 debug: Resolve file:///F:/CocosProject/PLY_Roomtopia_Cocos/assets/7.Scripts/Pool/PoolMember.ts from cce:/internal/x/prerequisite-imports as file:///F:/CocosProject/PLY_Roomtopia_Cocos/assets/7.Scripts/Pool/PoolMember.ts.
16:13:47.244 debug: Resolve file:///F:/CocosProject/PLY_Roomtopia_Cocos/assets/7.Scripts/Sand/SandSimulation.ts from cce:/internal/x/prerequisite-imports as file:///F:/CocosProject/PLY_Roomtopia_Cocos/assets/7.Scripts/Sand/SandSimulation.ts.
16:13:47.244 debug: Resolve file:///F:/CocosProject/PLY_Roomtopia_Cocos/assets/7.Scripts/Tool/AppLovinAnalytics.ts from cce:/internal/x/prerequisite-imports as file:///F:/CocosProject/PLY_Roomtopia_Cocos/assets/7.Scripts/Tool/AppLovinAnalytics.ts.
16:13:47.245 debug: Resolve file:///F:/CocosProject/PLY_Roomtopia_Cocos/assets/7.Scripts/Tool/GameController.ts from cce:/internal/x/prerequisite-imports as file:///F:/CocosProject/PLY_Roomtopia_Cocos/assets/7.Scripts/Tool/GameController.ts.
16:13:47.246 debug: Resolve cce:/internal/code-quality/cr.mjs from file:///F:/CocosProject/PLY_Roomtopia_Cocos/assets/7.Scripts/MyScript/Utils/SnapEffect.ts as cce:/internal/code-quality/cr.mjs.
16:13:47.246 debug: Resolve cc from file:///F:/CocosProject/PLY_Roomtopia_Cocos/assets/7.Scripts/MyScript/Utils/SnapEffect.ts as cce:/internal/x/cc.
16:13:47.246 debug: Resolve cc from file:///F:/CocosProject/PLY_Roomtopia_Cocos/assets/7.Scripts/MyScript/Utils/SnapEffect.ts as cce:/internal/x/cc.
16:13:47.247 debug: Resolve cc from file:///F:/CocosProject/PLY_Roomtopia_Cocos/assets/7.Scripts/MyScript/Utils/SnapEffect.ts as cce:/internal/x/cc.
16:13:47.248 debug: Resolve ./WinReact from file:///F:/CocosProject/PLY_Roomtopia_Cocos/assets/7.Scripts/MyScript/Utils/SnapEffect.ts as file:///F:/CocosProject/PLY_Roomtopia_Cocos/assets/7.Scripts/MyScript/Utils/WinReact.ts.
16:13:47.249 debug: Resolve ../Manager/GameManager from file:///F:/CocosProject/PLY_Roomtopia_Cocos/assets/7.Scripts/MyScript/Utils/SnapEffect.ts as file:///F:/CocosProject/PLY_Roomtopia_Cocos/assets/7.Scripts/MyScript/Manager/GameManager.ts.
16:13:47.250 debug: Resolve ../Item/ItemGraphic from file:///F:/CocosProject/PLY_Roomtopia_Cocos/assets/7.Scripts/MyScript/Utils/SnapEffect.ts as file:///F:/CocosProject/PLY_Roomtopia_Cocos/assets/7.Scripts/MyScript/Item/ItemGraphic.ts.
16:13:47.251 debug: Resolve ../../Manager/UI from file:///F:/CocosProject/PLY_Roomtopia_Cocos/assets/7.Scripts/MyScript/Utils/SnapEffect.ts as file:///F:/CocosProject/PLY_Roomtopia_Cocos/assets/7.Scripts/Manager/UI.ts.
16:13:47.292 debug: Target(editor) ends with cost 187.78139999997802ms.
16:13:47.293 debug: Target(preview) build started.
16:13:47.296 debug: Detected change: cce:/internal/x/prerequisite-imports. Last mtime: Thu Jan 01 1970 07:24:37 GMT+0700 (Indochina Time), Current mtime: Thu Jan 01 1970 07:25:56 GMT+0700 (Indochina Time)
16:13:47.296 debug: Inspect cce:/internal/x/prerequisite-imports
16:13:47.320 debug: transform url: 'cce:/internal/x/prerequisite-imports' costs: 23.30 ms
16:13:47.322 debug: Resolve file:///C:/ProgramData/cocos/editors/Creator/3.8.8/resources/resources/3d/engine/editor/assets/default_renderpipeline/builtin-dof-pass.ts from cce:/internal/x/prerequisite-imports as file:///C:/ProgramData/cocos/editors/Creator/3.8.8/resources/resources/3d/engine/editor/assets/default_renderpipeline/builtin-dof-pass.ts.
16:13:47.323 debug: Resolve file:///C:/ProgramData/cocos/editors/Creator/3.8.8/resources/resources/3d/engine/editor/assets/default_renderpipeline/builtin-pipeline-pass.ts from cce:/internal/x/prerequisite-imports as file:///C:/ProgramData/cocos/editors/Creator/3.8.8/resources/resources/3d/engine/editor/assets/default_renderpipeline/builtin-pipeline-pass.ts.
16:13:47.325 debug: Resolve file:///C:/ProgramData/cocos/editors/Creator/3.8.8/resources/resources/3d/engine/editor/assets/default_renderpipeline/builtin-pipeline-settings.ts from cce:/internal/x/prerequisite-imports as file:///C:/ProgramData/cocos/editors/Creator/3.8.8/resources/resources/3d/engine/editor/assets/default_renderpipeline/builtin-pipeline-settings.ts.
16:13:47.326 debug: Resolve file:///C:/ProgramData/cocos/editors/Creator/3.8.8/resources/resources/3d/engine/editor/assets/default_renderpipeline/builtin-pipeline-types.ts from cce:/internal/x/prerequisite-imports as file:///C:/ProgramData/cocos/editors/Creator/3.8.8/resources/resources/3d/engine/editor/assets/default_renderpipeline/builtin-pipeline-types.ts.
16:13:47.327 debug: Resolve file:///C:/ProgramData/cocos/editors/Creator/3.8.8/resources/resources/3d/engine/editor/assets/default_renderpipeline/builtin-pipeline.ts from cce:/internal/x/prerequisite-imports as file:///C:/ProgramData/cocos/editors/Creator/3.8.8/resources/resources/3d/engine/editor/assets/default_renderpipeline/builtin-pipeline.ts.
16:13:47.327 debug: Resolve file:///C:/ProgramData/cocos/editors/Creator/3.8.8/resources/resources/3d/engine/editor/assets/tools/debug-view-runtime-control.ts from cce:/internal/x/prerequisite-imports as file:///C:/ProgramData/cocos/editors/Creator/3.8.8/resources/resources/3d/engine/editor/assets/tools/debug-view-runtime-control.ts.
16:13:47.328 debug: Resolve file:///F:/CocosProject/PLY_Roomtopia_Cocos/assets/7.Scripts/Gameplay/Data.ts from cce:/internal/x/prerequisite-imports as file:///F:/CocosProject/PLY_Roomtopia_Cocos/assets/7.Scripts/Gameplay/Data.ts.
16:13:47.329 debug: Resolve file:///F:/CocosProject/PLY_Roomtopia_Cocos/assets/7.Scripts/Manager/AssetsManagerCustom.ts from cce:/internal/x/prerequisite-imports as file:///F:/CocosProject/PLY_Roomtopia_Cocos/assets/7.Scripts/Manager/AssetsManagerCustom.ts.
16:13:47.329 debug: Resolve file:///F:/CocosProject/PLY_Roomtopia_Cocos/assets/7.Scripts/Manager/Clock.ts from cce:/internal/x/prerequisite-imports as file:///F:/CocosProject/PLY_Roomtopia_Cocos/assets/7.Scripts/Manager/Clock.ts.
16:13:47.330 debug: Resolve file:///F:/CocosProject/PLY_Roomtopia_Cocos/assets/7.Scripts/Manager/InputManager.ts from cce:/internal/x/prerequisite-imports as file:///F:/CocosProject/PLY_Roomtopia_Cocos/assets/7.Scripts/Manager/InputManager.ts.
16:13:47.330 debug: Resolve file:///F:/CocosProject/PLY_Roomtopia_Cocos/assets/7.Scripts/Manager/Joystick.ts from cce:/internal/x/prerequisite-imports as file:///F:/CocosProject/PLY_Roomtopia_Cocos/assets/7.Scripts/Manager/Joystick.ts.
16:13:47.331 debug: Resolve file:///F:/CocosProject/PLY_Roomtopia_Cocos/assets/7.Scripts/Manager/MainCamera.ts from cce:/internal/x/prerequisite-imports as file:///F:/CocosProject/PLY_Roomtopia_Cocos/assets/7.Scripts/Manager/MainCamera.ts.
16:13:47.331 debug: Resolve file:///F:/CocosProject/PLY_Roomtopia_Cocos/assets/7.Scripts/Manager/PointerController.ts from cce:/internal/x/prerequisite-imports as file:///F:/CocosProject/PLY_Roomtopia_Cocos/assets/7.Scripts/Manager/PointerController.ts.
16:13:47.332 debug: Resolve file:///F:/CocosProject/PLY_Roomtopia_Cocos/assets/7.Scripts/Manager/SoundManager.ts from cce:/internal/x/prerequisite-imports as file:///F:/CocosProject/PLY_Roomtopia_Cocos/assets/7.Scripts/Manager/SoundManager.ts.
16:13:47.332 debug: Resolve file:///F:/CocosProject/PLY_Roomtopia_Cocos/assets/7.Scripts/Manager/UI.ts from cce:/internal/x/prerequisite-imports as file:///F:/CocosProject/PLY_Roomtopia_Cocos/assets/7.Scripts/Manager/UI.ts.
16:13:47.333 debug: Resolve file:///F:/CocosProject/PLY_Roomtopia_Cocos/assets/7.Scripts/Manager/VFX.ts from cce:/internal/x/prerequisite-imports as file:///F:/CocosProject/PLY_Roomtopia_Cocos/assets/7.Scripts/Manager/VFX.ts.
16:13:47.333 debug: Resolve file:///F:/CocosProject/PLY_Roomtopia_Cocos/assets/7.Scripts/Manager/World.ts from cce:/internal/x/prerequisite-imports as file:///F:/CocosProject/PLY_Roomtopia_Cocos/assets/7.Scripts/Manager/World.ts.
16:13:47.334 debug: Resolve file:///F:/CocosProject/PLY_Roomtopia_Cocos/assets/7.Scripts/MatchAsset/MatchSprite.ts from cce:/internal/x/prerequisite-imports as file:///F:/CocosProject/PLY_Roomtopia_Cocos/assets/7.Scripts/MatchAsset/MatchSprite.ts.
16:13:47.334 debug: Resolve file:///F:/CocosProject/PLY_Roomtopia_Cocos/assets/7.Scripts/MatchAsset/NodeOrder.ts from cce:/internal/x/prerequisite-imports as file:///F:/CocosProject/PLY_Roomtopia_Cocos/assets/7.Scripts/MatchAsset/NodeOrder.ts.
16:13:47.335 debug: Resolve file:///F:/CocosProject/PLY_Roomtopia_Cocos/assets/7.Scripts/MatchAsset/ReadImagePixel.ts from cce:/internal/x/prerequisite-imports as file:///F:/CocosProject/PLY_Roomtopia_Cocos/assets/7.Scripts/MatchAsset/ReadImagePixel.ts.
16:13:47.335 debug: Resolve file:///F:/CocosProject/PLY_Roomtopia_Cocos/assets/7.Scripts/MatchAsset/SpriteSizeSetter.ts from cce:/internal/x/prerequisite-imports as file:///F:/CocosProject/PLY_Roomtopia_Cocos/assets/7.Scripts/MatchAsset/SpriteSizeSetter.ts.
16:13:47.336 debug: Resolve file:///F:/CocosProject/PLY_Roomtopia_Cocos/assets/7.Scripts/MatchAsset/Ulis.ts from cce:/internal/x/prerequisite-imports as file:///F:/CocosProject/PLY_Roomtopia_Cocos/assets/7.Scripts/MatchAsset/Ulis.ts.
16:13:47.336 debug: Resolve file:///F:/CocosProject/PLY_Roomtopia_Cocos/assets/7.Scripts/Misc/AStar.ts from cce:/internal/x/prerequisite-imports as file:///F:/CocosProject/PLY_Roomtopia_Cocos/assets/7.Scripts/Misc/AStar.ts.
16:13:47.337 debug: Resolve file:///F:/CocosProject/PLY_Roomtopia_Cocos/assets/7.Scripts/Misc/Black.ts from cce:/internal/x/prerequisite-imports as file:///F:/CocosProject/PLY_Roomtopia_Cocos/assets/7.Scripts/Misc/Black.ts.
16:13:47.337 debug: Resolve file:///F:/CocosProject/PLY_Roomtopia_Cocos/assets/7.Scripts/Misc/Cloud.ts from cce:/internal/x/prerequisite-imports as file:///F:/CocosProject/PLY_Roomtopia_Cocos/assets/7.Scripts/Misc/Cloud.ts.
16:13:47.338 debug: Resolve file:///F:/CocosProject/PLY_Roomtopia_Cocos/assets/7.Scripts/Misc/IQ.ts from cce:/internal/x/prerequisite-imports as file:///F:/CocosProject/PLY_Roomtopia_Cocos/assets/7.Scripts/Misc/IQ.ts.
16:13:47.338 debug: Resolve file:///F:/CocosProject/PLY_Roomtopia_Cocos/assets/7.Scripts/Misc/Mats.ts from cce:/internal/x/prerequisite-imports as file:///F:/CocosProject/PLY_Roomtopia_Cocos/assets/7.Scripts/Misc/Mats.ts.
16:13:47.339 debug: Resolve file:///F:/CocosProject/PLY_Roomtopia_Cocos/assets/7.Scripts/Misc/MeshLoader.ts from cce:/internal/x/prerequisite-imports as file:///F:/CocosProject/PLY_Roomtopia_Cocos/assets/7.Scripts/Misc/MeshLoader.ts.
16:13:47.339 debug: Resolve file:///F:/CocosProject/PLY_Roomtopia_Cocos/assets/7.Scripts/Misc/SkinManager.ts from cce:/internal/x/prerequisite-imports as file:///F:/CocosProject/PLY_Roomtopia_Cocos/assets/7.Scripts/Misc/SkinManager.ts.
16:13:47.340 debug: Resolve file:///F:/CocosProject/PLY_Roomtopia_Cocos/assets/7.Scripts/Misc/SplineLineRenderer.ts from cce:/internal/x/prerequisite-imports as file:///F:/CocosProject/PLY_Roomtopia_Cocos/assets/7.Scripts/Misc/SplineLineRenderer.ts.
16:13:47.340 debug: Resolve file:///F:/CocosProject/PLY_Roomtopia_Cocos/assets/7.Scripts/Misc/Tool.ts from cce:/internal/x/prerequisite-imports as file:///F:/CocosProject/PLY_Roomtopia_Cocos/assets/7.Scripts/Misc/Tool.ts.
16:13:47.340 debug: Resolve file:///F:/CocosProject/PLY_Roomtopia_Cocos/assets/7.Scripts/Misc/Tooth.ts from cce:/internal/x/prerequisite-imports as file:///F:/CocosProject/PLY_Roomtopia_Cocos/assets/7.Scripts/Misc/Tooth.ts.
16:13:47.341 debug: Resolve file:///F:/CocosProject/PLY_Roomtopia_Cocos/assets/7.Scripts/Misc/Ulis.ts from cce:/internal/x/prerequisite-imports as file:///F:/CocosProject/PLY_Roomtopia_Cocos/assets/7.Scripts/Misc/Ulis.ts.
16:13:47.341 debug: Resolve file:///F:/CocosProject/PLY_Roomtopia_Cocos/assets/7.Scripts/MyScript/Config/TrayConfig.ts from cce:/internal/x/prerequisite-imports as file:///F:/CocosProject/PLY_Roomtopia_Cocos/assets/7.Scripts/MyScript/Config/TrayConfig.ts.
16:13:47.342 debug: Resolve file:///F:/CocosProject/PLY_Roomtopia_Cocos/assets/7.Scripts/MyScript/Item/BottomBar.ts from cce:/internal/x/prerequisite-imports as file:///F:/CocosProject/PLY_Roomtopia_Cocos/assets/7.Scripts/MyScript/Item/BottomBar.ts.
16:13:47.342 debug: Resolve file:///F:/CocosProject/PLY_Roomtopia_Cocos/assets/7.Scripts/MyScript/Item/BoxBg.ts from cce:/internal/x/prerequisite-imports as file:///F:/CocosProject/PLY_Roomtopia_Cocos/assets/7.Scripts/MyScript/Item/BoxBg.ts.
16:13:47.343 debug: Resolve file:///F:/CocosProject/PLY_Roomtopia_Cocos/assets/7.Scripts/MyScript/Item/FitInBox.ts from cce:/internal/x/prerequisite-imports as file:///F:/CocosProject/PLY_Roomtopia_Cocos/assets/7.Scripts/MyScript/Item/FitInBox.ts.
16:13:47.343 debug: Resolve file:///F:/CocosProject/PLY_Roomtopia_Cocos/assets/7.Scripts/MyScript/Item/ItemController.ts from cce:/internal/x/prerequisite-imports as file:///F:/CocosProject/PLY_Roomtopia_Cocos/assets/7.Scripts/MyScript/Item/ItemController.ts.
16:13:47.344 debug: Resolve file:///F:/CocosProject/PLY_Roomtopia_Cocos/assets/7.Scripts/MyScript/Item/ItemGraphic.ts from cce:/internal/x/prerequisite-imports as file:///F:/CocosProject/PLY_Roomtopia_Cocos/assets/7.Scripts/MyScript/Item/ItemGraphic.ts.
16:13:47.344 debug: Resolve file:///F:/CocosProject/PLY_Roomtopia_Cocos/assets/7.Scripts/MyScript/Item/ItemMovement.ts from cce:/internal/x/prerequisite-imports as file:///F:/CocosProject/PLY_Roomtopia_Cocos/assets/7.Scripts/MyScript/Item/ItemMovement.ts.
16:13:47.345 debug: Resolve file:///F:/CocosProject/PLY_Roomtopia_Cocos/assets/7.Scripts/MyScript/Item/QuadImage.ts from cce:/internal/x/prerequisite-imports as file:///F:/CocosProject/PLY_Roomtopia_Cocos/assets/7.Scripts/MyScript/Item/QuadImage.ts.
16:13:47.345 debug: Resolve file:///F:/CocosProject/PLY_Roomtopia_Cocos/assets/7.Scripts/MyScript/Item/ZoomSlider.ts from cce:/internal/x/prerequisite-imports as file:///F:/CocosProject/PLY_Roomtopia_Cocos/assets/7.Scripts/MyScript/Item/ZoomSlider.ts.
16:13:47.346 debug: Resolve file:///F:/CocosProject/PLY_Roomtopia_Cocos/assets/7.Scripts/MyScript/Manager/GameManager.ts from cce:/internal/x/prerequisite-imports as file:///F:/CocosProject/PLY_Roomtopia_Cocos/assets/7.Scripts/MyScript/Manager/GameManager.ts.
16:13:47.346 debug: Resolve file:///F:/CocosProject/PLY_Roomtopia_Cocos/assets/7.Scripts/MyScript/Manager/HandHintManager.ts from cce:/internal/x/prerequisite-imports as file:///F:/CocosProject/PLY_Roomtopia_Cocos/assets/7.Scripts/MyScript/Manager/HandHintManager.ts.
16:13:47.347 debug: Resolve file:///F:/CocosProject/PLY_Roomtopia_Cocos/assets/7.Scripts/MyScript/Manager/ItemManager.ts from cce:/internal/x/prerequisite-imports as file:///F:/CocosProject/PLY_Roomtopia_Cocos/assets/7.Scripts/MyScript/Manager/ItemManager.ts.
16:13:47.347 debug: Resolve file:///F:/CocosProject/PLY_Roomtopia_Cocos/assets/7.Scripts/MyScript/Manager/ModelRotate.ts from cce:/internal/x/prerequisite-imports as file:///F:/CocosProject/PLY_Roomtopia_Cocos/assets/7.Scripts/MyScript/Manager/ModelRotate.ts.
16:13:47.347 debug: Resolve file:///F:/CocosProject/PLY_Roomtopia_Cocos/assets/7.Scripts/MyScript/ScriptTemplate/ComponentCache.ts from cce:/internal/x/prerequisite-imports as file:///F:/CocosProject/PLY_Roomtopia_Cocos/assets/7.Scripts/MyScript/ScriptTemplate/ComponentCache.ts.
16:13:47.348 debug: Resolve file:///F:/CocosProject/PLY_Roomtopia_Cocos/assets/7.Scripts/MyScript/ScriptTemplate/Ply_GameUnit.ts from cce:/internal/x/prerequisite-imports as file:///F:/CocosProject/PLY_Roomtopia_Cocos/assets/7.Scripts/MyScript/ScriptTemplate/Ply_GameUnit.ts.
16:13:47.348 debug: Resolve file:///F:/CocosProject/PLY_Roomtopia_Cocos/assets/7.Scripts/MyScript/ScriptTemplate/Ply_Pool.ts from cce:/internal/x/prerequisite-imports as file:///F:/CocosProject/PLY_Roomtopia_Cocos/assets/7.Scripts/MyScript/ScriptTemplate/Ply_Pool.ts.
16:13:47.349 debug: Resolve file:///F:/CocosProject/PLY_Roomtopia_Cocos/assets/7.Scripts/MyScript/ScriptTemplate/Ply_Singleton.ts from cce:/internal/x/prerequisite-imports as file:///F:/CocosProject/PLY_Roomtopia_Cocos/assets/7.Scripts/MyScript/ScriptTemplate/Ply_Singleton.ts.
16:13:47.349 debug: Resolve file:///F:/CocosProject/PLY_Roomtopia_Cocos/assets/7.Scripts/MyScript/ScriptTemplate/Ply_SoundManager.ts from cce:/internal/x/prerequisite-imports as file:///F:/CocosProject/PLY_Roomtopia_Cocos/assets/7.Scripts/MyScript/ScriptTemplate/Ply_SoundManager.ts.
16:13:47.350 debug: Resolve file:///F:/CocosProject/PLY_Roomtopia_Cocos/assets/7.Scripts/MyScript/ScriptTemplate/Ply_Types.ts from cce:/internal/x/prerequisite-imports as file:///F:/CocosProject/PLY_Roomtopia_Cocos/assets/7.Scripts/MyScript/ScriptTemplate/Ply_Types.ts.
16:13:47.350 debug: Resolve file:///F:/CocosProject/PLY_Roomtopia_Cocos/assets/7.Scripts/MyScript/ScriptTemplate/Yielders.ts from cce:/internal/x/prerequisite-imports as file:///F:/CocosProject/PLY_Roomtopia_Cocos/assets/7.Scripts/MyScript/ScriptTemplate/Yielders.ts.
16:13:47.351 debug: Resolve file:///F:/CocosProject/PLY_Roomtopia_Cocos/assets/7.Scripts/MyScript/Utils/SnapEffect.ts from cce:/internal/x/prerequisite-imports as file:///F:/CocosProject/PLY_Roomtopia_Cocos/assets/7.Scripts/MyScript/Utils/SnapEffect.ts.
16:13:47.351 debug: Detected change: file:///F:/CocosProject/PLY_Roomtopia_Cocos/assets/7.Scripts/MyScript/Utils/SnapEffect.ts. Last mtime: Tue Sep 22 2026 16:12:00 GMT+0700 (Indochina Time)@b20530d8-e1d2-477a-8802-6ad83263fcf2, Current mtime: Tue Sep 22 2026 16:13:45 GMT+0700 (Indochina Time)@b20530d8-e1d2-477a-8802-6ad83263fcf2
16:13:47.351 debug: Inspect file:///F:/CocosProject/PLY_Roomtopia_Cocos/assets/7.Scripts/MyScript/Utils/SnapEffect.ts
16:13:47.532 debug: transform url: 'file:///F:/CocosProject/PLY_Roomtopia_Cocos/assets/7.Scripts/MyScript/Utils/SnapEffect.ts' costs: 181.40 ms
16:13:47.534 debug: Resolve file:///F:/CocosProject/PLY_Roomtopia_Cocos/assets/7.Scripts/MyScript/Utils/WinReact.ts from cce:/internal/x/prerequisite-imports as file:///F:/CocosProject/PLY_Roomtopia_Cocos/assets/7.Scripts/MyScript/Utils/WinReact.ts.
16:13:47.535 debug: Resolve file:///F:/CocosProject/PLY_Roomtopia_Cocos/assets/7.Scripts/Pool/PoolControl.ts from cce:/internal/x/prerequisite-imports as file:///F:/CocosProject/PLY_Roomtopia_Cocos/assets/7.Scripts/Pool/PoolControl.ts.
16:13:47.535 debug: Resolve file:///F:/CocosProject/PLY_Roomtopia_Cocos/assets/7.Scripts/Pool/PoolManager.ts from cce:/internal/x/prerequisite-imports as file:///F:/CocosProject/PLY_Roomtopia_Cocos/assets/7.Scripts/Pool/PoolManager.ts.
16:13:47.536 debug: Resolve file:///F:/CocosProject/PLY_Roomtopia_Cocos/assets/7.Scripts/Pool/PoolMember.ts from cce:/internal/x/prerequisite-imports as file:///F:/CocosProject/PLY_Roomtopia_Cocos/assets/7.Scripts/Pool/PoolMember.ts.
16:13:47.537 debug: Resolve file:///F:/CocosProject/PLY_Roomtopia_Cocos/assets/7.Scripts/Sand/SandSimulation.ts from cce:/internal/x/prerequisite-imports as file:///F:/CocosProject/PLY_Roomtopia_Cocos/assets/7.Scripts/Sand/SandSimulation.ts.
16:13:47.537 debug: Resolve file:///F:/CocosProject/PLY_Roomtopia_Cocos/assets/7.Scripts/Tool/AppLovinAnalytics.ts from cce:/internal/x/prerequisite-imports as file:///F:/CocosProject/PLY_Roomtopia_Cocos/assets/7.Scripts/Tool/AppLovinAnalytics.ts.
16:13:47.538 debug: Resolve file:///F:/CocosProject/PLY_Roomtopia_Cocos/assets/7.Scripts/Tool/GameController.ts from cce:/internal/x/prerequisite-imports as file:///F:/CocosProject/PLY_Roomtopia_Cocos/assets/7.Scripts/Tool/GameController.ts.
16:13:47.539 debug: Resolve cce:/internal/code-quality/cr.mjs from file:///F:/CocosProject/PLY_Roomtopia_Cocos/assets/7.Scripts/MyScript/Utils/SnapEffect.ts as cce:/internal/code-quality/cr.mjs.
16:13:47.539 debug: Resolve cc from file:///F:/CocosProject/PLY_Roomtopia_Cocos/assets/7.Scripts/MyScript/Utils/SnapEffect.ts as cce:/internal/x/cc.
16:13:47.539 debug: Resolve cc from file:///F:/CocosProject/PLY_Roomtopia_Cocos/assets/7.Scripts/MyScript/Utils/SnapEffect.ts as cce:/internal/x/cc.
16:13:47.539 debug: Resolve cc from file:///F:/CocosProject/PLY_Roomtopia_Cocos/assets/7.Scripts/MyScript/Utils/SnapEffect.ts as cce:/internal/x/cc.
16:13:47.541 debug: Resolve ./WinReact from file:///F:/CocosProject/PLY_Roomtopia_Cocos/assets/7.Scripts/MyScript/Utils/SnapEffect.ts as file:///F:/CocosProject/PLY_Roomtopia_Cocos/assets/7.Scripts/MyScript/Utils/WinReact.ts.
16:13:47.543 debug: Resolve ../Manager/GameManager from file:///F:/CocosProject/PLY_Roomtopia_Cocos/assets/7.Scripts/MyScript/Utils/SnapEffect.ts as file:///F:/CocosProject/PLY_Roomtopia_Cocos/assets/7.Scripts/MyScript/Manager/GameManager.ts.
16:13:47.543 debug: Resolve ../Item/ItemGraphic from file:///F:/CocosProject/PLY_Roomtopia_Cocos/assets/7.Scripts/MyScript/Utils/SnapEffect.ts as file:///F:/CocosProject/PLY_Roomtopia_Cocos/assets/7.Scripts/MyScript/Item/ItemGraphic.ts.
16:13:47.544 debug: Resolve ../../Manager/UI from file:///F:/CocosProject/PLY_Roomtopia_Cocos/assets/7.Scripts/MyScript/Utils/SnapEffect.ts as file:///F:/CocosProject/PLY_Roomtopia_Cocos/assets/7.Scripts/Manager/UI.ts.
16:13:47.599 debug: Target(preview) ends with cost 306.45590000017546ms.
16:15:56.520 debug: Dispatch build request for time accumulated 1 asset changes.
16:15:56.524 debug: Build iteration starts.
Number of accumulated asset changes: 1
Feature changed: false
16:15:56.524 debug: Target(editor) build started.
16:15:56.527 debug: Detected change: cce:/internal/x/prerequisite-imports. Last mtime: Thu Jan 01 1970 07:25:56 GMT+0700 (Indochina Time), Current mtime: Thu Jan 01 1970 07:28:05 GMT+0700 (Indochina Time)
16:15:56.527 debug: Inspect cce:/internal/x/prerequisite-imports
16:15:56.547 debug: transform url: 'cce:/internal/x/prerequisite-imports' costs: 20.50 ms
16:15:56.550 debug: Resolve file:///C:/ProgramData/cocos/editors/Creator/3.8.8/resources/resources/3d/engine/editor/assets/default_renderpipeline/builtin-dof-pass.ts from cce:/internal/x/prerequisite-imports as file:///C:/ProgramData/cocos/editors/Creator/3.8.8/resources/resources/3d/engine/editor/assets/default_renderpipeline/builtin-dof-pass.ts.
16:15:56.551 debug: Resolve file:///C:/ProgramData/cocos/editors/Creator/3.8.8/resources/resources/3d/engine/editor/assets/default_renderpipeline/builtin-pipeline-pass.ts from cce:/internal/x/prerequisite-imports as file:///C:/ProgramData/cocos/editors/Creator/3.8.8/resources/resources/3d/engine/editor/assets/default_renderpipeline/builtin-pipeline-pass.ts.
16:15:56.552 debug: Resolve file:///C:/ProgramData/cocos/editors/Creator/3.8.8/resources/resources/3d/engine/editor/assets/default_renderpipeline/builtin-pipeline-settings.ts from cce:/internal/x/prerequisite-imports as file:///C:/ProgramData/cocos/editors/Creator/3.8.8/resources/resources/3d/engine/editor/assets/default_renderpipeline/builtin-pipeline-settings.ts.
16:15:56.553 debug: Resolve file:///C:/ProgramData/cocos/editors/Creator/3.8.8/resources/resources/3d/engine/editor/assets/default_renderpipeline/builtin-pipeline-types.ts from cce:/internal/x/prerequisite-imports as file:///C:/ProgramData/cocos/editors/Creator/3.8.8/resources/resources/3d/engine/editor/assets/default_renderpipeline/builtin-pipeline-types.ts.
16:15:56.554 debug: Resolve file:///C:/ProgramData/cocos/editors/Creator/3.8.8/resources/resources/3d/engine/editor/assets/default_renderpipeline/builtin-pipeline.ts from cce:/internal/x/prerequisite-imports as file:///C:/ProgramData/cocos/editors/Creator/3.8.8/resources/resources/3d/engine/editor/assets/default_renderpipeline/builtin-pipeline.ts.
16:15:56.555 debug: Resolve file:///C:/ProgramData/cocos/editors/Creator/3.8.8/resources/resources/3d/engine/editor/assets/tools/debug-view-runtime-control.ts from cce:/internal/x/prerequisite-imports as file:///C:/ProgramData/cocos/editors/Creator/3.8.8/resources/resources/3d/engine/editor/assets/tools/debug-view-runtime-control.ts.
16:15:56.556 debug: Resolve file:///F:/CocosProject/PLY_Roomtopia_Cocos/assets/7.Scripts/Gameplay/Data.ts from cce:/internal/x/prerequisite-imports as file:///F:/CocosProject/PLY_Roomtopia_Cocos/assets/7.Scripts/Gameplay/Data.ts.
16:15:56.556 debug: Resolve file:///F:/CocosProject/PLY_Roomtopia_Cocos/assets/7.Scripts/Manager/AssetsManagerCustom.ts from cce:/internal/x/prerequisite-imports as file:///F:/CocosProject/PLY_Roomtopia_Cocos/assets/7.Scripts/Manager/AssetsManagerCustom.ts.
16:15:56.556 debug: Resolve file:///F:/CocosProject/PLY_Roomtopia_Cocos/assets/7.Scripts/Manager/Clock.ts from cce:/internal/x/prerequisite-imports as file:///F:/CocosProject/PLY_Roomtopia_Cocos/assets/7.Scripts/Manager/Clock.ts.
16:15:56.557 debug: Resolve file:///F:/CocosProject/PLY_Roomtopia_Cocos/assets/7.Scripts/Manager/InputManager.ts from cce:/internal/x/prerequisite-imports as file:///F:/CocosProject/PLY_Roomtopia_Cocos/assets/7.Scripts/Manager/InputManager.ts.
16:15:56.557 debug: Resolve file:///F:/CocosProject/PLY_Roomtopia_Cocos/assets/7.Scripts/Manager/Joystick.ts from cce:/internal/x/prerequisite-imports as file:///F:/CocosProject/PLY_Roomtopia_Cocos/assets/7.Scripts/Manager/Joystick.ts.
16:15:56.558 debug: Resolve file:///F:/CocosProject/PLY_Roomtopia_Cocos/assets/7.Scripts/Manager/MainCamera.ts from cce:/internal/x/prerequisite-imports as file:///F:/CocosProject/PLY_Roomtopia_Cocos/assets/7.Scripts/Manager/MainCamera.ts.
16:15:56.558 debug: Resolve file:///F:/CocosProject/PLY_Roomtopia_Cocos/assets/7.Scripts/Manager/PointerController.ts from cce:/internal/x/prerequisite-imports as file:///F:/CocosProject/PLY_Roomtopia_Cocos/assets/7.Scripts/Manager/PointerController.ts.
16:15:56.558 debug: Resolve file:///F:/CocosProject/PLY_Roomtopia_Cocos/assets/7.Scripts/Manager/SoundManager.ts from cce:/internal/x/prerequisite-imports as file:///F:/CocosProject/PLY_Roomtopia_Cocos/assets/7.Scripts/Manager/SoundManager.ts.
16:15:56.559 debug: Resolve file:///F:/CocosProject/PLY_Roomtopia_Cocos/assets/7.Scripts/Manager/UI.ts from cce:/internal/x/prerequisite-imports as file:///F:/CocosProject/PLY_Roomtopia_Cocos/assets/7.Scripts/Manager/UI.ts.
16:15:56.560 debug: Resolve file:///F:/CocosProject/PLY_Roomtopia_Cocos/assets/7.Scripts/Manager/VFX.ts from cce:/internal/x/prerequisite-imports as file:///F:/CocosProject/PLY_Roomtopia_Cocos/assets/7.Scripts/Manager/VFX.ts.
16:15:56.561 debug: Resolve file:///F:/CocosProject/PLY_Roomtopia_Cocos/assets/7.Scripts/Manager/World.ts from cce:/internal/x/prerequisite-imports as file:///F:/CocosProject/PLY_Roomtopia_Cocos/assets/7.Scripts/Manager/World.ts.
16:15:56.561 debug: Resolve file:///F:/CocosProject/PLY_Roomtopia_Cocos/assets/7.Scripts/MatchAsset/MatchSprite.ts from cce:/internal/x/prerequisite-imports as file:///F:/CocosProject/PLY_Roomtopia_Cocos/assets/7.Scripts/MatchAsset/MatchSprite.ts.
16:15:56.562 debug: Resolve file:///F:/CocosProject/PLY_Roomtopia_Cocos/assets/7.Scripts/MatchAsset/NodeOrder.ts from cce:/internal/x/prerequisite-imports as file:///F:/CocosProject/PLY_Roomtopia_Cocos/assets/7.Scripts/MatchAsset/NodeOrder.ts.
16:15:56.562 debug: Resolve file:///F:/CocosProject/PLY_Roomtopia_Cocos/assets/7.Scripts/MatchAsset/ReadImagePixel.ts from cce:/internal/x/prerequisite-imports as file:///F:/CocosProject/PLY_Roomtopia_Cocos/assets/7.Scripts/MatchAsset/ReadImagePixel.ts.
16:15:56.562 debug: Resolve file:///F:/CocosProject/PLY_Roomtopia_Cocos/assets/7.Scripts/MatchAsset/SpriteSizeSetter.ts from cce:/internal/x/prerequisite-imports as file:///F:/CocosProject/PLY_Roomtopia_Cocos/assets/7.Scripts/MatchAsset/SpriteSizeSetter.ts.
16:15:56.563 debug: Resolve file:///F:/CocosProject/PLY_Roomtopia_Cocos/assets/7.Scripts/MatchAsset/Ulis.ts from cce:/internal/x/prerequisite-imports as file:///F:/CocosProject/PLY_Roomtopia_Cocos/assets/7.Scripts/MatchAsset/Ulis.ts.
16:15:56.563 debug: Resolve file:///F:/CocosProject/PLY_Roomtopia_Cocos/assets/7.Scripts/Misc/AStar.ts from cce:/internal/x/prerequisite-imports as file:///F:/CocosProject/PLY_Roomtopia_Cocos/assets/7.Scripts/Misc/AStar.ts.
16:15:56.563 debug: Resolve file:///F:/CocosProject/PLY_Roomtopia_Cocos/assets/7.Scripts/Misc/Black.ts from cce:/internal/x/prerequisite-imports as file:///F:/CocosProject/PLY_Roomtopia_Cocos/assets/7.Scripts/Misc/Black.ts.
16:15:56.564 debug: Resolve file:///F:/CocosProject/PLY_Roomtopia_Cocos/assets/7.Scripts/Misc/Cloud.ts from cce:/internal/x/prerequisite-imports as file:///F:/CocosProject/PLY_Roomtopia_Cocos/assets/7.Scripts/Misc/Cloud.ts.
16:15:56.564 debug: Resolve file:///F:/CocosProject/PLY_Roomtopia_Cocos/assets/7.Scripts/Misc/IQ.ts from cce:/internal/x/prerequisite-imports as file:///F:/CocosProject/PLY_Roomtopia_Cocos/assets/7.Scripts/Misc/IQ.ts.
16:15:56.564 debug: Resolve file:///F:/CocosProject/PLY_Roomtopia_Cocos/assets/7.Scripts/Misc/Mats.ts from cce:/internal/x/prerequisite-imports as file:///F:/CocosProject/PLY_Roomtopia_Cocos/assets/7.Scripts/Misc/Mats.ts.
16:15:56.565 debug: Resolve file:///F:/CocosProject/PLY_Roomtopia_Cocos/assets/7.Scripts/Misc/MeshLoader.ts from cce:/internal/x/prerequisite-imports as file:///F:/CocosProject/PLY_Roomtopia_Cocos/assets/7.Scripts/Misc/MeshLoader.ts.
16:15:56.565 debug: Resolve file:///F:/CocosProject/PLY_Roomtopia_Cocos/assets/7.Scripts/Misc/SkinManager.ts from cce:/internal/x/prerequisite-imports as file:///F:/CocosProject/PLY_Roomtopia_Cocos/assets/7.Scripts/Misc/SkinManager.ts.
16:15:56.566 debug: Resolve file:///F:/CocosProject/PLY_Roomtopia_Cocos/assets/7.Scripts/Misc/SplineLineRenderer.ts from cce:/internal/x/prerequisite-imports as file:///F:/CocosProject/PLY_Roomtopia_Cocos/assets/7.Scripts/Misc/SplineLineRenderer.ts.
16:15:56.566 debug: Resolve file:///F:/CocosProject/PLY_Roomtopia_Cocos/assets/7.Scripts/Misc/Tool.ts from cce:/internal/x/prerequisite-imports as file:///F:/CocosProject/PLY_Roomtopia_Cocos/assets/7.Scripts/Misc/Tool.ts.
16:15:56.567 debug: Resolve file:///F:/CocosProject/PLY_Roomtopia_Cocos/assets/7.Scripts/Misc/Tooth.ts from cce:/internal/x/prerequisite-imports as file:///F:/CocosProject/PLY_Roomtopia_Cocos/assets/7.Scripts/Misc/Tooth.ts.
16:15:56.567 debug: Resolve file:///F:/CocosProject/PLY_Roomtopia_Cocos/assets/7.Scripts/Misc/Ulis.ts from cce:/internal/x/prerequisite-imports as file:///F:/CocosProject/PLY_Roomtopia_Cocos/assets/7.Scripts/Misc/Ulis.ts.
16:15:56.568 debug: Resolve file:///F:/CocosProject/PLY_Roomtopia_Cocos/assets/7.Scripts/MyScript/Config/TrayConfig.ts from cce:/internal/x/prerequisite-imports as file:///F:/CocosProject/PLY_Roomtopia_Cocos/assets/7.Scripts/MyScript/Config/TrayConfig.ts.
16:15:56.568 debug: Resolve file:///F:/CocosProject/PLY_Roomtopia_Cocos/assets/7.Scripts/MyScript/Item/BottomBar.ts from cce:/internal/x/prerequisite-imports as file:///F:/CocosProject/PLY_Roomtopia_Cocos/assets/7.Scripts/MyScript/Item/BottomBar.ts.
16:15:56.569 debug: Resolve file:///F:/CocosProject/PLY_Roomtopia_Cocos/assets/7.Scripts/MyScript/Item/BoxBg.ts from cce:/internal/x/prerequisite-imports as file:///F:/CocosProject/PLY_Roomtopia_Cocos/assets/7.Scripts/MyScript/Item/BoxBg.ts.
16:15:56.569 debug: Resolve file:///F:/CocosProject/PLY_Roomtopia_Cocos/assets/7.Scripts/MyScript/Item/FitInBox.ts from cce:/internal/x/prerequisite-imports as file:///F:/CocosProject/PLY_Roomtopia_Cocos/assets/7.Scripts/MyScript/Item/FitInBox.ts.
16:15:56.569 debug: Resolve file:///F:/CocosProject/PLY_Roomtopia_Cocos/assets/7.Scripts/MyScript/Item/ItemController.ts from cce:/internal/x/prerequisite-imports as file:///F:/CocosProject/PLY_Roomtopia_Cocos/assets/7.Scripts/MyScript/Item/ItemController.ts.
16:15:56.570 debug: Resolve file:///F:/CocosProject/PLY_Roomtopia_Cocos/assets/7.Scripts/MyScript/Item/ItemGraphic.ts from cce:/internal/x/prerequisite-imports as file:///F:/CocosProject/PLY_Roomtopia_Cocos/assets/7.Scripts/MyScript/Item/ItemGraphic.ts.
16:15:56.570 debug: Resolve file:///F:/CocosProject/PLY_Roomtopia_Cocos/assets/7.Scripts/MyScript/Item/ItemMovement.ts from cce:/internal/x/prerequisite-imports as file:///F:/CocosProject/PLY_Roomtopia_Cocos/assets/7.Scripts/MyScript/Item/ItemMovement.ts.
16:15:56.570 debug: Resolve file:///F:/CocosProject/PLY_Roomtopia_Cocos/assets/7.Scripts/MyScript/Item/QuadImage.ts from cce:/internal/x/prerequisite-imports as file:///F:/CocosProject/PLY_Roomtopia_Cocos/assets/7.Scripts/MyScript/Item/QuadImage.ts.
16:15:56.571 debug: Resolve file:///F:/CocosProject/PLY_Roomtopia_Cocos/assets/7.Scripts/MyScript/Item/ZoomSlider.ts from cce:/internal/x/prerequisite-imports as file:///F:/CocosProject/PLY_Roomtopia_Cocos/assets/7.Scripts/MyScript/Item/ZoomSlider.ts.
16:15:56.571 debug: Resolve file:///F:/CocosProject/PLY_Roomtopia_Cocos/assets/7.Scripts/MyScript/Manager/GameManager.ts from cce:/internal/x/prerequisite-imports as file:///F:/CocosProject/PLY_Roomtopia_Cocos/assets/7.Scripts/MyScript/Manager/GameManager.ts.
16:15:56.571 debug: Resolve file:///F:/CocosProject/PLY_Roomtopia_Cocos/assets/7.Scripts/MyScript/Manager/HandHintManager.ts from cce:/internal/x/prerequisite-imports as file:///F:/CocosProject/PLY_Roomtopia_Cocos/assets/7.Scripts/MyScript/Manager/HandHintManager.ts.
16:15:56.572 debug: Resolve file:///F:/CocosProject/PLY_Roomtopia_Cocos/assets/7.Scripts/MyScript/Manager/ItemManager.ts from cce:/internal/x/prerequisite-imports as file:///F:/CocosProject/PLY_Roomtopia_Cocos/assets/7.Scripts/MyScript/Manager/ItemManager.ts.
16:15:56.572 debug: Resolve file:///F:/CocosProject/PLY_Roomtopia_Cocos/assets/7.Scripts/MyScript/Manager/ModelRotate.ts from cce:/internal/x/prerequisite-imports as file:///F:/CocosProject/PLY_Roomtopia_Cocos/assets/7.Scripts/MyScript/Manager/ModelRotate.ts.
16:15:56.573 debug: Resolve file:///F:/CocosProject/PLY_Roomtopia_Cocos/assets/7.Scripts/MyScript/ScriptTemplate/ComponentCache.ts from cce:/internal/x/prerequisite-imports as file:///F:/CocosProject/PLY_Roomtopia_Cocos/assets/7.Scripts/MyScript/ScriptTemplate/ComponentCache.ts.
16:15:56.573 debug: Resolve file:///F:/CocosProject/PLY_Roomtopia_Cocos/assets/7.Scripts/MyScript/ScriptTemplate/Ply_GameUnit.ts from cce:/internal/x/prerequisite-imports as file:///F:/CocosProject/PLY_Roomtopia_Cocos/assets/7.Scripts/MyScript/ScriptTemplate/Ply_GameUnit.ts.
16:15:56.573 debug: Resolve file:///F:/CocosProject/PLY_Roomtopia_Cocos/assets/7.Scripts/MyScript/ScriptTemplate/Ply_Pool.ts from cce:/internal/x/prerequisite-imports as file:///F:/CocosProject/PLY_Roomtopia_Cocos/assets/7.Scripts/MyScript/ScriptTemplate/Ply_Pool.ts.
16:15:56.574 debug: Resolve file:///F:/CocosProject/PLY_Roomtopia_Cocos/assets/7.Scripts/MyScript/ScriptTemplate/Ply_Singleton.ts from cce:/internal/x/prerequisite-imports as file:///F:/CocosProject/PLY_Roomtopia_Cocos/assets/7.Scripts/MyScript/ScriptTemplate/Ply_Singleton.ts.
16:15:56.574 debug: Resolve file:///F:/CocosProject/PLY_Roomtopia_Cocos/assets/7.Scripts/MyScript/ScriptTemplate/Ply_SoundManager.ts from cce:/internal/x/prerequisite-imports as file:///F:/CocosProject/PLY_Roomtopia_Cocos/assets/7.Scripts/MyScript/ScriptTemplate/Ply_SoundManager.ts.
16:15:56.574 debug: Resolve file:///F:/CocosProject/PLY_Roomtopia_Cocos/assets/7.Scripts/MyScript/ScriptTemplate/Ply_Types.ts from cce:/internal/x/prerequisite-imports as file:///F:/CocosProject/PLY_Roomtopia_Cocos/assets/7.Scripts/MyScript/ScriptTemplate/Ply_Types.ts.
16:15:56.575 debug: Resolve file:///F:/CocosProject/PLY_Roomtopia_Cocos/assets/7.Scripts/MyScript/ScriptTemplate/Yielders.ts from cce:/internal/x/prerequisite-imports as file:///F:/CocosProject/PLY_Roomtopia_Cocos/assets/7.Scripts/MyScript/ScriptTemplate/Yielders.ts.
16:15:56.575 debug: Resolve file:///F:/CocosProject/PLY_Roomtopia_Cocos/assets/7.Scripts/MyScript/Utils/SnapEffect.ts from cce:/internal/x/prerequisite-imports as file:///F:/CocosProject/PLY_Roomtopia_Cocos/assets/7.Scripts/MyScript/Utils/SnapEffect.ts.
16:15:56.575 debug: Detected change: file:///F:/CocosProject/PLY_Roomtopia_Cocos/assets/7.Scripts/MyScript/Utils/SnapEffect.ts. Last mtime: Tue Sep 22 2026 16:13:45 GMT+0700 (Indochina Time)@b20530d8-e1d2-477a-8802-6ad83263fcf2, Current mtime: Tue Sep 22 2026 16:15:00 GMT+0700 (Indochina Time)@b20530d8-e1d2-477a-8802-6ad83263fcf2
16:15:56.575 debug: Inspect file:///F:/CocosProject/PLY_Roomtopia_Cocos/assets/7.Scripts/MyScript/Utils/SnapEffect.ts
16:15:56.655 debug: transform url: 'file:///F:/CocosProject/PLY_Roomtopia_Cocos/assets/7.Scripts/MyScript/Utils/SnapEffect.ts' costs: 79.40 ms
16:15:56.657 debug: Resolve file:///F:/CocosProject/PLY_Roomtopia_Cocos/assets/7.Scripts/MyScript/Utils/WinReact.ts from cce:/internal/x/prerequisite-imports as file:///F:/CocosProject/PLY_Roomtopia_Cocos/assets/7.Scripts/MyScript/Utils/WinReact.ts.
16:15:56.658 debug: Resolve file:///F:/CocosProject/PLY_Roomtopia_Cocos/assets/7.Scripts/Pool/PoolControl.ts from cce:/internal/x/prerequisite-imports as file:///F:/CocosProject/PLY_Roomtopia_Cocos/assets/7.Scripts/Pool/PoolControl.ts.
16:15:56.659 debug: Resolve file:///F:/CocosProject/PLY_Roomtopia_Cocos/assets/7.Scripts/Pool/PoolManager.ts from cce:/internal/x/prerequisite-imports as file:///F:/CocosProject/PLY_Roomtopia_Cocos/assets/7.Scripts/Pool/PoolManager.ts.
16:15:56.659 debug: Resolve file:///F:/CocosProject/PLY_Roomtopia_Cocos/assets/7.Scripts/Pool/PoolMember.ts from cce:/internal/x/prerequisite-imports as file:///F:/CocosProject/PLY_Roomtopia_Cocos/assets/7.Scripts/Pool/PoolMember.ts.
16:15:56.660 debug: Resolve file:///F:/CocosProject/PLY_Roomtopia_Cocos/assets/7.Scripts/Sand/SandSimulation.ts from cce:/internal/x/prerequisite-imports as file:///F:/CocosProject/PLY_Roomtopia_Cocos/assets/7.Scripts/Sand/SandSimulation.ts.
16:15:56.660 debug: Resolve file:///F:/CocosProject/PLY_Roomtopia_Cocos/assets/7.Scripts/Tool/AppLovinAnalytics.ts from cce:/internal/x/prerequisite-imports as file:///F:/CocosProject/PLY_Roomtopia_Cocos/assets/7.Scripts/Tool/AppLovinAnalytics.ts.
16:15:56.662 debug: Resolve file:///F:/CocosProject/PLY_Roomtopia_Cocos/assets/7.Scripts/Tool/GameController.ts from cce:/internal/x/prerequisite-imports as file:///F:/CocosProject/PLY_Roomtopia_Cocos/assets/7.Scripts/Tool/GameController.ts.
16:15:56.664 debug: Resolve cce:/internal/code-quality/cr.mjs from file:///F:/CocosProject/PLY_Roomtopia_Cocos/assets/7.Scripts/MyScript/Utils/SnapEffect.ts as cce:/internal/code-quality/cr.mjs.
16:15:56.664 debug: Resolve cc from file:///F:/CocosProject/PLY_Roomtopia_Cocos/assets/7.Scripts/MyScript/Utils/SnapEffect.ts as cce:/internal/x/cc.
16:15:56.664 debug: Resolve cc from file:///F:/CocosProject/PLY_Roomtopia_Cocos/assets/7.Scripts/MyScript/Utils/SnapEffect.ts as cce:/internal/x/cc.
16:15:56.664 debug: Resolve cc from file:///F:/CocosProject/PLY_Roomtopia_Cocos/assets/7.Scripts/MyScript/Utils/SnapEffect.ts as cce:/internal/x/cc.
16:15:56.665 debug: Resolve ./WinReact from file:///F:/CocosProject/PLY_Roomtopia_Cocos/assets/7.Scripts/MyScript/Utils/SnapEffect.ts as file:///F:/CocosProject/PLY_Roomtopia_Cocos/assets/7.Scripts/MyScript/Utils/WinReact.ts.
16:15:56.666 debug: Resolve ../Manager/GameManager from file:///F:/CocosProject/PLY_Roomtopia_Cocos/assets/7.Scripts/MyScript/Utils/SnapEffect.ts as file:///F:/CocosProject/PLY_Roomtopia_Cocos/assets/7.Scripts/MyScript/Manager/GameManager.ts.
16:15:56.666 debug: Resolve ../Item/ItemGraphic from file:///F:/CocosProject/PLY_Roomtopia_Cocos/assets/7.Scripts/MyScript/Utils/SnapEffect.ts as file:///F:/CocosProject/PLY_Roomtopia_Cocos/assets/7.Scripts/MyScript/Item/ItemGraphic.ts.
16:15:56.667 debug: Resolve ../../Manager/UI from file:///F:/CocosProject/PLY_Roomtopia_Cocos/assets/7.Scripts/MyScript/Utils/SnapEffect.ts as file:///F:/CocosProject/PLY_Roomtopia_Cocos/assets/7.Scripts/Manager/UI.ts.
16:15:56.702 debug: Target(editor) ends with cost 177.6954000000842ms.
16:15:56.702 debug: Target(preview) build started.
16:15:56.706 debug: Detected change: cce:/internal/x/prerequisite-imports. Last mtime: Thu Jan 01 1970 07:25:56 GMT+0700 (Indochina Time), Current mtime: Thu Jan 01 1970 07:28:05 GMT+0700 (Indochina Time)
16:15:56.706 debug: Inspect cce:/internal/x/prerequisite-imports
16:15:56.728 debug: transform url: 'cce:/internal/x/prerequisite-imports' costs: 22.40 ms
16:15:56.731 debug: Resolve file:///C:/ProgramData/cocos/editors/Creator/3.8.8/resources/resources/3d/engine/editor/assets/default_renderpipeline/builtin-dof-pass.ts from cce:/internal/x/prerequisite-imports as file:///C:/ProgramData/cocos/editors/Creator/3.8.8/resources/resources/3d/engine/editor/assets/default_renderpipeline/builtin-dof-pass.ts.
16:15:56.732 debug: Resolve file:///C:/ProgramData/cocos/editors/Creator/3.8.8/resources/resources/3d/engine/editor/assets/default_renderpipeline/builtin-pipeline-pass.ts from cce:/internal/x/prerequisite-imports as file:///C:/ProgramData/cocos/editors/Creator/3.8.8/resources/resources/3d/engine/editor/assets/default_renderpipeline/builtin-pipeline-pass.ts.
16:15:56.733 debug: Resolve file:///C:/ProgramData/cocos/editors/Creator/3.8.8/resources/resources/3d/engine/editor/assets/default_renderpipeline/builtin-pipeline-settings.ts from cce:/internal/x/prerequisite-imports as file:///C:/ProgramData/cocos/editors/Creator/3.8.8/resources/resources/3d/engine/editor/assets/default_renderpipeline/builtin-pipeline-settings.ts.
16:15:56.734 debug: Resolve file:///C:/ProgramData/cocos/editors/Creator/3.8.8/resources/resources/3d/engine/editor/assets/default_renderpipeline/builtin-pipeline-types.ts from cce:/internal/x/prerequisite-imports as file:///C:/ProgramData/cocos/editors/Creator/3.8.8/resources/resources/3d/engine/editor/assets/default_renderpipeline/builtin-pipeline-types.ts.
16:15:56.735 debug: Resolve file:///C:/ProgramData/cocos/editors/Creator/3.8.8/resources/resources/3d/engine/editor/assets/default_renderpipeline/builtin-pipeline.ts from cce:/internal/x/prerequisite-imports as file:///C:/ProgramData/cocos/editors/Creator/3.8.8/resources/resources/3d/engine/editor/assets/default_renderpipeline/builtin-pipeline.ts.
16:15:56.735 debug: Resolve file:///C:/ProgramData/cocos/editors/Creator/3.8.8/resources/resources/3d/engine/editor/assets/tools/debug-view-runtime-control.ts from cce:/internal/x/prerequisite-imports as file:///C:/ProgramData/cocos/editors/Creator/3.8.8/resources/resources/3d/engine/editor/assets/tools/debug-view-runtime-control.ts.
16:15:56.736 debug: Resolve file:///F:/CocosProject/PLY_Roomtopia_Cocos/assets/7.Scripts/Gameplay/Data.ts from cce:/internal/x/prerequisite-imports as file:///F:/CocosProject/PLY_Roomtopia_Cocos/assets/7.Scripts/Gameplay/Data.ts.
16:15:56.736 debug: Resolve file:///F:/CocosProject/PLY_Roomtopia_Cocos/assets/7.Scripts/Manager/AssetsManagerCustom.ts from cce:/internal/x/prerequisite-imports as file:///F:/CocosProject/PLY_Roomtopia_Cocos/assets/7.Scripts/Manager/AssetsManagerCustom.ts.
16:15:56.737 debug: Resolve file:///F:/CocosProject/PLY_Roomtopia_Cocos/assets/7.Scripts/Manager/Clock.ts from cce:/internal/x/prerequisite-imports as file:///F:/CocosProject/PLY_Roomtopia_Cocos/assets/7.Scripts/Manager/Clock.ts.
16:15:56.737 debug: Resolve file:///F:/CocosProject/PLY_Roomtopia_Cocos/assets/7.Scripts/Manager/InputManager.ts from cce:/internal/x/prerequisite-imports as file:///F:/CocosProject/PLY_Roomtopia_Cocos/assets/7.Scripts/Manager/InputManager.ts.
16:15:56.738 debug: Resolve file:///F:/CocosProject/PLY_Roomtopia_Cocos/assets/7.Scripts/Manager/Joystick.ts from cce:/internal/x/prerequisite-imports as file:///F:/CocosProject/PLY_Roomtopia_Cocos/assets/7.Scripts/Manager/Joystick.ts.
16:15:56.738 debug: Resolve file:///F:/CocosProject/PLY_Roomtopia_Cocos/assets/7.Scripts/Manager/MainCamera.ts from cce:/internal/x/prerequisite-imports as file:///F:/CocosProject/PLY_Roomtopia_Cocos/assets/7.Scripts/Manager/MainCamera.ts.
16:15:56.739 debug: Resolve file:///F:/CocosProject/PLY_Roomtopia_Cocos/assets/7.Scripts/Manager/PointerController.ts from cce:/internal/x/prerequisite-imports as file:///F:/CocosProject/PLY_Roomtopia_Cocos/assets/7.Scripts/Manager/PointerController.ts.
16:15:56.739 debug: Resolve file:///F:/CocosProject/PLY_Roomtopia_Cocos/assets/7.Scripts/Manager/SoundManager.ts from cce:/internal/x/prerequisite-imports as file:///F:/CocosProject/PLY_Roomtopia_Cocos/assets/7.Scripts/Manager/SoundManager.ts.
16:15:56.740 debug: Resolve file:///F:/CocosProject/PLY_Roomtopia_Cocos/assets/7.Scripts/Manager/UI.ts from cce:/internal/x/prerequisite-imports as file:///F:/CocosProject/PLY_Roomtopia_Cocos/assets/7.Scripts/Manager/UI.ts.
16:15:56.740 debug: Resolve file:///F:/CocosProject/PLY_Roomtopia_Cocos/assets/7.Scripts/Manager/VFX.ts from cce:/internal/x/prerequisite-imports as file:///F:/CocosProject/PLY_Roomtopia_Cocos/assets/7.Scripts/Manager/VFX.ts.
16:15:56.740 debug: Resolve file:///F:/CocosProject/PLY_Roomtopia_Cocos/assets/7.Scripts/Manager/World.ts from cce:/internal/x/prerequisite-imports as file:///F:/CocosProject/PLY_Roomtopia_Cocos/assets/7.Scripts/Manager/World.ts.
16:15:56.741 debug: Resolve file:///F:/CocosProject/PLY_Roomtopia_Cocos/assets/7.Scripts/MatchAsset/MatchSprite.ts from cce:/internal/x/prerequisite-imports as file:///F:/CocosProject/PLY_Roomtopia_Cocos/assets/7.Scripts/MatchAsset/MatchSprite.ts.
16:15:56.741 debug: Resolve file:///F:/CocosProject/PLY_Roomtopia_Cocos/assets/7.Scripts/MatchAsset/NodeOrder.ts from cce:/internal/x/prerequisite-imports as file:///F:/CocosProject/PLY_Roomtopia_Cocos/assets/7.Scripts/MatchAsset/NodeOrder.ts.
16:15:56.742 debug: Resolve file:///F:/CocosProject/PLY_Roomtopia_Cocos/assets/7.Scripts/MatchAsset/ReadImagePixel.ts from cce:/internal/x/prerequisite-imports as file:///F:/CocosProject/PLY_Roomtopia_Cocos/assets/7.Scripts/MatchAsset/ReadImagePixel.ts.
16:15:56.742 debug: Resolve file:///F:/CocosProject/PLY_Roomtopia_Cocos/assets/7.Scripts/MatchAsset/SpriteSizeSetter.ts from cce:/internal/x/prerequisite-imports as file:///F:/CocosProject/PLY_Roomtopia_Cocos/assets/7.Scripts/MatchAsset/SpriteSizeSetter.ts.
16:15:56.743 debug: Resolve file:///F:/CocosProject/PLY_Roomtopia_Cocos/assets/7.Scripts/MatchAsset/Ulis.ts from cce:/internal/x/prerequisite-imports as file:///F:/CocosProject/PLY_Roomtopia_Cocos/assets/7.Scripts/MatchAsset/Ulis.ts.
16:15:56.743 debug: Resolve file:///F:/CocosProject/PLY_Roomtopia_Cocos/assets/7.Scripts/Misc/AStar.ts from cce:/internal/x/prerequisite-imports as file:///F:/CocosProject/PLY_Roomtopia_Cocos/assets/7.Scripts/Misc/AStar.ts.
16:15:56.743 debug: Resolve file:///F:/CocosProject/PLY_Roomtopia_Cocos/assets/7.Scripts/Misc/Black.ts from cce:/internal/x/prerequisite-imports as file:///F:/CocosProject/PLY_Roomtopia_Cocos/assets/7.Scripts/Misc/Black.ts.
16:15:56.744 debug: Resolve file:///F:/CocosProject/PLY_Roomtopia_Cocos/assets/7.Scripts/Misc/Cloud.ts from cce:/internal/x/prerequisite-imports as file:///F:/CocosProject/PLY_Roomtopia_Cocos/assets/7.Scripts/Misc/Cloud.ts.
16:15:56.744 debug: Resolve file:///F:/CocosProject/PLY_Roomtopia_Cocos/assets/7.Scripts/Misc/IQ.ts from cce:/internal/x/prerequisite-imports as file:///F:/CocosProject/PLY_Roomtopia_Cocos/assets/7.Scripts/Misc/IQ.ts.
16:15:56.745 debug: Resolve file:///F:/CocosProject/PLY_Roomtopia_Cocos/assets/7.Scripts/Misc/Mats.ts from cce:/internal/x/prerequisite-imports as file:///F:/CocosProject/PLY_Roomtopia_Cocos/assets/7.Scripts/Misc/Mats.ts.
16:15:56.745 debug: Resolve file:///F:/CocosProject/PLY_Roomtopia_Cocos/assets/7.Scripts/Misc/MeshLoader.ts from cce:/internal/x/prerequisite-imports as file:///F:/CocosProject/PLY_Roomtopia_Cocos/assets/7.Scripts/Misc/MeshLoader.ts.
16:15:56.745 debug: Resolve file:///F:/CocosProject/PLY_Roomtopia_Cocos/assets/7.Scripts/Misc/SkinManager.ts from cce:/internal/x/prerequisite-imports as file:///F:/CocosProject/PLY_Roomtopia_Cocos/assets/7.Scripts/Misc/SkinManager.ts.
16:15:56.746 debug: Resolve file:///F:/CocosProject/PLY_Roomtopia_Cocos/assets/7.Scripts/Misc/SplineLineRenderer.ts from cce:/internal/x/prerequisite-imports as file:///F:/CocosProject/PLY_Roomtopia_Cocos/assets/7.Scripts/Misc/SplineLineRenderer.ts.
16:15:56.746 debug: Resolve file:///F:/CocosProject/PLY_Roomtopia_Cocos/assets/7.Scripts/Misc/Tool.ts from cce:/internal/x/prerequisite-imports as file:///F:/CocosProject/PLY_Roomtopia_Cocos/assets/7.Scripts/Misc/Tool.ts.
16:15:56.746 debug: Resolve file:///F:/CocosProject/PLY_Roomtopia_Cocos/assets/7.Scripts/Misc/Tooth.ts from cce:/internal/x/prerequisite-imports as file:///F:/CocosProject/PLY_Roomtopia_Cocos/assets/7.Scripts/Misc/Tooth.ts.
16:15:56.747 debug: Resolve file:///F:/CocosProject/PLY_Roomtopia_Cocos/assets/7.Scripts/Misc/Ulis.ts from cce:/internal/x/prerequisite-imports as file:///F:/CocosProject/PLY_Roomtopia_Cocos/assets/7.Scripts/Misc/Ulis.ts.
16:15:56.747 debug: Resolve file:///F:/CocosProject/PLY_Roomtopia_Cocos/assets/7.Scripts/MyScript/Config/TrayConfig.ts from cce:/internal/x/prerequisite-imports as file:///F:/CocosProject/PLY_Roomtopia_Cocos/assets/7.Scripts/MyScript/Config/TrayConfig.ts.
16:15:56.748 debug: Resolve file:///F:/CocosProject/PLY_Roomtopia_Cocos/assets/7.Scripts/MyScript/Item/BottomBar.ts from cce:/internal/x/prerequisite-imports as file:///F:/CocosProject/PLY_Roomtopia_Cocos/assets/7.Scripts/MyScript/Item/BottomBar.ts.
16:15:56.748 debug: Resolve file:///F:/CocosProject/PLY_Roomtopia_Cocos/assets/7.Scripts/MyScript/Item/BoxBg.ts from cce:/internal/x/prerequisite-imports as file:///F:/CocosProject/PLY_Roomtopia_Cocos/assets/7.Scripts/MyScript/Item/BoxBg.ts.
16:15:56.749 debug: Resolve file:///F:/CocosProject/PLY_Roomtopia_Cocos/assets/7.Scripts/MyScript/Item/FitInBox.ts from cce:/internal/x/prerequisite-imports as file:///F:/CocosProject/PLY_Roomtopia_Cocos/assets/7.Scripts/MyScript/Item/FitInBox.ts.
16:15:56.749 debug: Resolve file:///F:/CocosProject/PLY_Roomtopia_Cocos/assets/7.Scripts/MyScript/Item/ItemController.ts from cce:/internal/x/prerequisite-imports as file:///F:/CocosProject/PLY_Roomtopia_Cocos/assets/7.Scripts/MyScript/Item/ItemController.ts.
16:15:56.750 debug: Resolve file:///F:/CocosProject/PLY_Roomtopia_Cocos/assets/7.Scripts/MyScript/Item/ItemGraphic.ts from cce:/internal/x/prerequisite-imports as file:///F:/CocosProject/PLY_Roomtopia_Cocos/assets/7.Scripts/MyScript/Item/ItemGraphic.ts.
16:15:56.750 debug: Resolve file:///F:/CocosProject/PLY_Roomtopia_Cocos/assets/7.Scripts/MyScript/Item/ItemMovement.ts from cce:/internal/x/prerequisite-imports as file:///F:/CocosProject/PLY_Roomtopia_Cocos/assets/7.Scripts/MyScript/Item/ItemMovement.ts.
16:15:56.751 debug: Resolve file:///F:/CocosProject/PLY_Roomtopia_Cocos/assets/7.Scripts/MyScript/Item/QuadImage.ts from cce:/internal/x/prerequisite-imports as file:///F:/CocosProject/PLY_Roomtopia_Cocos/assets/7.Scripts/MyScript/Item/QuadImage.ts.
16:15:56.751 debug: Resolve file:///F:/CocosProject/PLY_Roomtopia_Cocos/assets/7.Scripts/MyScript/Item/ZoomSlider.ts from cce:/internal/x/prerequisite-imports as file:///F:/CocosProject/PLY_Roomtopia_Cocos/assets/7.Scripts/MyScript/Item/ZoomSlider.ts.
16:15:56.751 debug: Resolve file:///F:/CocosProject/PLY_Roomtopia_Cocos/assets/7.Scripts/MyScript/Manager/GameManager.ts from cce:/internal/x/prerequisite-imports as file:///F:/CocosProject/PLY_Roomtopia_Cocos/assets/7.Scripts/MyScript/Manager/GameManager.ts.
16:15:56.752 debug: Resolve file:///F:/CocosProject/PLY_Roomtopia_Cocos/assets/7.Scripts/MyScript/Manager/HandHintManager.ts from cce:/internal/x/prerequisite-imports as file:///F:/CocosProject/PLY_Roomtopia_Cocos/assets/7.Scripts/MyScript/Manager/HandHintManager.ts.
16:15:56.752 debug: Resolve file:///F:/CocosProject/PLY_Roomtopia_Cocos/assets/7.Scripts/MyScript/Manager/ItemManager.ts from cce:/internal/x/prerequisite-imports as file:///F:/CocosProject/PLY_Roomtopia_Cocos/assets/7.Scripts/MyScript/Manager/ItemManager.ts.
16:15:56.753 debug: Resolve file:///F:/CocosProject/PLY_Roomtopia_Cocos/assets/7.Scripts/MyScript/Manager/ModelRotate.ts from cce:/internal/x/prerequisite-imports as file:///F:/CocosProject/PLY_Roomtopia_Cocos/assets/7.Scripts/MyScript/Manager/ModelRotate.ts.
16:15:56.753 debug: Resolve file:///F:/CocosProject/PLY_Roomtopia_Cocos/assets/7.Scripts/MyScript/ScriptTemplate/ComponentCache.ts from cce:/internal/x/prerequisite-imports as file:///F:/CocosProject/PLY_Roomtopia_Cocos/assets/7.Scripts/MyScript/ScriptTemplate/ComponentCache.ts.
16:15:56.754 debug: Resolve file:///F:/CocosProject/PLY_Roomtopia_Cocos/assets/7.Scripts/MyScript/ScriptTemplate/Ply_GameUnit.ts from cce:/internal/x/prerequisite-imports as file:///F:/CocosProject/PLY_Roomtopia_Cocos/assets/7.Scripts/MyScript/ScriptTemplate/Ply_GameUnit.ts.
16:15:56.754 debug: Resolve file:///F:/CocosProject/PLY_Roomtopia_Cocos/assets/7.Scripts/MyScript/ScriptTemplate/Ply_Pool.ts from cce:/internal/x/prerequisite-imports as file:///F:/CocosProject/PLY_Roomtopia_Cocos/assets/7.Scripts/MyScript/ScriptTemplate/Ply_Pool.ts.
16:15:56.755 debug: Resolve file:///F:/CocosProject/PLY_Roomtopia_Cocos/assets/7.Scripts/MyScript/ScriptTemplate/Ply_Singleton.ts from cce:/internal/x/prerequisite-imports as file:///F:/CocosProject/PLY_Roomtopia_Cocos/assets/7.Scripts/MyScript/ScriptTemplate/Ply_Singleton.ts.
16:15:56.755 debug: Resolve file:///F:/CocosProject/PLY_Roomtopia_Cocos/assets/7.Scripts/MyScript/ScriptTemplate/Ply_SoundManager.ts from cce:/internal/x/prerequisite-imports as file:///F:/CocosProject/PLY_Roomtopia_Cocos/assets/7.Scripts/MyScript/ScriptTemplate/Ply_SoundManager.ts.
16:15:56.756 debug: Resolve file:///F:/CocosProject/PLY_Roomtopia_Cocos/assets/7.Scripts/MyScript/ScriptTemplate/Ply_Types.ts from cce:/internal/x/prerequisite-imports as file:///F:/CocosProject/PLY_Roomtopia_Cocos/assets/7.Scripts/MyScript/ScriptTemplate/Ply_Types.ts.
16:15:56.756 debug: Resolve file:///F:/CocosProject/PLY_Roomtopia_Cocos/assets/7.Scripts/MyScript/ScriptTemplate/Yielders.ts from cce:/internal/x/prerequisite-imports as file:///F:/CocosProject/PLY_Roomtopia_Cocos/assets/7.Scripts/MyScript/ScriptTemplate/Yielders.ts.
16:15:56.757 debug: Resolve file:///F:/CocosProject/PLY_Roomtopia_Cocos/assets/7.Scripts/MyScript/Utils/SnapEffect.ts from cce:/internal/x/prerequisite-imports as file:///F:/CocosProject/PLY_Roomtopia_Cocos/assets/7.Scripts/MyScript/Utils/SnapEffect.ts.
16:15:56.757 debug: Detected change: file:///F:/CocosProject/PLY_Roomtopia_Cocos/assets/7.Scripts/MyScript/Utils/SnapEffect.ts. Last mtime: Tue Sep 22 2026 16:13:45 GMT+0700 (Indochina Time)@b20530d8-e1d2-477a-8802-6ad83263fcf2, Current mtime: Tue Sep 22 2026 16:15:00 GMT+0700 (Indochina Time)@b20530d8-e1d2-477a-8802-6ad83263fcf2
16:15:56.757 debug: Inspect file:///F:/CocosProject/PLY_Roomtopia_Cocos/assets/7.Scripts/MyScript/Utils/SnapEffect.ts
16:15:56.840 debug: transform url: 'file:///F:/CocosProject/PLY_Roomtopia_Cocos/assets/7.Scripts/MyScript/Utils/SnapEffect.ts' costs: 83.20 ms
16:15:56.842 debug: Resolve file:///F:/CocosProject/PLY_Roomtopia_Cocos/assets/7.Scripts/MyScript/Utils/WinReact.ts from cce:/internal/x/prerequisite-imports as file:///F:/CocosProject/PLY_Roomtopia_Cocos/assets/7.Scripts/MyScript/Utils/WinReact.ts.
16:15:56.842 debug: Resolve file:///F:/CocosProject/PLY_Roomtopia_Cocos/assets/7.Scripts/Pool/PoolControl.ts from cce:/internal/x/prerequisite-imports as file:///F:/CocosProject/PLY_Roomtopia_Cocos/assets/7.Scripts/Pool/PoolControl.ts.
16:15:56.843 debug: Resolve file:///F:/CocosProject/PLY_Roomtopia_Cocos/assets/7.Scripts/Pool/PoolManager.ts from cce:/internal/x/prerequisite-imports as file:///F:/CocosProject/PLY_Roomtopia_Cocos/assets/7.Scripts/Pool/PoolManager.ts.
16:15:56.843 debug: Resolve file:///F:/CocosProject/PLY_Roomtopia_Cocos/assets/7.Scripts/Pool/PoolMember.ts from cce:/internal/x/prerequisite-imports as file:///F:/CocosProject/PLY_Roomtopia_Cocos/assets/7.Scripts/Pool/PoolMember.ts.
16:15:56.843 debug: Resolve file:///F:/CocosProject/PLY_Roomtopia_Cocos/assets/7.Scripts/Sand/SandSimulation.ts from cce:/internal/x/prerequisite-imports as file:///F:/CocosProject/PLY_Roomtopia_Cocos/assets/7.Scripts/Sand/SandSimulation.ts.
16:15:56.844 debug: Resolve file:///F:/CocosProject/PLY_Roomtopia_Cocos/assets/7.Scripts/Tool/AppLovinAnalytics.ts from cce:/internal/x/prerequisite-imports as file:///F:/CocosProject/PLY_Roomtopia_Cocos/assets/7.Scripts/Tool/AppLovinAnalytics.ts.
16:15:56.844 debug: Resolve file:///F:/CocosProject/PLY_Roomtopia_Cocos/assets/7.Scripts/Tool/GameController.ts from cce:/internal/x/prerequisite-imports as file:///F:/CocosProject/PLY_Roomtopia_Cocos/assets/7.Scripts/Tool/GameController.ts.
16:15:56.845 debug: Resolve cce:/internal/code-quality/cr.mjs from file:///F:/CocosProject/PLY_Roomtopia_Cocos/assets/7.Scripts/MyScript/Utils/SnapEffect.ts as cce:/internal/code-quality/cr.mjs.
16:15:56.845 debug: Resolve cc from file:///F:/CocosProject/PLY_Roomtopia_Cocos/assets/7.Scripts/MyScript/Utils/SnapEffect.ts as cce:/internal/x/cc.
16:15:56.845 debug: Resolve cc from file:///F:/CocosProject/PLY_Roomtopia_Cocos/assets/7.Scripts/MyScript/Utils/SnapEffect.ts as cce:/internal/x/cc.
16:15:56.845 debug: Resolve cc from file:///F:/CocosProject/PLY_Roomtopia_Cocos/assets/7.Scripts/MyScript/Utils/SnapEffect.ts as cce:/internal/x/cc.
16:15:56.846 debug: Resolve ./WinReact from file:///F:/CocosProject/PLY_Roomtopia_Cocos/assets/7.Scripts/MyScript/Utils/SnapEffect.ts as file:///F:/CocosProject/PLY_Roomtopia_Cocos/assets/7.Scripts/MyScript/Utils/WinReact.ts.
16:15:56.846 debug: Resolve ../Manager/GameManager from file:///F:/CocosProject/PLY_Roomtopia_Cocos/assets/7.Scripts/MyScript/Utils/SnapEffect.ts as file:///F:/CocosProject/PLY_Roomtopia_Cocos/assets/7.Scripts/MyScript/Manager/GameManager.ts.
16:15:56.847 debug: Resolve ../Item/ItemGraphic from file:///F:/CocosProject/PLY_Roomtopia_Cocos/assets/7.Scripts/MyScript/Utils/SnapEffect.ts as file:///F:/CocosProject/PLY_Roomtopia_Cocos/assets/7.Scripts/MyScript/Item/ItemGraphic.ts.
16:15:56.847 debug: Resolve ../../Manager/UI from file:///F:/CocosProject/PLY_Roomtopia_Cocos/assets/7.Scripts/MyScript/Utils/SnapEffect.ts as file:///F:/CocosProject/PLY_Roomtopia_Cocos/assets/7.Scripts/Manager/UI.ts.
16:15:56.891 debug: Target(preview) ends with cost 188.36210000002757ms.
